1,1,-4,-4
2,2,-4,-4
3,3,-4,-4
4,4,-4,-4
5,5,-4,-4
6,6,-4,-4
7,7,-4,-4
8,8,-5,-5
9,9,-5,-5
10,10,-5,-5
11,11,-5,-5
12,12,-5,-5
13,13,-5,-5
14,14,-5,-5
15,15,-5,-5
16,16,-5,-5
17,17,-5,-5
18,18,-5,-5
19,19,-5,-5
20,20,-5,-5
21,21,-5,-5
22,22,-5,-5
23,23,-5,-5
24,24,-6,-6
25,25,-6,-6
26,26,-6,-6
27,27,-6,-6
28,28,-6,-6
29,29,-6,-6
30,30,-6,-6
31,31,-6,-6
32,32,-6,-6
33,33,-6,-6
34,34,-6,-6
35,35,-6,-6
36,36,-6,-6
37,37,-6,-6
38,38,-6,-6
39,39,-6,-6
40,40,-6,-6
41,41,-6,-6
42,42,-6,-6
43,43,-6,-6
44,44,-6,-6
45,45,-6,-6
46,46,-6,-6
47,47,-6,-6
48,48,-6,-6
49,49,-6,-6
50,50,-6,-6
51,51,-6,-6
52,52,-6,-6
53,53,-6,-6
54,54,-6,-6
55,55,-6,-6
56,56,-6,-6
57,57,-6,-6
58,58,-6,-6
59,59,-6,-6
60,60,-6,-6
61,61,-6,-6
62,62,-6,-6
63,63,-6,-6
64,64,-6,-6
65,65,-6,-6
66,66,-6,-6
67,67,-6,-6
68,68,-6,-6
69,69,-6,-6
70,70,-6,-6
71,71,-6,-6
72,72,-6,-6
73,73,-6,-6
74,74,-6,-6
75,75,-6,-6
76,76,-6,-6
77,77,-6,-6
78,78,-6,-6
79,79,-6,-6
80,80,-6,-6
81,81,-6,-6
82,82,-6,-6
83,83,-6,-6
84,84,-6,-6
85,85,-6,-6
86,86,-6,-6
87,87,-6,-6
88,88,-6,-6
89,89,-6,-6
90,90,-6,-6
91,91,-6,-6
92,92,-6,-6
93,93,-6,-6
94,94,-6,-6
95,95,-6,-6
96,96,-6,-6
97,97,-6,-6
98,98,-6,-6
99,99,-6,-6
100,100,-6,-6
101,101,-6,-6
102,102,-6,-6
103,103,-6,-6
104,104,-6,-6
105,105,-6,-6
106,106,-6,-6
107,107,-6,-6
108,108,-6,-6
109,109,-6,-6
110,110,-6,-6
111,111,-6,-6
112,112,-6,-6
113,113,-6,-6
114,114,-6,-6
115,115,-6,-6
116,116,-6,-6
117,117,-6,-6
118,118,-6,-6
119,119,-6,-6
120,120,-6,-6
121,121,-6,-6
122,122,-6,-6
123,123,-6,-6
124,124,-6,-6
125,125,-6,-6
126,126,-6,-6
127,127,-6,-6
128,128,-6,-6
129,129,-6,-6
130,130,-6,-6
131,131,-6,-6
132,132,-6,-6
133,133,-6,-6
134,134,-6,-6
135,135,-6,-6
136,136,-6,-6
137,137,-6,-6
138,138,-6,-6
139,139,-6,-6
140,140,-6,-6
141,141,-6,-6
142,142,-6,-6
143,143,-6,-6
144,144,-6,-6
145,145,-6,-6
146,146,-6,-6
147,147,-6,-6
148,148,-6,-6
149,149,-6,-6
150,150,-6,-6
151,151,-6,-6
152,152,-6,-6
153,153,-6,-6
154,154,-6,-6
155,155,-6,-6
156,156,-6,-6
157,157,-6,-6
158,158,-6,-6
159,159,-6,-6
160,160,-6,-6
161,161,-6,-6
162,162,-6,-6
163,163,-6,-6
164,164,-6,-6
165,165,-6,-6
166,166,-6,-6
167,167,-6,-6
168,168,-6,-6
169,169,-6,-6
170,170,-6,-6
171,171,-6,-6
172,172,-6,-6
173,173,-6,-6
174,174,-6,-6
175,175,-6,-6
176,176,-6,-6
177,177,-6,-6
178,178,-6,-6
179,179,-6,-6
180,180,-6,-6
181,181,-6,-6
182,182,-6,-6
183,183,-6,-6
184,184,-6,-6
185,185,-6,-6
186,186,-6,-6
187,187,-6,-6
188,188,-6,-6
189,189,-6,-6
190,190,-6,-6
191,191,-6,-6
192,192,-6,-6
193,193,-6,-6
194,194,-6,-6
195,195,-6,-6
196,196,-6,-6
197,197,-6,-6
198,198,-6,-6
199,199,-6,-6
200,200,-6,-6
201,201,-6,-6
202,202,-6,-6
203,203,-6,-6
204,204,-6,-6
205,205,-6,-6
206,206,-6,-6
207,207,-6,-6
208,208,-6,-6
209,209,-6,-6
210,210,-6,-6
211,211,-6,-6
212,212,-6,-6
213,213,-6,-6
214,214,-6,-6
215,215,-6,-6
216,216,-6,-6
217,217,-6,-6
218,218,-6,-6
219,219,-6,-6
220,220,-6,-6
221,221,-6,-6
222,222,-6,-6
223,223,-6,-6
224,224,-6,-6
225,225,-6,-6
226,226,-6,-6
227,227,-6,-6
228,228,-6,-6
229,229,-6,-6
230,230,-6,-6
231,231,-6,-6
232,232,-6,-6
233,233,-6,-6
234,234,-6,-6
235,235,-6,-6
236,236,-6,-6
237,237,-6,-6
238,238,-6,-6
239,239,-6,-6
240,240,-6,-6
241,241,-6,-6
242,242,-6,-6
243,243,-6,-6
244,244,-6,-6
245,245,-6,-6
246,246,-6,-6
247,247,-6,-6
248,248,-6,-6
249,249,-6,-6
250,250,-6,-6
251,251,-6,-6
252,252,-6,-6
253,253,-6,-6
254,254,-6,-6
255,255,-6,-6
256,256,-6,-6
257,257,-6,-6
258,258,-6,-6
259,259,-6,-6
260,260,-6,-6
261,261,-6,-6
262,262,-6,-6
263,263,-6,-6
264,264,-6,-6
265,265,-6,-6
266,266,-6,-6
267,267,-6,-6
268,268,-6,-6
269,269,-6,-6
270,270,-6,-6
271,271,-6,-6
272,272,-6,-6
273,273,-6,-6
274,274,-6,-6
275,275,-6,-6
276,276,-6,-6
277,277,-6,-6
278,278,-6,-6
279,279,-6,-6
280,280,-6,-6
281,281,-6,-6
282,282,-6,-6
283,283,-6,-6
284,284,-6,-6
285,285,-6,-6
286,286,-6,-6
287,287,-6,-6
288,288,-6,-6
289,289,-6,-6
290,290,-6,-6
291,291,-6,-6
292,292,-6,-6
293,293,-6,-6
294,294,-6,-6
295,295,-6,-6
296,296,-6,-6
297,297,-6,-6
298,298,-6,-6
299,299,-6,-6
300,300,-6,-6
301,301,-6,-6
302,302,-6,-6
303,303,-6,-6
304,304,-6,-6
305,305,-6,-6
306,306,-6,-6
307,307,-6,-6
308,308,-6,-6
309,309,-6,-6
310,310,-6,-6
311,311,-6,-6
312,312,-6,-6
313,313,-6,-6
314,314,-6,-6
315,315,-6,-6
316,316,-6,-6
317,317,-6,-6
318,318,-6,-6
319,319,-6,-6
320,320,-6,-6
321,321,-6,-6
322,322,-6,-6
323,323,-6,-6
324,324,-6,-6
325,325,-6,-6
326,326,-6,-6
327,327,-6,-6
328,328,-6,-6
329,329,-6,-6
330,330,-6,-6
331,331,-6,-6
332,332,-6,-6
333,333,-6,-6
334,334,-6,-6
335,335,-6,-6
336,336,-6,-6
337,337,-6,-6
338,338,-6,-6
339,339,-6,-6
340,340,-6,-6
341,341,-6,-6
342,342,-6,-6
343,343,-6,-6
344,344,-6,-6
345,345,-6,-6
346,346,-6,-6
347,347,-6,-6
348,348,-6,-6
349,349,-6,-6
350,350,-6,-6
351,351,-6,-6
352,352,-6,-6
353,353,-6,-6
354,354,-6,-6
355,355,-6,-6
356,356,-6,-6
357,357,-6,-6
358,358,-6,-6
359,359,-6,-6
360,360,-6,-6
361,361,-6,-6
362,362,-6,-6
363,363,-6,-6
364,364,-6,-6
365,365,-6,-6
366,366,-6,-6
367,367,-6,-6
368,368,-6,-6
369,369,-6,-6
370,370,-6,-6
371,371,-6,-6
372,372,-6,-6
373,373,-6,-6
374,374,-6,-6
375,375,-6,-6
376,376,-6,-6
377,377,-6,-6
378,378,-6,-6
379,379,-6,-6
380,380,-6,-6
381,381,-6,-6
382,382,-6,-6
383,383,-6,-6
384,384,-6,-6
385,385,-6,-6
386,386,-6,-6
387,387,-6,-6
388,388,-6,-6
389,389,-6,-6
390,390,-6,-6
391,391,-6,-6
392,392,-6,-6
393,393,-6,-6
394,394,-6,-6
395,395,-6,-6
396,396,-6,-6
397,397,-6,-6
398,398,-6,-6
399,399,-6,-6
400,400,-6,-6
401,401,-6,-6
402,402,-6,-6
403,403,-6,-6
404,404,-6,-6
405,405,-6,-6
406,406,-6,-6
407,407,-6,-6
408,408,-6,-6
409,409,-6,-6
410,410,-6,-6
411,411,-6,-6
412,412,-6,-6
413,413,-6,-6
414,414,-6,-6
415,415,-6,-6
416,416,-6,-6
417,417,-6,-6
418,418,-6,-6
419,419,-6,-6
420,420,-6,-6
421,421,-6,-6
422,422,-6,-6
423,423,-6,-6
424,424,-6,-6
425,425,-6,-6
426,426,-6,-6
427,427,-6,-6
428,428,-6,-6
429,429,-6,-6
430,430,-6,-6
431,431,-6,-6
432,432,-6,-6
433,433,-6,-6
434,434,-6,-6
435,435,-6,-6
436,436,-6,-6
437,437,-6,-6
438,438,-6,-6
439,439,-6,-6
440,440,-6,-6
441,441,-6,-6
442,442,-6,-6
443,443,-6,-6
444,444,-6,-6
445,445,-6,-6
446,446,-6,-6
447,447,-6,-6
448,448,-6,-6
449,449,-6,-6
450,450,-6,-6
451,451,-6,-6
452,452,-6,-6
453,453,-6,-6
454,454,-6,-6
455,455,-6,-6
456,456,-6,-6
457,457,-6,-6
458,458,-6,-6
459,459,-6,-6
460,460,-6,-6
461,461,-6,-6
462,462,-6,-6
463,463,-6,-6
464,464,-6,-6
465,465,-6,-6
466,466,-6,-6
467,467,-6,-6
468,468,-6,-6
469,469,-6,-6
470,470,-6,-6
471,471,-6,-6
472,472,-6,-6
473,473,-6,-6
474,474,-6,-6
475,475,-6,-6
476,476,-6,-6
477,477,-6,-6
478,478,-6,-6
479,479,-6,-6
480,480,-6,-6
481,481,-6,-6
482,482,-6,-6
483,483,-6,-6
484,484,-6,-6
485,485,-6,-6
486,486,-6,-6
487,487,-6,-6
488,488,-6,-6
489,489,-6,-6
490,490,-6,-6
491,491,-6,-6
492,492,-6,-6
493,493,-6,-6
494,494,-6,-6
495,495,-6,-6
496,496,-6,-6
497,497,-6,-6
498,498,-6,-6
499,499,-6,-6
500,500,-6,-6
501,501,-6,-6
502,502,-6,-6
503,503,-6,-6
504,504,-6,-6
505,505,-6,-6
506,506,-6,-6
507,507,-6,-6
508,508,-6,-6
509,509,-6,-6
510,510,-6,-6
511,511,-6,-6
512,512,-6,-6
513,513,-6,-6
514,514,-6,-6
515,515,-6,-6
516,516,-6,-6
517,517,-6,-6
518,518,-6,-6
519,519,-6,-6
520,520,-6,-6
521,521,-6,-6
522,522,-6,-6
523,523,-6,-6
524,524,-6,-6
525,525,-6,-6
526,526,-6,-6
527,527,-6,-6
528,528,-6,-6
529,529,-6,-6
530,530,-6,-6
531,531,-6,-6
532,532,-6,-6
533,533,-6,-6
534,534,-6,-6
535,535,-6,-6
536,536,-6,-6
537,537,-6,-6
538,538,-6,-6
539,539,-6,-6
540,540,-6,-6
541,541,-6,-6
542,542,-6,-6
543,543,-6,-6
544,544,-6,-6
545,545,-6,-6
546,546,-6,-6
547,547,-6,-6
548,548,-6,-6
549,549,-6,-6
550,550,-6,-6
551,551,-6,-6
552,552,-6,-6
553,553,-6,-6
554,554,-6,-6
555,555,-6,-6
556,556,-6,-6
557,557,-6,-6
558,558,-6,-6
559,559,-6,-6
560,560,-6,-6
561,561,-6,-6
562,562,-6,-6
563,563,-6,-6
564,564,-6,-6
565,565,-6,-6
566,566,-6,-6
567,567,-6,-6
568,568,-6,-6
569,569,-6,-6
570,570,-6,-6
571,571,-6,-6
572,572,-6,-6
573,573,-6,-6
574,574,-6,-6
575,575,-6,-6
576,576,-6,-6
577,577,-6,-6
578,578,-6,-6
579,579,-6,-6
580,580,-6,-6
581,581,-6,-6
582,582,-6,-6
583,583,-6,-6
584,584,-6,-6
585,585,-6,-6
586,586,-6,-6
587,587,-6,-6
588,588,-6,-6
589,589,-6,-6
590,590,-6,-6
591,591,-6,-6
592,592,-6,-6
593,593,-6,-6
594,594,-6,-6
595,595,-6,-6
596,596,-6,-6
597,597,-6,-6
598,598,-6,-6
599,599,-6,-6
600,600,-6,-6
601,601,-6,-6
602,602,-6,-6
603,603,-6,-6
604,604,-6,-6
605,605,-6,-6
606,606,-6,-6
607,607,-6,-6
608,608,-6,-6
609,609,-6,-6
610,610,-6,-6
611,611,-6,-6
612,612,-6,-6
613,613,-6,-6
614,614,-6,-6
615,615,-6,-6
616,616,-6,-6
617,617,-6,-6
618,618,-6,-6
619,619,-6,-6
620,620,-6,-6
621,621,-6,-6
622,622,-6,-6
623,623,-6,-6
624,624,-6,-6
625,625,-6,-6
626,626,-6,-6
627,627,-6,-6
628,628,-6,-6
629,629,-6,-6
630,630,-6,-6
631,631,-6,-6
632,632,-6,-6
633,633,-6,-6
634,634,-6,-6
635,635,-6,-6
636,636,-6,-6
637,637,-6,-6
638,638,-6,-6
639,639,-6,-6
640,640,-6,-6
641,641,-6,-6
642,642,-6,-6
643,643,-6,-6
644,644,-6,-6
645,645,-6,-6
646,646,-6,-6
647,647,-6,-6
648,648,-6,-6
649,649,-6,-6
650,650,-6,-6
651,651,-6,-6
652,652,-6,-6
653,653,-6,-6
654,654,-6,-6
655,655,-6,-6
656,656,-6,-6
657,657,-6,-6
658,658,-6,-6
659,659,-6,-6
660,660,-6,-6
661,661,-6,-6
662,662,-6,-6
663,663,-6,-6
664,664,-6,-6
665,665,-6,-6
666,666,-6,-6
667,667,-6,-6
668,668,-6,-6
669,669,-6,-6
670,670,-6,-6
671,671,-6,-6
672,672,-6,-6
673,673,-6,-6
674,674,-6,-6
675,675,-6,-6
676,676,-6,-6
677,677,-6,-6
678,678,-6,-6
679,679,-6,-6
680,680,-6,-6
681,681,-6,-6
682,682,-6,-6
683,683,-6,-6
684,684,-6,-6
685,685,-6,-6
686,686,-6,-6
687,687,-6,-6
688,688,-6,-6
689,689,-6,-6
690,690,-6,-6
691,691,-6,-6
692,692,-6,-6
693,693,-6,-6
694,694,-6,-6
695,695,-6,-6
696,696,-6,-6
697,697,-6,-6
698,698,-6,-6
699,699,-6,-6
700,700,-6,-6
701,701,-6,-6
702,702,-6,-6
703,703,-6,-6
704,704,-6,-6
705,705,-6,-6
706,706,-6,-6
707,707,-6,-6
708,708,-6,-6
709,709,-6,-6
710,710,-6,-6
711,711,-6,-6
712,712,-6,-6
713,713,-6,-6
714,714,-6,-6
715,715,-6,-6
716,716,-6,-6
717,717,-6,-6
718,718,-6,-6
719,719,-6,-6
720,720,-6,-6
721,721,-6,-6
722,722,-6,-6
723,723,-6,-6
724,724,-6,-6
725,725,-6,-6
726,726,-6,-6
727,727,-6,-6
728,728,-6,-6
729,729,-6,-6
730,730,-6,-6
731,731,-6,-6
732,732,-6,-6
733,733,-6,-6
734,734,-6,-6
735,735,-6,-6
736,736,-6,-6
737,737,-6,-6
738,738,-6,-6
739,739,-6,-6
740,740,-6,-6
741,741,-6,-6
742,742,-6,-6
743,743,-6,-6
744,744,-6,-6
745,745,-6,-6
746,746,-6,-6
747,747,-6,-6
748,748,-6,-6
749,749,-6,-6
750,750,-6,-6
751,751,-6,-6
752,752,-6,-6
753,753,-6,-6
754,754,-6,-6
755,755,-6,-6
756,756,-6,-6
757,757,-6,-6
758,758,-6,-6
759,759,-6,-6
760,760,-6,-6
761,761,-6,-6
762,762,-6,-6
763,763,-6,-6
764,764,-6,-6
765,765,-6,-6
766,766,-6,-6
767,767,-6,-6
768,768,-6,-6
769,769,-6,-6
770,770,-6,-6
771,771,-6,-6
772,772,-6,-6
773,773,-6,-6
774,774,-6,-6
775,775,-6,-6
776,776,-6,-6
777,777,-6,-6
778,778,-6,-6
779,779,-6,-6
780,780,-6,-6
781,781,-6,-6
782,782,-6,-6
783,783,-6,-6
784,784,-6,-6
785,785,-6,-6
786,786,-6,-6
787,787,-6,-6
788,788,-6,-6
789,789,-6,-6
790,790,-6,-6
791,791,-6,-6
792,792,-6,-6
793,793,-6,-6
794,794,-6,-6
795,795,-6,-6
796,796,-6,-6
797,797,-6,-6
798,798,-6,-6
799,799,-6,-6
800,800,-6,-6
801,801,-6,-6
802,802,-6,-6
803,803,-6,-6
804,804,-6,-6
805,805,-6,-6
806,806,-6,-6
807,807,-6,-6
808,808,-6,-6
809,809,-6,-6
810,810,-6,-6
811,811,-6,-6
812,812,-6,-6
813,813,-6,-6
814,814,-6,-6
815,815,-6,-6
816,816,-6,-6
817,817,-6,-6
818,818,-6,-6
819,819,-6,-6
820,820,-6,-6
821,821,-6,-6
822,822,-6,-6
823,823,-6,-6
824,824,-6,-6
825,825,-6,-6
826,826,-6,-6
827,827,-6,-6
828,828,-6,-6
829,829,-6,-6
830,830,-6,-6
831,831,-6,-6
832,832,-6,-6
833,833,-6,-6
834,834,-6,-6
835,835,-6,-6
836,836,-6,-6
837,837,-6,-6
838,838,-6,-6
839,839,-6,-6
840,840,-6,-6
841,841,-6,-6
842,842,-6,-6
843,843,-6,-6
844,844,-6,-6
845,845,-6,-6
846,846,-6,-6
847,847,-6,-6
848,848,-6,-6
849,849,-6,-6
850,850,-6,-6
851,851,-6,-6
852,852,-6,-6
853,853,-6,-6
854,854,-6,-6
855,855,-6,-6
856,856,-6,-6
857,857,-6,-6
858,858,-6,-6
859,859,-6,-6
860,860,-6,-6
861,861,-6,-6
862,862,-6,-6
863,863,-6,-6
864,864,-6,-6
865,865,-6,-6
866,866,-6,-6
867,867,-6,-6
868,868,-6,-6
869,869,-6,-6
870,870,-6,-6
871,871,-6,-6
872,872,-6,-6
873,873,-6,-6
874,874,-6,-6
875,875,-6,-6
876,876,-6,-6
877,877,-6,-6
878,878,-6,-6
879,879,-6,-6
880,880,-6,-6
881,881,-6,-6
882,882,-6,-6
883,883,-6,-6
884,884,-6,-6
885,885,-6,-6
886,886,-6,-6
887,887,-6,-6
888,888,-6,-6
889,889,-6,-6
890,890,-6,-6
891,891,-6,-6
892,892,-6,-6
893,893,-6,-6
894,894,-6,-6
895,895,-6,-6
896,896,-6,-6
897,897,-6,-6
898,898,-6,-6
899,899,-6,-6
900,900,-6,-6
901,901,-6,-6
902,902,-6,-6
903,903,-6,-6
904,904,-6,-6
905,905,-6,-6
906,906,-6,-6
907,907,-6,-6
908,908,-6,-6
909,909,-6,-6
910,910,-6,-6
911,911,-6,-6
912,912,-6,-6
913,913,-6,-6
914,914,-6,-6
915,915,-6,-6
916,916,-6,-6
917,917,-6,-6
918,918,-6,-6
919,919,-6,-6
920,920,-6,-6
921,921,-6,-6
922,922,-6,-6
923,923,-6,-6
924,924,-6,-6
925,925,-6,-6
926,926,-6,-6
927,927,-6,-6
928,928,-6,-6
929,929,-6,-6
930,930,-6,-6
931,931,-6,-6
932,932,-6,-6
933,933,-6,-6
934,934,-6,-6
935,935,-6,-6
936,936,-6,-6
937,937,-6,-6
938,938,-6,-6
939,939,-6,-6
940,940,-6,-6
941,941,-6,-6
942,942,-6,-6
943,943,-6,-6
944,944,-6,-6
945,945,-6,-6
946,946,-6,-6
947,947,-6,-6
948,948,-6,-6
949,949,-6,-6
950,950,-6,-6
951,951,-6,-6
952,952,-6,-6
953,953,-6,-6
954,954,-6,-6
955,955,-6,-6
956,956,-6,-6
957,957,-6,-6
958,958,-6,-6
959,959,-6,-6
960,960,-6,-6
961,961,-6,-6
962,962,-6,-6
963,963,-6,-6
964,964,-6,-6
965,965,-6,-6
966,966,-6,-6
967,967,-6,-6
968,968,-6,-6
969,969,-6,-6
970,970,-6,-6
971,971,-6,-6
972,972,-6,-6
973,973,-6,-6
974,974,-6,-6
975,975,-6,-6
976,976,-6,-6
977,977,-6,-6
978,978,-6,-6
979,979,-6,-6
980,980,-6,-6
981,981,-6,-6
982,982,-6,-6
983,983,-6,-6
984,984,-6,-6
985,985,-6,-6
986,986,-6,-6
987,987,-6,-6
988,988,-6,-6
989,989,-6,-6
990,990,-6,-6
991,991,-6,-6
992,992,-6,-6
993,993,-6,-6
994,994,-6,-6
995,995,-6,-6
996,996,-6,-6
997,997,-6,-6
998,998,-6,-6
999,999,-6,-6
1000,1000,-6,-6
1001,1001,-6,-6
1002,1002,-6,-6
1003,1003,-6,-6
1004,1004,-6,-6
1005,1005,-6,-6
1006,1006,-6,-6
1007,1007,-6,-6
1008,1008,-6,-6
1009,1009,-6,-6
1010,1010,-6,-6
1011,1011,-6,-6
1012,1012,-6,-6
1013,1013,-6,-6
1014,1014,-6,-6
1015,1015,-6,-6
1016,1016,-6,-6
1017,1017,-6,-6
1018,1018,-6,-6
1019,1019,-6,-6
1020,1020,-6,-6
1021,1021,-6,-6
1022,1022,-6,-6
1023,1023,-6,-6
1024,1024,-6,-6
1025,1025,-6,-6
1026,1026,-6,-6
1027,1027,-6,-6
1028,1028,-6,-6
1029,1029,-6,-6
1030,1030,-6,-6
1031,1031,-6,-6
1032,1032,-6,-6
1033,1033,-6,-6
1034,1034,-6,-6
1035,1035,-6,-6
1036,1036,-6,-6
1037,1037,-6,-6
1038,1038,-6,-6
1039,1039,-6,-6
1040,1040,-6,-6
1041,1041,-6,-6
1042,1042,-6,-6
1043,1043,-6,-6
1044,1044,-6,-6
1045,1045,-6,-6
1046,1046,-6,-6
1047,1047,-6,-6
1048,1048,-6,-6
1049,1049,-6,-6
1050,1050,-6,-6
1051,1051,-6,-6
1052,1052,-6,-6
1053,1053,-6,-6
1054,1054,-6,-6
1055,1055,-6,-6
1056,1056,-6,-6
1057,1057,-6,-6
1058,1058,-6,-6
1059,1059,-6,-6
1060,1060,-6,-6
1061,1061,-6,-6
1062,1062,-6,-6
1063,1063,-6,-6
1064,1064,-6,-6
1065,1065,-6,-6
1066,1066,-6,-6
1067,1067,-6,-6
1068,1068,-6,-6
1069,1069,-6,-6
1070,1070,-6,-6
1071,1071,-6,-6
1072,1072,-6,-6
1073,1073,-6,-6
1074,1074,-6,-6
1075,1075,-6,-6
1076,1076,-6,-6
1077,1077,-6,-6
1078,1078,-6,-6
1079,1079,-6,-6
1080,1080,-6,-6
1081,1081,-6,-6
1082,1082,-6,-6
1083,1083,-6,-6
1084,1084,-6,-6
1085,1085,-6,-6
1086,1086,-6,-6
1087,1087,-6,-6
1088,1088,-6,-6
1089,1089,-6,-6
1090,1090,-6,-6
1091,1091,-6,-6
1092,1092,-6,-6
1093,1093,-6,-6
1094,1094,-6,-6
1095,1095,-6,-6
1096,1096,-6,-6
1097,1097,-6,-6
1098,1098,-6,-6
1099,1099,-6,-6
1100,1100,-6,-6
1101,1101,-6,-6
1102,1102,-6,-6
1103,1103,-6,-6
1104,1104,-6,-6
1105,1105,-6,-6
1106,1106,-6,-6
1107,1107,-6,-6
1108,1108,-6,-6
1109,1109,-6,-6
1110,1110,-6,-6
1111,1111,-6,-6
1112,1112,-6,-6
1113,1113,-6,-6
1114,1114,-6,-6
1115,1115,-6,-6
1116,1116,-6,-6
1117,1117,-6,-6
1118,1118,-6,-6
1119,1119,-6,-6
1120,1120,-6,-6
1121,1121,-6,-6
1122,1122,-6,-6
1123,1123,-6,-6
1124,1124,-6,-6
1125,1125,-6,-6
1126,1126,-6,-6
1127,1127,-6,-6
1128,1128,-6,-6
1129,1129,-6,-6
1130,1130,-6,-6
1131,1131,-6,-6
1132,1132,-6,-6
1133,1133,-6,-6
1134,1134,-6,-6
1135,1135,-6,-6
1136,1136,-6,-6
1137,1137,-6,-6
1138,1138,-6,-6
1139,1139,-6,-6
1140,1140,-6,-6
1141,1141,-6,-6
1142,1142,-6,-6
1143,1143,-6,-6
1144,1144,-6,-6
1145,1145,-6,-6
1146,1146,-6,-6
1147,1147,-6,-6
1148,1148,-6,-6
1149,1149,-6,-6
1150,1150,-6,-6
1151,1151,-6,-6
1152,1152,-6,-6
1153,1153,-6,-6
1154,1154,-6,-6
1155,1155,-6,-6
1156,1156,-6,-6
1157,1157,-6,-6
1158,1158,-6,-6
1159,1159,-6,-6
1160,1160,-6,-6
1161,1161,-6,-6
1162,1162,-6,-6
1163,1163,-6,-6
1164,1164,-6,-6
1165,1165,-6,-6
1166,1166,-6,-6
1167,1167,-6,-6
1168,1168,-6,-6
1169,1169,-6,-6
1170,1170,-6,-6
1171,1171,-6,-6
1172,1172,-6,-6
1173,1173,-6,-6
1174,1174,-6,-6
1175,1175,-6,-6
1176,1176,-6,-6
1177,1177,-6,-6
1178,1178,-6,-6
1179,1179,-6,-6
1180,1180,-6,-6
1181,1181,-6,-6
1182,1182,-6,-6
1183,1183,-6,-6
1184,1184,-6,-6
1185,1185,-6,-6
1186,1186,-6,-6
1187,1187,-6,-6
1188,1188,-6,-6
1189,1189,-6,-6
1190,1190,-6,-6
1191,1191,-6,-6
1192,1192,-6,-6
1193,1193,-6,-6
1194,1194,-6,-6
1195,1195,-6,-6
1196,1196,-6,-6
1197,1197,-6,-6
1198,1198,-6,-6
1199,1199,-6,-6
1200,1200,-6,-6
1201,1201,-6,-6
1202,1202,-6,-6
1203,1203,-6,-6
1204,1204,-6,-6
1205,1205,-6,-6
1206,1206,-6,-6
1207,1207,-6,-6
1208,1208,-6,-6
1209,1209,-6,-6
1210,1210,-6,-6
1211,1211,-6,-6
1212,1212,-6,-6
1213,1213,-6,-6
1214,1214,-6,-6
1215,1215,-6,-6
1216,1216,-6,-6
1217,1217,-6,-6
1218,1218,-6,-6
1219,1219,-6,-6
1220,1220,-6,-6
1221,1221,-6,-6
1222,1222,-6,-6
1223,1223,-6,-6
1224,1224,-6,-6
1225,1225,-6,-6
1226,1226,-6,-6
1227,1227,-6,-6
1228,1228,-6,-6
1229,1229,-6,-6
1230,1230,-6,-6
1231,1231,-6,-6
1232,1232,-6,-6
1233,1233,-6,-6
1234,1234,-6,-6
1235,1235,-6,-6
1236,1236,-6,-6
1237,1237,-6,-6
1238,1238,-6,-6
1239,1239,-6,-6
1240,1240,-6,-6
1241,1241,-6,-6
1242,1242,-6,-6
1243,1243,-6,-6
1244,1244,-6,-6
1245,1245,-6,-6
1246,1246,-6,-6
1247,1247,-6,-6
1248,1248,-6,-6
1249,1249,-6,-6
1250,1250,-6,-6
1251,1251,-6,-6
1252,1252,-6,-6
1253,1253,-6,-6
1254,1254,-6,-6
1255,1255,-6,-6
1256,1256,-6,-6
1257,1257,-6,-6
1258,1258,-6,-6
1259,1259,-6,-6
1260,1260,-6,-6
1261,1261,-6,-6
1262,1262,-6,-6
1263,1263,-6,-6
1264,1264,-6,-6
1265,1265,-6,-6
1266,1266,-6,-6
1267,1267,-6,-6
1268,1268,-6,-6
1269,1269,-6,-6
1270,1270,-6,-6
1271,1271,-6,-6
1272,1272,-6,-6
1273,1273,-6,-6
1274,1274,-6,-6
1275,1275,-6,-6
1276,1276,-6,-6
1277,1277,-6,-6
1278,1278,-6,-6
1279,1279,-6,-6
1280,1280,-6,-6
1281,1281,-6,-6
1282,1282,-6,-6
1283,1283,-6,-6
1284,1284,-6,-6
1285,1285,-6,-6
1286,1286,-6,-6
1287,1287,-6,-6
1288,1288,-6,-6
1289,1289,-6,-6
1290,1290,-6,-6
1291,1291,-6,-6
1292,1292,-6,-6
1293,1293,-6,-6
1294,1294,-6,-6
1295,1295,-6,-6
1296,1296,-6,-6
1297,1297,-6,-6
1298,1298,-6,-6
1299,1299,-6,-6
1300,1300,-6,-6
1301,1301,-6,-6
1302,1302,-6,-6
1303,1303,-6,-6
1304,1304,-6,-6
1305,1305,-6,-6
1306,1306,-6,-6
1307,1307,-6,-6
1308,1308,-6,-6
1309,1309,-6,-6
1310,1310,-6,-6
1311,1311,-6,-6
1312,1312,-6,-6
1313,1313,-6,-6
1314,1314,-6,-6
1315,1315,-6,-6
1316,1316,-6,-6
1317,1317,-6,-6
1318,1318,-6,-6
1319,1319,-6,-6
1320,1320,-6,-6
1321,1321,-6,-6
1322,1322,-6,-6
1323,1323,-6,-6
1324,1324,-6,-6
1325,1325,-6,-6
1326,1326,-6,-6
1327,1327,-6,-6
1328,1328,-6,-6
1329,1329,-6,-6
1330,1330,-6,-6
1331,1331,-6,-6
1332,1332,-6,-6
1333,1333,-6,-6
1334,1334,-6,-6
1335,1335,-6,-6
1336,1336,-6,-6
1337,1337,-6,-6
1338,1338,-6,-6
1339,1339,-6,-6
1340,1340,-6,-6
1341,1341,-6,-6
1342,1342,-6,-6
1343,1343,-6,-6
1344,1344,-6,-6
1345,1345,-6,-6
1346,1346,-6,-6
1347,1347,-6,-6
1348,1348,-6,-6
1349,1349,-6,-6
1350,1350,-6,-6
1351,1351,-6,-6
1352,1352,-6,-6
1353,1353,-6,-6
1354,1354,-6,-6
1355,1355,-6,-6
1356,1356,-6,-6
1357,1357,-6,-6
1358,1358,-6,-6
1359,1359,-6,-6
1360,1360,-6,-6
1361,1361,-6,-6
1362,1362,-6,-6
1363,1363,-6,-6
1364,1364,-6,-6
1365,1365,-6,-6
1366,1366,-6,-6
1367,1367,-6,-6
1368,1368,-6,-6
1369,1369,-6,-6
1370,1370,-6,-6
1371,1371,-6,-6
1372,1372,-6,-6
1373,1373,-6,-6
1374,1374,-6,-6
1375,1375,-6,-6
1376,1376,-6,-6
1377,1377,-6,-6
1378,1378,-6,-6
1379,1379,-6,-6
1380,1380,-6,-6
1381,1381,-6,-6
1382,1382,-6,-6
1383,1383,-6,-6
1384,1384,-6,-6
1385,1385,-6,-6
1386,1386,-6,-6
1387,1387,-6,-6
1388,1388,-6,-6
1389,1389,-6,-6
1390,1390,-6,-6
1391,1391,-6,-6
1392,1392,-6,-6
1393,1393,-6,-6
1394,1394,-6,-6
1395,1395,-6,-6
1396,1396,-6,-6
1397,1397,-6,-6
1398,1398,-6,-6
1399,1399,-6,-6
1400,1400,-6,-6
1401,1401,-6,-6
1402,1402,-6,-6
1403,1403,-6,-6
1404,1404,-6,-6
1405,1405,-6,-6
1406,1406,-6,-6
1407,1407,-6,-6
1408,1408,-6,-6
1409,1409,-6,-6
1410,1410,-6,-6
1411,1411,-6,-6
1412,1412,-6,-6
1413,1413,-6,-6
1414,1414,-6,-6
1415,1415,-6,-6
1416,1416,-6,-6
1417,1417,-6,-6
1418,1418,-6,-6
1419,1419,-6,-6
1420,1420,-6,-6
1421,1421,-6,-6
1422,1422,-6,-6
1423,1423,-6,-6
1424,1424,-6,-6
1425,1425,-6,-6
1426,1426,-6,-6
1427,1427,-6,-6
1428,1428,-6,-6
1429,1429,-6,-6
1430,1430,-6,-6
1431,1431,-6,-6
1432,1432,-6,-6
1433,1433,-6,-6
1434,1434,-6,-6
1435,1435,-6,-6
1436,1436,-6,-6
1437,1437,-6,-6
1438,1438,-6,-6
1439,1439,-6,-6
1440,1440,-6,-6
1441,1441,-6,-6
1442,1442,-6,-6
1443,1443,-6,-6
1444,1444,-6,-6
1445,1445,-6,-6
1446,1446,-6,-6
1447,1447,-6,-6
1448,1448,-6,-6
1449,1449,-6,-6
1450,1450,-6,-6
1451,1451,-6,-6
1452,1452,-6,-6
1453,1453,-6,-6
1454,1454,-6,-6
1455,1455,-6,-6
1456,1456,-6,-6
1457,1457,-6,-6
1458,1458,-6,-6
1459,1459,-6,-6
1460,1460,-6,-6
1461,1461,-6,-6
1462,1462,-6,-6
1463,1463,-6,-6
1464,1464,-6,-6
1465,1465,-6,-6
1466,1466,-6,-6
1467,1467,-6,-6
1468,1468,-6,-6
1469,1469,-6,-6
1470,1470,-6,-6
1471,1471,-6,-6
1472,1472,-6,-6
1473,1473,-6,-6
1474,1474,-6,-6
1475,1475,-6,-6
1476,1476,-6,-6
1477,1477,-6,-6
1478,1478,-6,-6
1479,1479,-6,-6
1480,1480,-6,-6
1481,1481,-6,-6
1482,1482,-6,-6
1483,1483,-6,-6
1484,1484,-6,-6
1485,1485,-6,-6
1486,1486,-6,-6
1487,1487,-6,-6
1488,1488,-6,-6
1489,1489,-6,-6
1490,1490,-6,-6
1491,1491,-6,-6
1492,1492,-6,-6
1493,1493,-6,-6
1494,1494,-6,-6
1495,1495,-6,-6
1496,1496,-6,-6
1497,1497,-6,-6
1498,1498,-6,-6
1499,1499,-6,-6
1500,1500,-6,-6
1501,1501,-6,-6
1502,1502,-6,-6
1503,1503,-6,-6
1504,1504,-6,-6
1505,1505,-6,-6
1506,1506,-6,-6
1507,1507,-6,-6
1508,1508,-6,-6
1509,1509,-6,-6
1510,1510,-6,-6
1511,1511,-6,-6
1512,1512,-6,-6
1513,1513,-6,-6
1514,1514,-6,-6
1515,1515,-6,-6
1516,1516,-6,-6
1517,1517,-6,-6
1518,1518,-6,-6
1519,1519,-6,-6
1520,1520,-6,-6
1521,1521,-6,-6
1522,1522,-6,-6
1523,1523,-6,-6
1524,1524,-6,-6
1525,1525,-6,-6
1526,1526,-6,-6
1527,1527,-6,-6
1528,1528,-6,-6
1529,1529,-6,-6
1530,1530,-6,-6
1531,1531,-6,-6
1532,1532,-6,-6
1533,1533,-6,-6
1534,1534,-6,-6
1535,1535,-6,-6
1536,1536,-6,-6
1537,1537,-6,-6
1538,1538,-6,-6
1539,1539,-6,-6
1540,1540,-6,-6
1541,1541,-6,-6
1542,1542,-6,-6
1543,1543,-6,-6
1544,1544,-6,-6
1545,1545,-6,-6
1546,1546,-6,-6
1547,1547,-6,-6
1548,1548,-6,-6
1549,1549,-6,-6
1550,1550,-6,-6
1551,1551,-6,-6
1552,1552,-6,-6
1553,1553,-6,-6
1554,1554,-6,-6
1555,1555,-6,-6
1556,1556,-6,-6
1557,1557,-6,-6
1558,1558,-6,-6
1559,1559,-6,-6
1560,1560,-6,-6
1561,1561,-6,-6
1562,1562,-6,-6
1563,1563,-6,-6
1564,1564,-6,-6
1565,1565,-6,-6
1566,1566,-6,-6
1567,1567,-6,-6
1568,1568,-6,-6
1569,1569,-6,-6
1570,1570,-6,-6
1571,1571,-6,-6
1572,1572,-6,-6
1573,1573,-6,-6
1574,1574,-6,-6
1575,1575,-6,-6
1576,1576,-6,-6
1577,1577,-6,-6
1578,1578,-6,-6
1579,1579,-6,-6
1580,1580,-6,-6
1581,1581,-6,-6
1582,1582,-6,-6
1583,1583,-6,-6
1584,1584,-6,-6
1585,1585,-6,-6
1586,1586,-6,-6
1587,1587,-6,-6
1588,1588,-6,-6
1589,1589,-6,-6
1590,1590,-6,-6
1591,1591,-6,-6
1592,1592,-6,-6
1593,1593,-6,-6
1594,1594,-6,-6
1595,1595,-6,-6
1596,1596,-6,-6
1597,1597,-6,-6
1598,1598,-6,-6
1599,1599,-6,-6
1600,1600,-6,-6
1601,1601,-6,-6
1602,1602,-6,-6
1603,1603,-6,-6
1604,1604,-6,-6
1605,1605,-6,-6
1606,1606,-6,-6
1607,1607,-6,-6
1608,1608,-6,-6
1609,1609,-6,-6
1610,1610,-6,-6
1611,1611,-6,-6
1612,1612,-6,-6
1613,1613,-6,-6
1614,1614,-6,-6
1615,1615,-6,-6
1616,1616,-6,-6
1617,1617,-6,-6
1618,1618,-6,-6
1619,1619,-6,-6
1620,1620,-6,-6
1621,1621,-6,-6
1622,1622,-6,-6
1623,1623,-6,-6
1624,1624,-6,-6
1625,1625,-6,-6
1626,1626,-6,-6
1627,1627,-6,-6
1628,1628,-6,-6
1629,1629,-6,-6
1630,1630,-6,-6
1631,1631,-6,-6
1632,1632,-6,-6
1633,1633,-6,-6
1634,1634,-6,-6
1635,1635,-6,-6
1636,1636,-6,-6
1637,1637,-6,-6
1638,1638,-6,-6
1639,1639,-6,-6
1640,1640,-6,-6
1641,1641,-6,-6
1642,1642,-6,-6
1643,1643,-6,-6
1644,1644,-6,-6
1645,1645,-6,-6
1646,1646,-6,-6
1647,1647,-6,-6
1648,1648,-6,-6
1649,1649,-6,-6
1650,1650,-6,-6
1651,1651,-6,-6
1652,1652,-6,-6
1653,1653,-6,-6
1654,1654,-6,-6
1655,1655,-6,-6
1656,1656,-6,-6
1657,1657,-6,-6
1658,1658,-6,-6
1659,1659,-6,-6
1660,1660,-6,-6
1661,1661,-6,-6
1662,1662,-6,-6
1663,1663,-6,-6
1664,1664,-6,-6
1665,1665,-6,-6
1666,1666,-6,-6
1667,1667,-6,-6
1668,1668,-6,-6
1669,1669,-6,-6
1670,1670,-6,-6
1671,1671,-6,-6
1672,1672,-6,-6
1673,1673,-6,-6
1674,1674,-6,-6
1675,1675,-6,-6
1676,1676,-6,-6
1677,1677,-6,-6
1678,1678,-6,-6
1679,1679,-6,-6
1680,1680,-6,-6
1681,1681,-6,-6
1682,1682,-6,-6
1683,1683,-6,-6
1684,1684,-6,-6
1685,1685,-6,-6
1686,1686,-6,-6
1687,1687,-6,-6
1688,1688,-6,-6
1689,1689,-6,-6
1690,1690,-6,-6
1691,1691,-6,-6
1692,1692,-6,-6
1693,1693,-6,-6
1694,1694,-6,-6
1695,1695,-6,-6
1696,1696,-6,-6
1697,1697,-6,-6
1698,1698,-6,-6
1699,1699,-6,-6
1700,1700,-6,-6
1701,1701,-6,-6
1702,1702,-6,-6
1703,1703,-6,-6
1704,1704,-6,-6
1705,1705,-6,-6
1706,1706,-6,-6
1707,1707,-6,-6
1708,1708,-6,-6
1709,1709,-6,-6
1710,1710,-6,-6
1711,1711,-6,-6
1712,1712,-6,-6
1713,1713,-6,-6
1714,1714,-6,-6
1715,1715,-6,-6
1716,1716,-6,-6
1717,1717,-6,-6
1718,1718,-6,-6
1719,1719,-6,-6
1720,1720,-6,-6
1721,1721,-6,-6
1722,1722,-6,-6
1723,1723,-6,-6
1724,1724,-6,-6
1725,1725,-6,-6
1726,1726,-6,-6
1727,1727,-6,-6
1728,1728,-6,-6
1729,1729,-6,-6
1730,1730,-6,-6
1731,1731,-6,-6
1732,1732,-6,-6
1733,1733,-6,-6
1734,1734,-6,-6
1735,1735,-6,-6
1736,1736,-6,-6
1737,1737,-6,-6
1738,1738,-6,-6
1739,1739,-6,-6
1740,1740,-6,-6
1741,1741,-6,-6
1742,1742,-6,-6
1743,1743,-6,-6
1744,1744,-6,-6
1745,1745,-6,-6
1746,1746,-6,-6
1747,1747,-6,-6
1748,1748,-6,-6
1749,1749,-6,-6
1750,1750,-6,-6
1751,1751,-6,-6
1752,1752,-6,-6
1753,1753,-6,-6
1754,1754,-6,-6
1755,1755,-6,-6
1756,1756,-6,-6
1757,1757,-6,-6
1758,1758,-6,-6
1759,1759,-6,-6
1760,1760,-6,-6
1761,1761,-6,-6
1762,1762,-6,-6
1763,1763,-6,-6
1764,1764,-6,-6
1765,1765,-6,-6
1766,1766,-6,-6
1767,1767,-6,-6
1768,1768,-6,-6
1769,1769,-6,-6
1770,1770,-6,-6
1771,1771,-6,-6
1772,1772,-6,-6
1773,1773,-6,-6
1774,1774,-6,-6
1775,1775,-6,-6
1776,1776,-6,-6
1777,1777,-6,-6
1778,1778,-6,-6
1779,1779,-6,-6
1780,1780,-6,-6
1781,1781,-6,-6
1782,1782,-6,-6
1783,1783,-6,-6
1784,1784,-6,-6
1785,1785,-6,-6
1786,1786,-6,-6
1787,1787,-6,-6
1788,1788,-6,-6
1789,1789,-6,-6
1790,1790,-6,-6
1791,1791,-6,-6
1792,1792,-6,-6
1793,1793,-6,-6
1794,1794,-6,-6
1795,1795,-6,-6
1796,1796,-6,-6
1797,1797,-6,-6
1798,1798,-6,-6
1799,1799,-6,-6
1800,1800,-6,-6
1801,1801,-6,-6
1802,1802,-6,-6
1803,1803,-6,-6
1804,1804,-6,-6
1805,1805,-6,-6
1806,1806,-6,-6
1807,1807,-6,-6
1808,1808,-6,-6
1809,1809,-6,-6
1810,1810,-6,-6
1811,1811,-6,-6
1812,1812,-6,-6
1813,1813,-6,-6
1814,1814,-6,-6
1815,1815,-6,-6
1816,1816,-6,-6
1817,1817,-6,-6
1818,1818,-6,-6
1819,1819,-6,-6
1820,1820,-6,-6
1821,1821,-6,-6
1822,1822,-6,-6
1823,1823,-6,-6
1824,1824,-6,-6
1825,1825,-6,-6
1826,1826,-6,-6
1827,1827,-6,-6
1828,1828,-6,-6
1829,1829,-6,-6
1830,1830,-6,-6
1831,1831,-6,-6
1832,1832,-6,-6
1833,1833,-6,-6
1834,1834,-6,-6
1835,1835,-6,-6
1836,1836,-6,-6
1837,1837,-6,-6
1838,1838,-6,-6
1839,1839,-6,-6
1840,1840,-6,-6
1841,1841,-6,-6
1842,1842,-6,-6
1843,1843,-6,-6
1844,1844,-6,-6
1845,1845,-6,-6
1846,1846,-6,-6
1847,1847,-6,-6
1848,1848,-6,-6
1849,1849,-6,-6
1850,1850,-6,-6
1851,1851,-6,-6
1852,1852,-6,-6
1853,1853,-6,-6
1854,1854,-6,-6
1855,1855,-6,-6
1856,1856,-6,-6
1857,1857,-6,-6
1858,1858,-6,-6
1859,1859,-6,-6
1860,1860,-6,-6
1861,1861,-6,-6
1862,1862,-6,-6
1863,1863,-6,-6
1864,1864,-6,-6
1865,1865,-6,-6
1866,1866,-6,-6
1867,1867,-6,-6
1868,1868,-6,-6
1869,1869,-6,-6
1870,1870,-6,-6
1871,1871,-6,-6
1872,1872,-6,-6
1873,1873,-6,-6
1874,1874,-6,-6
1875,1875,-6,-6
1876,1876,-6,-6
1877,1877,-6,-6
1878,1878,-6,-6
1879,1879,-6,-6
1880,1880,-6,-6
1881,1881,-6,-6
1882,1882,-6,-6
1883,1883,-6,-6
1884,1884,-6,-6
1885,1885,-6,-6
1886,1886,-6,-6
1887,1887,-6,-6
1888,1888,-6,-6
1889,1889,-6,-6
1890,1890,-6,-6
1891,1891,-6,-6
1892,1892,-6,-6
1893,1893,-6,-6
1894,1894,-6,-6
1895,1895,-6,-6
1896,1896,-6,-6
1897,1897,-6,-6
1898,1898,-6,-6
1899,1899,-6,-6
1900,1900,-6,-6
1901,1901,-6,-6
1902,1902,-6,-6
1903,1903,-6,-6
1904,1904,-6,-6
1905,1905,-6,-6
1906,1906,-6,-6
1907,1907,-6,-6
1908,1908,-6,-6
1909,1909,-6,-6
1910,1910,-6,-6
1911,1911,-6,-6
1912,1912,-6,-6
1913,1913,-6,-6
1914,1914,-6,-6
1915,1915,-6,-6
1916,1916,-6,-6
1917,1917,-6,-6
1918,1918,-6,-6
1919,1919,-6,-6
1920,1920,-6,-6
1921,1921,-6,-6
1922,1922,-6,-6
1923,1923,-6,-6
1924,1924,-6,-6
1925,1925,-6,-6
1926,1926,-6,-6
1927,1927,-6,-6
1928,1928,-6,-6
1929,1929,-6,-6
1930,1930,-6,-6
1931,1931,-6,-6
1932,1932,-6,-6
1933,1933,-6,-6
1934,1934,-6,-6
1935,1935,-6,-6
1936,1936,-6,-6
1937,1937,-6,-6
1938,1938,-6,-6
1939,1939,-6,-6
1940,1940,-6,-6
1941,1941,-6,-6
1942,1942,-6,-6
1943,1943,-6,-6
1944,1944,-6,-6
1945,1945,-6,-6
1946,1946,-6,-6
1947,1947,-6,-6
1948,1948,-6,-6
1949,1949,-6,-6
1950,1950,-6,-6
1951,1951,-6,-6
1952,1952,-6,-6
1953,1953,-6,-6
1954,1954,-6,-6
1955,1955,-6,-6
1956,1956,-6,-6
1957,1957,-6,-6
1958,1958,-6,-6
1959,1959,-6,-6
1960,1960,-6,-6
1961,1961,-6,-6
1962,1962,-6,-6
1963,1963,-6,-6
1964,1964,-6,-6
1965,1965,-6,-6
1966,1966,-6,-6
1967,1967,-6,-6
1968,1968,-6,-6
1969,1969,-6,-6
1970,1970,-6,-6
1971,1971,-6,-6
1972,1972,-6,-6
1973,1973,-6,-6
1974,1974,-6,-6
1975,1975,-6,-6
1976,1976,-6,-6
1977,1977,-6,-6
1978,1978,-6,-6
1979,1979,-6,-6
1980,1980,-6,-6
1981,1981,-6,-6
1982,1982,-6,-6
1983,1983,-6,-6
1984,1984,-6,-6
1985,1985,-6,-6
1986,1986,-6,-6
1987,1987,-6,-6
1988,1988,-6,-6
1989,1989,-6,-6
1990,1990,-6,-6
1991,1991,-6,-6
1992,1992,-6,-6
1993,1993,-6,-6
1994,1994,-6,-6
1995,1995,-6,-6
1996,1996,-6,-6
1997,1997,-6,-6
1998,1998,-6,-6
1999,1999,-6,-6
2000,2000,-6,-6
2001,2001,-6,-6
2002,2002,-6,-6
2003,2003,-6,-6
2004,2004,-6,-6
2005,2005,-6,-6
2006,2006,-6,-6
2007,2007,-6,-6
2008,2008,-6,-6
2009,2009,-6,-6
2010,2010,-6,-6
2011,2011,-6,-6
2012,2012,-6,-6
2013,2013,-6,-6
2014,2014,-6,-6
2015,2015,-6,-6
2016,2016,-6,-6
2017,2017,-6,-6
2018,2018,-6,-6
2019,2019,-6,-6
2020,2020,-6,-6
2021,2021,-6,-6
2022,2022,-6,-6
2023,2023,-6,-6
2024,2024,-6,-6
2025,2025,-6,-6
2026,2026,-6,-6
2027,2027,-6,-6
2028,2028,-6,-6
2029,2029,-6,-6
2030,2030,-6,-6
2031,2031,-6,-6
2032,2032,-6,-6
2033,2033,-6,-6
2034,2034,-6,-6
2035,2035,-6,-6
2036,2036,-6,-6
2037,2037,-6,-6
2038,2038,-6,-6
2039,2039,-6,-6
2040,2040,-6,-6
2041,2041,-6,-6
2042,2042,-6,-6
2043,2043,-6,-6
2044,2044,-6,-6
2045,2045,-6,-6
2046,2046,-6,-6
2047,2047,-6,-6
2048,2048,-6,-6
2049,2049,-6,-6
2050,2050,-6,-6
2051,2051,-6,-6
2052,2052,-6,-6
2053,2053,-6,-6
2054,2054,-6,-6
2055,2055,-6,-6
2056,2056,-6,-6
2057,2057,-6,-6
2058,2058,-6,-6
2059,2059,-6,-6
2060,2060,-6,-6
2061,2061,-6,-6
2062,2062,-6,-6
2063,2063,-6,-6
2064,2064,-6,-6
2065,2065,-6,-6
2066,2066,-6,-6
2067,2067,-6,-6
2068,2068,-6,-6
2069,2069,-6,-6
2070,2070,-6,-6
2071,2071,-6,-6
2072,2072,-6,-6
2073,2073,-6,-6
2074,2074,-6,-6
2075,2075,-6,-6
2076,2076,-6,-6
2077,2077,-6,-6
2078,2078,-6,-6
2079,2079,-6,-6
2080,2080,-6,-6
2081,2081,-6,-6
2082,2082,-6,-6
2083,2083,-6,-6
2084,2084,-6,-6
2085,2085,-6,-6
2086,2086,-6,-6
2087,2087,-6,-6
2088,2088,-6,-6
2089,2089,-6,-6
2090,2090,-6,-6
2091,2091,-6,-6
2092,2092,-6,-6
2093,2093,-6,-6
2094,2094,-6,-6
2095,2095,-6,-6
2096,2096,-6,-6
2097,2097,-6,-6
2098,2098,-6,-6
2099,2099,-6,-6
2100,2100,-6,-6
2101,2101,-6,-6
2102,2102,-6,-6
2103,2103,-6,-6
2104,2104,-6,-6
2105,2105,-6,-6
2106,2106,-6,-6
2107,2107,-6,-6
2108,2108,-6,-6
2109,2109,-6,-6
2110,2110,-6,-6
2111,2111,-6,-6
2112,2112,-6,-6
2113,2113,-6,-6
2114,2114,-6,-6
2115,2115,-6,-6
2116,2116,-6,-6
2117,2117,-6,-6
2118,2118,-6,-6
2119,2119,-6,-6
2120,2120,-6,-6
2121,2121,-6,-6
2122,2122,-6,-6
2123,2123,-6,-6
2124,2124,-6,-6
2125,2125,-6,-6
2126,2126,-6,-6
2127,2127,-6,-6
2128,2128,-6,-6
2129,2129,-6,-6
2130,2130,-6,-6
2131,2131,-6,-6
2132,2132,-6,-6
2133,2133,-6,-6
2134,2134,-6,-6
2135,2135,-6,-6
2136,2136,-6,-6
2137,2137,-6,-6
2138,2138,-6,-6
2139,2139,-6,-6
2140,2140,-6,-6
2141,2141,-6,-6
2142,2142,-6,-6
2143,2143,-6,-6
2144,2144,-6,-6
2145,2145,-6,-6
2146,2146,-6,-6
2147,2147,-6,-6
2148,2148,-6,-6
2149,2149,-6,-6
2150,2150,-6,-6
2151,2151,-6,-6
2152,2152,-6,-6
2153,2153,-6,-6
2154,2154,-6,-6
2155,2155,-6,-6
2156,2156,-6,-6
2157,2157,-6,-6
2158,2158,-6,-6
2159,2159,-6,-6
2160,2160,-6,-6
2161,2161,-6,-6
2162,2162,-6,-6
2163,2163,-6,-6
2164,2164,-6,-6
2165,2165,-6,-6
2166,2166,-6,-6
2167,2167,-6,-6
2168,2168,-6,-6
2169,2169,-6,-6
2170,2170,-6,-6
2171,2171,-6,-6
2172,2172,-6,-6
2173,2173,-6,-6
2174,2174,-6,-6
2175,2175,-6,-6
2176,2176,-6,-6
2177,2177,-6,-6
2178,2178,-6,-6
2179,2179,-6,-6
2180,2180,-6,-6
2181,2181,-6,-6
2182,2182,-6,-6
2183,2183,-6,-6
2184,2184,-6,-6
2185,2185,-6,-6
2186,2186,-6,-6
2187,2187,-6,-6
2188,2188,-6,-6
2189,2189,-6,-6
2190,2190,-6,-6
2191,2191,-6,-6
2192,2192,-6,-6
2193,2193,-6,-6
2194,2194,-6,-6
2195,2195,-6,-6
2196,2196,-6,-6
2197,2197,-6,-6
2198,2198,-6,-6
2199,2199,-6,-6
2200,2200,-6,-6
2201,2201,-6,-6
2202,2202,-6,-6
2203,2203,-6,-6
2204,2204,-6,-6
2205,2205,-6,-6
2206,2206,-6,-6
2207,2207,-6,-6
2208,2208,-6,-6
2209,2209,-6,-6
2210,2210,-6,-6
2211,2211,-6,-6
2212,2212,-6,-6
2213,2213,-6,-6
2214,2214,-6,-6
2215,2215,-6,-6
2216,2216,-6,-6
2217,2217,-6,-6
2218,2218,-6,-6
2219,2219,-6,-6
2220,2220,-6,-6
2221,2221,-6,-6
2222,2222,-6,-6
2223,2223,-6,-6
2224,2224,-6,-6
2225,2225,-6,-6
2226,2226,-6,-6
2227,2227,-6,-6
2228,2228,-6,-6
2229,2229,-6,-6
2230,2230,-6,-6
2231,2231,-6,-6
2232,2232,-6,-6
2233,2233,-6,-6
2234,2234,-6,-6
2235,2235,-6,-6
2236,2236,-6,-6
2237,2237,-6,-6
2238,2238,-6,-6
2239,2239,-6,-6
2240,2240,-6,-6
2241,2241,-6,-6
2242,2242,-6,-6
2243,2243,-6,-6
2244,2244,-6,-6
2245,2245,-6,-6
2246,2246,-6,-6
2247,2247,-6,-6
2248,2248,-6,-6
2249,2249,-6,-6
2250,2250,-6,-6
2251,2251,-6,-6
2252,2252,-6,-6
2253,2253,-6,-6
2254,2254,-6,-6
2255,2255,-6,-6
2256,2256,-6,-6
2257,2257,-6,-6
2258,2258,-6,-6
2259,2259,-6,-6
2260,2260,-6,-6
2261,2261,-6,-6
2262,2262,-6,-6
2263,2263,-6,-6
2264,2264,-6,-6
2265,2265,-6,-6
2266,2266,-6,-6
2267,2267,-6,-6
2268,2268,-6,-6
2269,2269,-6,-6
2270,2270,-6,-6
2271,2271,-6,-6
2272,2272,-6,-6
2273,2273,-6,-6
2274,2274,-6,-6
2275,2275,-6,-6
2276,2276,-6,-6
2277,2277,-6,-6
2278,2278,-6,-6
2279,2279,-6,-6
2280,2280,-6,-6
2281,2281,-6,-6
2282,2282,-6,-6
2283,2283,-6,-6
2284,2284,-6,-6
2285,2285,-6,-6
2286,2286,-6,-6
2287,2287,-6,-6
2288,2288,-6,-6
2289,2289,-6,-6
2290,2290,-6,-6
2291,2291,-6,-6
2292,2292,-6,-6
2293,2293,-6,-6
2294,2294,-6,-6
2295,2295,-6,-6
2296,2296,-6,-6
2297,2297,-6,-6
2298,2298,-6,-6
2299,2299,-6,-6
2300,2300,-6,-6
2301,2301,-6,-6
2302,2302,-6,-6
2303,2303,-6,-6
2304,2304,-6,-6
2305,2305,-6,-6
2306,2306,-6,-6
2307,2307,-6,-6
2308,2308,-6,-6
2309,2309,-6,-6
2310,2310,-6,-6
2311,2311,-6,-6
2312,2312,-6,-6
2313,2313,-6,-6
2314,2314,-6,-6
2315,2315,-6,-6
2316,2316,-6,-6
2317,2317,-6,-6
2318,2318,-6,-6
2319,2319,-6,-6
2320,2320,-6,-6
2321,2321,-6,-6
2322,2322,-6,-6
2323,2323,-6,-6
2324,2324,-6,-6
2325,2325,-6,-6
2326,2326,-6,-6
2327,2327,-6,-6
2328,2328,-6,-6
2329,2329,-6,-6
2330,2330,-6,-6
2331,2331,-6,-6
2332,2332,-6,-6
2333,2333,-6,-6
2334,2334,-6,-6
2335,2335,-6,-6
2336,2336,-6,-6
2337,2337,-6,-6
2338,2338,-6,-6
2339,2339,-6,-6
2340,2340,-6,-6
2341,2341,-6,-6
2342,2342,-6,-6
2343,2343,-6,-6
2344,2344,-6,-6
2345,2345,-6,-6
2346,2346,-6,-6
2347,2347,-6,-6
2348,2348,-6,-6
2349,2349,-6,-6
2350,2350,-6,-6
2351,2351,-6,-6
2352,2352,-6,-6
2353,2353,-6,-6
2354,2354,-6,-6
2355,2355,-6,-6
2356,2356,-6,-6
2357,2357,-6,-6
2358,2358,-6,-6
2359,2359,-6,-6
2360,2360,-6,-6
2361,2361,-6,-6
2362,2362,-6,-6
2363,2363,-6,-6
2364,2364,-6,-6
2365,2365,-6,-6
2366,2366,-6,-6
2367,2367,-6,-6
2368,2368,-6,-6
2369,2369,-6,-6
2370,2370,-6,-6
2371,2371,-6,-6
2372,2372,-6,-6
2373,2373,-6,-6
2374,2374,-6,-6
2375,2375,-6,-6
2376,2376,-6,-6
2377,2377,-6,-6
2378,2378,-6,-6
2379,2379,-6,-6
2380,2380,-6,-6
2381,2381,-6,-6
2382,2382,-6,-6
2383,2383,-6,-6
2384,2384,-6,-6
2385,2385,-6,-6
2386,2386,-6,-6
2387,2387,-6,-6
2388,2388,-6,-6
2389,2389,-6,-6
2390,2390,-6,-6
2391,2391,-6,-6
2392,2392,-6,-6
2393,2393,-6,-6
2394,2394,-6,-6
2395,2395,-6,-6
2396,2396,-6,-6
2397,2397,-6,-6
2398,2398,-6,-6
2399,2399,-6,-6
2400,2400,-6,-6
2401,2401,-6,-6
2402,2402,-6,-6
2403,2403,-6,-6
2404,2404,-6,-6
2405,2405,-6,-6
2406,2406,-6,-6
2407,2407,-6,-6
2408,2408,-6,-6
2409,2409,-6,-6
2410,2410,-6,-6
2411,2411,-6,-6
2412,2412,-6,-6
2413,2413,-6,-6
2414,2414,-6,-6
2415,2415,-6,-6
2416,2416,-6,-6
2417,2417,-6,-6
2418,2418,-6,-6
2419,2419,-6,-6
2420,2420,-6,-6
2421,2421,-6,-6
2422,2422,-6,-6
2423,2423,-6,-6
2424,2424,-6,-6
2425,2425,-6,-6
2426,2426,-6,-6
2427,2427,-6,-6
2428,2428,-6,-6
2429,2429,-6,-6
2430,2430,-6,-6
2431,2431,-6,-6
2432,2432,-6,-6
2433,2433,-6,-6
2434,2434,-6,-6
2435,2435,-6,-6
2436,2436,-6,-6
2437,2437,-6,-6
2438,2438,-6,-6
2439,2439,-6,-6
2440,2440,-6,-6
2441,2441,-6,-6
2442,2442,-6,-6
2443,2443,-6,-6
2444,2444,-6,-6
2445,2445,-6,-6
2446,2446,-6,-6
2447,2447,-6,-6
2448,2448,-6,-6
2449,2449,-6,-6
2450,2450,-6,-6
2451,2451,-6,-6
2452,2452,-6,-6
2453,2453,-6,-6
2454,2454,-6,-6
2455,2455,-6,-6
2456,2456,-6,-6
2457,2457,-6,-6
2458,2458,-6,-6
2459,2459,-6,-6
2460,2460,-6,-6
2461,2461,-6,-6
2462,2462,-6,-6
2463,2463,-6,-6
2464,2464,-6,-6
2465,2465,-6,-6
2466,2466,-6,-6
2467,2467,-6,-6
2468,2468,-6,-6
2469,2469,-6,-6
2470,2470,-6,-6
2471,2471,-6,-6
2472,2472,-6,-6
2473,2473,-6,-6
2474,2474,-6,-6
2475,2475,-6,-6
2476,2476,-6,-6
2477,2477,-6,-6
2478,2478,-6,-6
2479,2479,-6,-6
2480,2480,-6,-6
2481,2481,-6,-6
2482,2482,-6,-6
2483,2483,-6,-6
2484,2484,-6,-6
2485,2485,-6,-6
2486,2486,-6,-6
2487,2487,-6,-6
2488,2488,-6,-6
2489,2489,-6,-6
2490,2490,-6,-6
2491,2491,-6,-6
2492,2492,-6,-6
2493,2493,-6,-6
2494,2494,-6,-6
2495,2495,-6,-6
2496,2496,-6,-6
2497,2497,-6,-6
2498,2498,-6,-6
2499,2499,-6,-6
2500,2500,-6,-6
2501,2501,-6,-6
2502,2502,-6,-6
2503,2503,-6,-6
2504,2504,-6,-6
2505,2505,-6,-6
2506,2506,-6,-6
2507,2507,-6,-6
2508,2508,-6,-6
2509,2509,-6,-6
2510,2510,-6,-6
2511,2511,-6,-6
2512,2512,-6,-6
2513,2513,-6,-6
2514,2514,-6,-6
2515,2515,-6,-6
2516,2516,-6,-6
2517,2517,-6,-6
2518,2518,-6,-6
2519,2519,-6,-6
2520,2520,-6,-6
2521,2521,-6,-6
2522,2522,-6,-6
2523,2523,-6,-6
2524,2524,-6,-6
2525,2525,-6,-6
2526,2526,-6,-6
2527,2527,-6,-6
2528,2528,-6,-6
2529,2529,-6,-6
2530,2530,-6,-6
2531,2531,-6,-6
2532,2532,-6,-6
2533,2533,-6,-6
2534,2534,-6,-6
2535,2535,-6,-6
2536,2536,-6,-6
2537,2537,-6,-6
2538,2538,-6,-6
2539,2539,-6,-6
2540,2540,-6,-6
2541,2541,-6,-6
2542,2542,-6,-6
2543,2543,-6,-6
2544,2544,-6,-6
2545,2545,-6,-6
2546,2546,-6,-6
2547,2547,-6,-6
2548,2548,-6,-6
2549,2549,-6,-6
2550,2550,-6,-6
2551,2551,-6,-6
2552,2552,-6,-6
2553,2553,-6,-6
2554,2554,-6,-6
2555,2555,-6,-6
2556,2556,-6,-6
2557,2557,-6,-6
2558,2558,-6,-6
2559,2559,-6,-6
2560,2560,-6,-6
2561,2561,-6,-6
2562,2562,-6,-6
2563,2563,-6,-6
2564,2564,-6,-6
2565,2565,-6,-6
2566,2566,-6,-6
2567,2567,-6,-6
2568,2568,-6,-6
2569,2569,-6,-6
2570,2570,-6,-6
2571,2571,-6,-6
2572,2572,-6,-6
2573,2573,-6,-6
2574,2574,-6,-6
2575,2575,-6,-6
2576,2576,-6,-6
2577,2577,-6,-6
2578,2578,-6,-6
2579,2579,-6,-6
2580,2580,-6,-6
2581,2581,-6,-6
2582,2582,-6,-6
2583,2583,-6,-6
2584,2584,-6,-6
2585,2585,-6,-6
2586,2586,-6,-6
2587,2587,-6,-6
2588,2588,-6,-6
2589,2589,-6,-6
2590,2590,-6,-6
2591,2591,-6,-6
2592,2592,-6,-6
2593,2593,-6,-6
2594,2594,-6,-6
2595,2595,-6,-6
2596,2596,-6,-6
2597,2597,-6,-6
2598,2598,-6,-6
2599,2599,-6,-6
2600,2600,-6,-6
2601,2601,-6,-6
2602,2602,-6,-6
2603,2603,-6,-6
2604,2604,-6,-6
2605,2605,-6,-6
2606,2606,-6,-6
2607,2607,-6,-6
2608,2608,-6,-6
2609,2609,-6,-6
2610,2610,-6,-6
2611,2611,-6,-6
2612,2612,-6,-6
2613,2613,-6,-6
2614,2614,-6,-6
2615,2615,-6,-6
2616,2616,-6,-6
2617,2617,-6,-6
2618,2618,-6,-6
2619,2619,-6,-6
2620,2620,-6,-6
2621,2621,-6,-6
2622,2622,-6,-6
2623,2623,-6,-6
2624,2624,-6,-6
2625,2625,-6,-6
2626,2626,-6,-6
2627,2627,-6,-6
2628,2628,-6,-6
2629,2629,-6,-6
2630,2630,-6,-6
2631,2631,-6,-6
2632,2632,-6,-6
2633,2633,-6,-6
2634,2634,-6,-6
2635,2635,-6,-6
2636,2636,-6,-6
2637,2637,-6,-6
2638,2638,-6,-6
2639,2639,-6,-6
2640,2640,-6,-6
2641,2641,-6,-6
2642,2642,-6,-6
2643,2643,-6,-6
2644,2644,-6,-6
2645,2645,-6,-6
2646,2646,-6,-6
2647,2647,-6,-6
2648,2648,-6,-6
2649,2649,-6,-6
2650,2650,-6,-6
2651,2651,-6,-6
2652,2652,-6,-6
2653,2653,-6,-6
2654,2654,-6,-6
2655,2655,-6,-6
2656,2656,-6,-6
2657,2657,-6,-6
2658,2658,-6,-6
2659,2659,-6,-6
2660,2660,-6,-6
2661,2661,-6,-6
2662,2662,-6,-6
2663,2663,-6,-6
2664,2664,-6,-6
2665,2665,-6,-6
2666,2666,-6,-6
2667,2667,-6,-6
2668,2668,-6,-6
2669,2669,-6,-6
2670,2670,-6,-6
2671,2671,-6,-6
2672,2672,-6,-6
2673,2673,-6,-6
2674,2674,-6,-6
2675,2675,-6,-6
2676,2676,-6,-6
2677,2677,-6,-6
2678,2678,-6,-6
2679,2679,-6,-6
2680,2680,-6,-6
2681,2681,-6,-6
2682,2682,-6,-6
2683,2683,-6,-6
2684,2684,-6,-6
2685,2685,-6,-6
2686,2686,-6,-6
2687,2687,-6,-6
2688,2688,-6,-6
2689,2689,-6,-6
2690,2690,-6,-6
2691,2691,-6,-6
2692,2692,-6,-6
2693,2693,-6,-6
2694,2694,-6,-6
2695,2695,-6,-6
2696,2696,-6,-6
2697,2697,-6,-6
2698,2698,-6,-6
2699,2699,-6,-6
2700,2700,-6,-6
2701,2701,-6,-6
2702,2702,-6,-6
2703,2703,-6,-6
2704,2704,-6,-6
2705,2705,-6,-6
2706,2706,-6,-6
2707,2707,-6,-6
2708,2708,-6,-6
2709,2709,-6,-6
2710,2710,-6,-6
2711,2711,-6,-6
2712,2712,-6,-6
2713,2713,-6,-6
2714,2714,-6,-6
2715,2715,-6,-6
2716,2716,-6,-6
2717,2717,-6,-6
2718,2718,-6,-6
2719,2719,-6,-6
2720,2720,-6,-6
2721,2721,-6,-6
2722,2722,-6,-6
2723,2723,-6,-6
2724,2724,-6,-6
2725,2725,-6,-6
2726,2726,-6,-6
2727,2727,-6,-6
2728,2728,-6,-6
2729,2729,-6,-6
2730,2730,-6,-6
2731,2731,-6,-6
2732,2732,-6,-6
2733,2733,-6,-6
2734,2734,-6,-6
2735,2735,-6,-6
2736,2736,-6,-6
2737,2737,-6,-6
2738,2738,-6,-6
2739,2739,-6,-6
2740,2740,-6,-6
2741,2741,-6,-6
2742,2742,-6,-6
2743,2743,-6,-6
2744,2744,-6,-6
2745,2745,-6,-6
2746,2746,-6,-6
2747,2747,-6,-6
2748,2748,-6,-6
2749,2749,-6,-6
2750,2750,-6,-6
2751,2751,-6,-6
2752,2752,-6,-6
2753,2753,-6,-6
2754,2754,-6,-6
2755,2755,-6,-6
2756,2756,-6,-6
2757,2757,-6,-6
2758,2758,-6,-6
2759,2759,-6,-6
2760,2760,-6,-6
2761,2761,-6,-6
2762,2762,-6,-6
2763,2763,-6,-6
2764,2764,-6,-6
2765,2765,-6,-6
2766,2766,-6,-6
2767,2767,-6,-6
2768,2768,-6,-6
2769,2769,-6,-6
2770,2770,-6,-6
2771,2771,-6,-6
2772,2772,-6,-6
2773,2773,-6,-6
2774,2774,-6,-6
2775,2775,-6,-6
2776,2776,-6,-6
2777,2777,-6,-6
2778,2778,-6,-6
2779,2779,-6,-6
2780,2780,-6,-6
2781,2781,-6,-6
2782,2782,-6,-6
2783,2783,-6,-6
2784,2784,-6,-6
2785,2785,-6,-6
2786,2786,-6,-6
2787,2787,-6,-6
2788,2788,-6,-6
2789,2789,-6,-6
2790,2790,-6,-6
2791,2791,-6,-6
2792,2792,-6,-6
2793,2793,-6,-6
2794,2794,-6,-6
2795,2795,-6,-6
2796,2796,-6,-6
2797,2797,-6,-6
2798,2798,-6,-6
2799,2799,-6,-6
2800,2800,-6,-6
2801,2801,-6,-6
2802,2802,-6,-6
2803,2803,-6,-6
2804,2804,-6,-6
2805,2805,-6,-6
2806,2806,-6,-6
2807,2807,-6,-6
2808,2808,-6,-6
2809,2809,-6,-6
2810,2810,-6,-6
2811,2811,-6,-6
2812,2812,-6,-6
2813,2813,-6,-6
2814,2814,-6,-6
2815,2815,-6,-6
2816,2816,-6,-6
2817,2817,-6,-6
2818,2818,-6,-6
2819,2819,-6,-6
2820,2820,-6,-6
2821,2821,-6,-6
2822,2822,-6,-6
2823,2823,-6,-6
2824,2824,-6,-6
2825,2825,-6,-6
2826,2826,-6,-6
2827,2827,-6,-6
2828,2828,-6,-6
2829,2829,-6,-6
2830,2830,-6,-6
2831,2831,-6,-6
2832,2832,-6,-6
2833,2833,-6,-6
2834,2834,-6,-6
2835,2835,-6,-6
2836,2836,-6,-6
2837,2837,-6,-6
2838,2838,-6,-6
2839,2839,-6,-6
2840,2840,-6,-6
2841,2841,-6,-6
2842,2842,-6,-6
2843,2843,-6,-6
2844,2844,-6,-6
2845,2845,-6,-6
2846,2846,-6,-6
2847,2847,-6,-6
2848,2848,-6,-6
2849,2849,-6,-6
2850,2850,-6,-6
2851,2851,-6,-6
2852,2852,-6,-6
2853,2853,-6,-6
2854,2854,-6,-6
2855,2855,-6,-6
2856,2856,-6,-6
2857,2857,-6,-6
2858,2858,-6,-6
2859,2859,-6,-6
2860,2860,-6,-6
2861,2861,-6,-6
2862,2862,-6,-6
2863,2863,-6,-6
2864,2864,-6,-6
2865,2865,-6,-6
2866,2866,-6,-6
2867,2867,-6,-6
2868,2868,-6,-6
2869,2869,-6,-6
2870,2870,-6,-6
2871,2871,-6,-6
2872,2872,-6,-6
2873,2873,-6,-6
2874,2874,-6,-6
2875,2875,-6,-6
2876,2876,-6,-6
2877,2877,-6,-6
2878,2878,-6,-6
2879,2879,-6,-6
2880,2880,-6,-6
2881,2881,-6,-6
2882,2882,-6,-6
2883,2883,-6,-6
2884,2884,-6,-6
2885,2885,-6,-6
2886,2886,-6,-6
2887,2887,-6,-6
2888,2888,-6,-6
2889,2889,-6,-6
2890,2890,-6,-6
2891,2891,-6,-6
2892,2892,-6,-6
2893,2893,-6,-6
2894,2894,-6,-6
2895,2895,-6,-6
2896,2896,-6,-6
2897,2897,-6,-6
2898,2898,-6,-6
2899,2899,-6,-6
2900,2900,-6,-6
2901,2901,-6,-6
2902,2902,-6,-6
2903,2903,-6,-6
2904,2904,-6,-6
2905,2905,-6,-6
2906,2906,-6,-6
2907,2907,-6,-6
2908,2908,-6,-6
2909,2909,-6,-6
2910,2910,-6,-6
2911,2911,-6,-6
2912,2912,-6,-6
2913,2913,-6,-6
2914,2914,-6,-6
2915,2915,-6,-6
2916,2916,-6,-6
2917,2917,-6,-6
2918,2918,-6,-6
2919,2919,-6,-6
2920,2920,-6,-6
2921,2921,-6,-6
2922,2922,-6,-6
2923,2923,-6,-6
2924,2924,-6,-6
2925,2925,-6,-6
2926,2926,-6,-6
2927,2927,-6,-6
2928,2928,-6,-6
2929,2929,-6,-6
2930,2930,-6,-6
2931,2931,-6,-6
2932,2932,-6,-6
2933,2933,-6,-6
2934,2934,-6,-6
2935,2935,-6,-6
2936,2936,-6,-6
2937,2937,-6,-6
2938,2938,-6,-6
2939,2939,-6,-6
2940,2940,-6,-6
2941,2941,-6,-6
2942,2942,-6,-6
2943,2943,-6,-6
2944,2944,-6,-6
2945,2945,-6,-6
2946,2946,-6,-6
2947,2947,-6,-6
2948,2948,-6,-6
2949,2949,-6,-6
2950,2950,-6,-6
2951,2951,-6,-6
2952,2952,-6,-6
2953,2953,-6,-6
2954,2954,-6,-6
2955,2955,-6,-6
2956,2956,-6,-6
2957,2957,-6,-6
2958,2958,-6,-6
2959,2959,-6,-6
2960,2960,-6,-6
2961,2961,-6,-6
2962,2962,-6,-6
2963,2963,-6,-6
2964,2964,-6,-6
2965,2965,-6,-6
2966,2966,-6,-6
2967,2967,-6,-6
2968,2968,-6,-6
2969,2969,-6,-6
2970,2970,-6,-6
2971,2971,-6,-6
2972,2972,-6,-6
2973,2973,-6,-6
2974,2974,-6,-6
2975,2975,-6,-6
2976,2976,-6,-6
2977,2977,-6,-6
2978,2978,-6,-6
2979,2979,-6,-6
2980,2980,-6,-6
2981,2981,-6,-6
2982,2982,-6,-6
2983,2983,-6,-6
2984,2984,-6,-6
2985,2985,-6,-6
2986,2986,-6,-6
2987,2987,-6,-6
2988,2988,-6,-6
2989,2989,-6,-6
2990,2990,-6,-6
2991,2991,-6,-6
2992,2992,-6,-6
2993,2993,-6,-6
2994,2994,-6,-6
2995,2995,-6,-6
2996,2996,-6,-6
2997,2997,-6,-6
2998,2998,-6,-6
2999,2999,-6,-6
3000,3000,-6,-6
3001,3001,-6,-6
3002,3002,-6,-6
3003,3003,-6,-6
3004,3004,-6,-6
3005,3005,-6,-6
3006,3006,-6,-6
3007,3007,-6,-6
3008,3008,-6,-6
3009,3009,-6,-6
3010,3010,-6,-6
3011,3011,-6,-6
3012,3012,-6,-6
3013,3013,-6,-6
3014,3014,-6,-6
3015,3015,-6,-6
3016,3016,-6,-6
3017,3017,-6,-6
3018,3018,-6,-6
3019,3019,-6,-6
3020,3020,-6,-6
3021,3021,-6,-6
3022,3022,-6,-6
3023,3023,-6,-6
3024,3024,-6,-6
3025,3025,-6,-6
3026,3026,-6,-6
3027,3027,-6,-6
3028,3028,-6,-6
3029,3029,-6,-6
3030,3030,-6,-6
3031,3031,-6,-6
3032,3032,-6,-6
3033,3033,-6,-6
3034,3034,-6,-6
3035,3035,-6,-6
3036,3036,-6,-6
3037,3037,-6,-6
3038,3038,-6,-6
3039,3039,-6,-6
3040,3040,-6,-6
3041,3041,-6,-6
3042,3042,-6,-6
3043,3043,-6,-6
3044,3044,-6,-6
3045,3045,-6,-6
3046,3046,-6,-6
3047,3047,-6,-6
3048,3048,-6,-6
3049,3049,-6,-6
3050,3050,-6,-6
3051,3051,-6,-6
3052,3052,-6,-6
3053,3053,-6,-6
3054,3054,-6,-6
3055,3055,-6,-6
3056,3056,-6,-6
3057,3057,-6,-6
3058,3058,-6,-6
3059,3059,-6,-6
3060,3060,-6,-6
3061,3061,-6,-6
3062,3062,-6,-6
3063,3063,-6,-6
3064,3064,-6,-6
3065,3065,-6,-6
3066,3066,-6,-6
3067,3067,-6,-6
3068,3068,-6,-6
3069,3069,-6,-6
3070,3070,-6,-6
3071,3071,-6,-6
3072,3072,-6,-6
3073,3073,-6,-6
3074,3074,-6,-6
3075,3075,-6,-6
3076,3076,-6,-6
3077,3077,-6,-6
3078,3078,-6,-6
3079,3079,-6,-6
3080,3080,-6,-6
3081,3081,-6,-6
3082,3082,-6,-6
3083,3083,-6,-6
3084,3084,-6,-6
3085,3085,-6,-6
3086,3086,-6,-6
3087,3087,-6,-6
3088,3088,-6,-6
3089,3089,-6,-6
3090,3090,-6,-6
3091,3091,-6,-6
3092,3092,-6,-6
3093,3093,-6,-6
3094,3094,-6,-6
3095,3095,-6,-6
3096,3096,-6,-6
3097,3097,-6,-6
3098,3098,-6,-6
3099,3099,-6,-6
3100,3100,-6,-6
3101,3101,-6,-6
3102,3102,-6,-6
3103,3103,-6,-6
3104,3104,-6,-6
3105,3105,-6,-6
3106,3106,-6,-6
3107,3107,-6,-6
3108,3108,-6,-6
3109,3109,-6,-6
3110,3110,-6,-6
3111,3111,-6,-6
3112,3112,-6,-6
3113,3113,-6,-6
3114,3114,-6,-6
3115,3115,-6,-6
3116,3116,-6,-6
3117,3117,-6,-6
3118,3118,-6,-6
3119,3119,-6,-6
3120,3120,-6,-6
3121,3121,-6,-6
3122,3122,-6,-6
3123,3123,-6,-6
3124,3124,-6,-6
3125,3125,-6,-6
3126,3126,-6,-6
3127,3127,-6,-6
3128,3128,-6,-6
3129,3129,-6,-6
3130,3130,-6,-6
3131,3131,-6,-6
3132,3132,-6,-6
3133,3133,-6,-6
3134,3134,-6,-6
3135,3135,-6,-6
3136,3136,-6,-6
3137,3137,-6,-6
3138,3138,-6,-6
3139,3139,-6,-6
3140,3140,-6,-6
3141,3141,-6,-6
3142,3142,-6,-6
3143,3143,-6,-6
3144,3144,-6,-6
3145,3145,-6,-6
3146,3146,-6,-6
3147,3147,-6,-6
3148,3148,-6,-6
3149,3149,-6,-6
3150,3150,-6,-6
3151,3151,-6,-6
3152,3152,-6,-6
3153,3153,-6,-6
3154,3154,-6,-6
3155,3155,-6,-6
3156,3156,-6,-6
3157,3157,-6,-6
3158,3158,-6,-6
3159,3159,-6,-6
3160,3160,-6,-6
3161,3161,-6,-6
3162,3162,-6,-6
3163,3163,-6,-6
3164,3164,-6,-6
3165,3165,-6,-6
3166,3166,-6,-6
3167,3167,-6,-6
3168,3168,-6,-6
3169,3169,-6,-6
3170,3170,-6,-6
3171,3171,-6,-6
3172,3172,-6,-6
3173,3173,-6,-6
3174,3174,-6,-6
3175,3175,-6,-6
3176,3176,-6,-6
3177,3177,-6,-6
3178,3178,-6,-6
3179,3179,-6,-6
3180,3180,-6,-6
3181,3181,-6,-6
3182,3182,-6,-6
3183,3183,-6,-6
3184,3184,-6,-6
3185,3185,-6,-6
3186,3186,-6,-6
3187,3187,-6,-6
3188,3188,-6,-6
3189,3189,-6,-6
3190,3190,-6,-6
3191,3191,-6,-6
3192,3192,-6,-6
3193,3193,-6,-6
3194,3194,-6,-6
3195,3195,-6,-6
3196,3196,-6,-6
3197,3197,-6,-6
3198,3198,-6,-6
3199,3199,-6,-6
3200,3200,-6,-6
3201,3201,-6,-6
3202,3202,-6,-6
3203,3203,-6,-6
3204,3204,-6,-6
3205,3205,-6,-6
3206,3206,-6,-6
3207,3207,-6,-6
3208,3208,-6,-6
3209,3209,-6,-6
3210,3210,-6,-6
3211,3211,-6,-6
3212,3212,-6,-6
3213,3213,-6,-6
3214,3214,-6,-6
3215,3215,-6,-6
3216,3216,-6,-6
3217,3217,-6,-6
3218,3218,-6,-6
3219,3219,-6,-6
3220,3220,-6,-6
3221,3221,-6,-6
3222,3222,-6,-6
3223,3223,-6,-6
3224,3224,-6,-6
3225,3225,-6,-6
3226,3226,-6,-6
3227,3227,-6,-6
3228,3228,-6,-6
3229,3229,-6,-6
3230,3230,-6,-6
3231,3231,-6,-6
3232,3232,-6,-6
3233,3233,-6,-6
3234,3234,-6,-6
3235,3235,-6,-6
3236,3236,-6,-6
3237,3237,-6,-6
3238,3238,-6,-6
3239,3239,-6,-6
3240,3240,-6,-6
3241,3241,-6,-6
3242,3242,-6,-6
3243,3243,-6,-6
3244,3244,-6,-6
3245,3245,-6,-6
3246,3246,-6,-6
3247,3247,-6,-6
3248,3248,-6,-6
3249,3249,-6,-6
3250,3250,-6,-6
3251,3251,-6,-6
3252,3252,-6,-6
3253,3253,-6,-6
3254,3254,-6,-6
3255,3255,-6,-6
3256,3256,-6,-6
3257,3257,-6,-6
3258,3258,-6,-6
3259,3259,-6,-6
3260,3260,-6,-6
3261,3261,-6,-6
3262,3262,-6,-6
3263,3263,-6,-6
3264,3264,-6,-6
3265,3265,-6,-6
3266,3266,-6,-6
3267,3267,-6,-6
3268,3268,-6,-6
3269,3269,-6,-6
3270,3270,-6,-6
3271,3271,-6,-6
3272,3272,-6,-6
3273,3273,-6,-6
3274,3274,-6,-6
3275,3275,-6,-6
3276,3276,-6,-6
3277,3277,-6,-6
3278,3278,-6,-6
3279,3279,-6,-6
3280,3280,-6,-6
3281,3281,-6,-6
3282,3282,-6,-6
3283,3283,-6,-6
3284,3284,-6,-6
3285,3285,-6,-6
3286,3286,-6,-6
3287,3287,-6,-6
3288,3288,-6,-6
3289,3289,-6,-6
3290,3290,-6,-6
3291,3291,-6,-6
3292,3292,-6,-6
3293,3293,-6,-6
3294,3294,-6,-6
3295,3295,-6,-6
3296,3296,-6,-6
3297,3297,-6,-6
3298,3298,-6,-6
3299,3299,-6,-6
3300,3300,-6,-6
3301,3301,-6,-6
3302,3302,-6,-6
3303,3303,-6,-6
3304,3304,-6,-6
3305,3305,-6,-6
3306,3306,-6,-6
3307,3307,-6,-6
3308,3308,-6,-6
3309,3309,-6,-6
3310,3310,-6,-6
3311,3311,-6,-6
3312,3312,-6,-6
3313,3313,-6,-6
3314,3314,-6,-6
3315,3315,-6,-6
3316,3316,-6,-6
3317,3317,-6,-6
3318,3318,-6,-6
3319,3319,-6,-6
3320,3320,-6,-6
3321,3321,-6,-6
3322,3322,-6,-6
3323,3323,-6,-6
3324,3324,-6,-6
3325,3325,-6,-6
3326,3326,-6,-6
3327,3327,-6,-6
3328,3328,-6,-6
3329,3329,-6,-6
3330,3330,-6,-6
3331,3331,-6,-6
3332,3332,-6,-6
3333,3333,-6,-6
3334,3334,-6,-6
3335,3335,-6,-6
3336,3336,-6,-6
3337,3337,-6,-6
3338,3338,-6,-6
3339,3339,-6,-6
3340,3340,-6,-6
3341,3341,-6,-6
3342,3342,-6,-6
3343,3343,-6,-6
3344,3344,-6,-6
3345,3345,-6,-6
3346,3346,-6,-6
3347,3347,-6,-6
3348,3348,-6,-6
3349,3349,-6,-6
3350,3350,-6,-6
3351,3351,-6,-6
3352,3352,-6,-6
3353,3353,-6,-6
3354,3354,-6,-6
3355,3355,-6,-6
3356,3356,-6,-6
3357,3357,-6,-6
3358,3358,-6,-6
3359,3359,-6,-6
3360,3360,-6,-6
3361,3361,-6,-6
3362,3362,-6,-6
3363,3363,-6,-6
3364,3364,-6,-6
3365,3365,-6,-6
3366,3366,-6,-6
3367,3367,-6,-6
3368,3368,-6,-6
3369,3369,-6,-6
3370,3370,-6,-6
3371,3371,-6,-6
3372,3372,-6,-6
3373,3373,-6,-6
3374,3374,-6,-6
3375,3375,-6,-6
3376,3376,-6,-6
3377,3377,-6,-6
3378,3378,-6,-6
3379,3379,-6,-6
3380,3380,-6,-6
3381,3381,-6,-6
3382,3382,-6,-6
3383,3383,-6,-6
3384,3384,-6,-6
3385,3385,-6,-6
3386,3386,-6,-6
3387,3387,-6,-6
3388,3388,-6,-6
3389,3389,-6,-6
3390,3390,-6,-6
3391,3391,-6,-6
3392,3392,-6,-6
3393,3393,-6,-6
3394,3394,-6,-6
3395,3395,-6,-6
3396,3396,-6,-6
3397,3397,-6,-6
3398,3398,-6,-6
3399,3399,-6,-6
3400,3400,-6,-6
3401,3401,-6,-6
3402,3402,-6,-6
3403,3403,-6,-6
3404,3404,-6,-6
3405,3405,-6,-6
3406,3406,-6,-6
3407,3407,-6,-6
3408,3408,-6,-6
3409,3409,-6,-6
3410,3410,-6,-6
3411,3411,-6,-6
3412,3412,-6,-6
3413,3413,-6,-6
3414,3414,-6,-6
3415,3415,-6,-6
3416,3416,-6,-6
3417,3417,-6,-6
3418,3418,-6,-6
3419,3419,-6,-6
3420,3420,-6,-6
3421,3421,-6,-6
3422,3422,-6,-6
3423,3423,-6,-6
3424,3424,-6,-6
3425,3425,-6,-6
3426,3426,-6,-6
3427,3427,-6,-6
3428,3428,-6,-6
3429,3429,-6,-6
3430,3430,-6,-6
3431,3431,-6,-6
3432,3432,-6,-6
3433,3433,-6,-6
3434,3434,-6,-6
3435,3435,-6,-6
3436,3436,-6,-6
3437,3437,-6,-6
3438,3438,-6,-6
3439,3439,-6,-6
3440,3440,-6,-6
3441,3441,-6,-6
3442,3442,-6,-6
3443,3443,-6,-6
3444,3444,-6,-6
3445,3445,-6,-6
3446,3446,-6,-6
3447,3447,-6,-6
3448,3448,-6,-6
3449,3449,-6,-6
3450,3450,-6,-6
3451,3451,-6,-6
3452,3452,-6,-6
3453,3453,-6,-6
3454,3454,-6,-6
3455,3455,-6,-6
3456,3456,-6,-6
3457,3457,-6,-6
3458,3458,-6,-6
3459,3459,-6,-6
3460,3460,-6,-6
3461,3461,-6,-6
3462,3462,-6,-6
3463,3463,-6,-6
3464,3464,-6,-6
3465,3465,-6,-6
3466,3466,-6,-6
3467,3467,-6,-6
3468,3468,-6,-6
3469,3469,-6,-6
3470,3470,-6,-6
3471,3471,-6,-6
3472,3472,-6,-6
3473,3473,-6,-6
3474,3474,-6,-6
3475,3475,-6,-6
3476,3476,-6,-6
3477,3477,-6,-6
3478,3478,-6,-6
3479,3479,-6,-6
3480,3480,-6,-6
3481,3481,-6,-6
3482,3482,-6,-6
3483,3483,-6,-6
3484,3484,-6,-6
3485,3485,-6,-6
3486,3486,-6,-6
3487,3487,-6,-6
3488,3488,-6,-6
3489,3489,-6,-6
3490,3490,-6,-6
3491,3491,-6,-6
3492,3492,-6,-6
3493,3493,-6,-6
3494,3494,-6,-6
3495,3495,-6,-6
3496,3496,-6,-6
3497,3497,-6,-6
3498,3498,-6,-6
3499,3499,-6,-6
3500,3500,-6,-6
3501,3501,-6,-6
3502,3502,-6,-6
3503,3503,-6,-6
3504,3504,-6,-6
3505,3505,-6,-6
3506,3506,-6,-6
3507,3507,-6,-6
3508,3508,-6,-6
3509,3509,-6,-6
3510,3510,-6,-6
3511,3511,-6,-6
3512,3512,-6,-6
3513,3513,-6,-6
3514,3514,-6,-6
3515,3515,-6,-6
3516,3516,-6,-6
3517,3517,-6,-6
3518,3518,-6,-6
3519,3519,-6,-6
3520,3520,-6,-6
3521,3521,-6,-6
3522,3522,-6,-6
3523,3523,-6,-6
3524,3524,-6,-6
3525,3525,-6,-6
3526,3526,-6,-6
3527,3527,-6,-6
3528,3528,-6,-6
3529,3529,-6,-6
3530,3530,-6,-6
3531,3531,-6,-6
3532,3532,-6,-6
3533,3533,-6,-6
3534,3534,-6,-6
3535,3535,-6,-6
3536,3536,-6,-6
3537,3537,-6,-6
3538,3538,-6,-6
3539,3539,-6,-6
3540,3540,-6,-6
3541,3541,-6,-6
3542,3542,-6,-6
3543,3543,-6,-6
3544,3544,-6,-6
3545,3545,-6,-6
3546,3546,-6,-6
3547,3547,-6,-6
3548,3548,-6,-6
3549,3549,-6,-6
3550,3550,-6,-6
3551,3551,-6,-6
3552,3552,-6,-6
3553,3553,-6,-6
3554,3554,-6,-6
3555,3555,-6,-6
3556,3556,-6,-6
3557,3557,-6,-6
3558,3558,-6,-6
3559,3559,-6,-6
3560,3560,-6,-6
3561,3561,-6,-6
3562,3562,-6,-6
3563,3563,-6,-6
3564,3564,-6,-6
3565,3565,-6,-6
3566,3566,-6,-6
3567,3567,-6,-6
3568,3568,-6,-6
3569,3569,-6,-6
3570,3570,-6,-6
3571,3571,-6,-6
3572,3572,-6,-6
3573,3573,-6,-6
3574,3574,-6,-6
3575,3575,-6,-6
3576,3576,-6,-6
3577,3577,-6,-6
3578,3578,-6,-6
3579,3579,-6,-6
3580,3580,-6,-6
3581,3581,-6,-6
3582,3582,-6,-6
3583,3583,-6,-6
3584,3584,-6,-6
3585,3585,-6,-6
3586,3586,-6,-6
3587,3587,-6,-6
3588,3588,-6,-6
3589,3589,-6,-6
3590,3590,-6,-6
3591,3591,-6,-6
3592,3592,-6,-6
3593,3593,-6,-6
3594,3594,-6,-6
3595,3595,-6,-6
3596,3596,-6,-6
3597,3597,-6,-6
3598,3598,-6,-6
3599,3599,-6,-6
3600,3600,-6,-6
3601,3601,-6,-6
3602,3602,-6,-6
3603,3603,-6,-6
3604,3604,-6,-6
3605,3605,-6,-6
3606,3606,-6,-6
3607,3607,-6,-6
3608,3608,-6,-6
3609,3609,-6,-6
3610,3610,-6,-6
3611,3611,-6,-6
3612,3612,-6,-6
3613,3613,-6,-6
3614,3614,-6,-6
3615,3615,-6,-6
3616,3616,-6,-6
3617,3617,-6,-6
3618,3618,-6,-6
3619,3619,-6,-6
3620,3620,-6,-6
3621,3621,-6,-6
3622,3622,-6,-6
3623,3623,-6,-6
3624,3624,-6,-6
3625,3625,-6,-6
3626,3626,-6,-6
3627,3627,-6,-6
3628,3628,-6,-6
3629,3629,-6,-6
3630,3630,-6,-6
3631,3631,-6,-6
3632,3632,-6,-6
3633,3633,-6,-6
3634,3634,-6,-6
3635,3635,-6,-6
3636,3636,-6,-6
3637,3637,-6,-6
3638,3638,-6,-6
3639,3639,-6,-6
3640,3640,-6,-6
3641,3641,-6,-6
3642,3642,-6,-6
3643,3643,-6,-6
3644,3644,-6,-6
3645,3645,-6,-6
3646,3646,-6,-6
3647,3647,-6,-6
3648,3648,-6,-6
3649,3649,-6,-6
3650,3650,-6,-6
3651,3651,-6,-6
3652,3652,-6,-6
3653,3653,-6,-6
3654,3654,-6,-6
3655,3655,-6,-6
3656,3656,-6,-6
3657,3657,-6,-6
3658,3658,-6,-6
3659,3659,-6,-6
3660,3660,-6,-6
3661,3661,-6,-6
3662,3662,-6,-6
3663,3663,-6,-6
3664,3664,-6,-6
3665,3665,-6,-6
3666,3666,-6,-6
3667,3667,-6,-6
3668,3668,-6,-6
3669,3669,-6,-6
3670,3670,-6,-6
3671,3671,-6,-6
3672,3672,-6,-6
3673,3673,-6,-6
3674,3674,-6,-6
3675,3675,-6,-6
3676,3676,-6,-6
3677,3677,-6,-6
3678,3678,-6,-6
3679,3679,-6,-6
3680,3680,-6,-6
3681,3681,-6,-6
3682,3682,-6,-6
3683,3683,-6,-6
3684,3684,-6,-6
3685,3685,-6,-6
3686,3686,-6,-6
3687,3687,-6,-6
3688,3688,-6,-6
3689,3689,-6,-6
3690,3690,-6,-6
3691,3691,-6,-6
3692,3692,-6,-6
3693,3693,-6,-6
3694,3694,-6,-6
3695,3695,-6,-6
3696,3696,-6,-6
3697,3697,-6,-6
3698,3698,-6,-6
3699,3699,-6,-6
3700,3700,-6,-6
3701,3701,-6,-6
3702,3702,-6,-6
3703,3703,-6,-6
3704,3704,-6,-6
3705,3705,-6,-6
3706,3706,-6,-6
3707,3707,-6,-6
3708,3708,-6,-6
3709,3709,-6,-6
3710,3710,-6,-6
3711,3711,-6,-6
3712,3712,-6,-6
3713,3713,-6,-6
3714,3714,-6,-6
3715,3715,-6,-6
3716,3716,-6,-6
3717,3717,-6,-6
3718,3718,-6,-6
3719,3719,-6,-6
3720,3720,-6,-6
3721,3721,-6,-6
3722,3722,-6,-6
3723,3723,-6,-6
3724,3724,-6,-6
3725,3725,-6,-6
3726,3726,-6,-6
3727,3727,-6,-6
3728,3728,-6,-6
3729,3729,-6,-6
3730,3730,-6,-6
3731,3731,-6,-6
3732,3732,-6,-6
3733,3733,-6,-6
3734,3734,-6,-6
3735,3735,-6,-6
3736,3736,-6,-6
3737,3737,-6,-6
3738,3738,-6,-6
3739,3739,-6,-6
3740,3740,-6,-6
3741,3741,-6,-6
3742,3742,-6,-6
3743,3743,-6,-6
3744,3744,-6,-6
3745,3745,-6,-6
3746,3746,-6,-6
3747,3747,-6,-6
3748,3748,-6,-6
3749,3749,-6,-6
3750,3750,-6,-6
3751,3751,-6,-6
3752,3752,-6,-6
3753,3753,-6,-6
3754,3754,-6,-6
3755,3755,-6,-6
3756,3756,-6,-6
3757,3757,-6,-6
3758,3758,-6,-6
3759,3759,-6,-6
3760,3760,-6,-6
3761,3761,-6,-6
3762,3762,-6,-6
3763,3763,-6,-6
3764,3764,-6,-6
3765,3765,-6,-6
3766,3766,-6,-6
3767,3767,-6,-6
3768,3768,-6,-6
3769,3769,-6,-6
3770,3770,-6,-6
3771,3771,-6,-6
3772,3772,-6,-6
3773,3773,-6,-6
3774,3774,-6,-6
3775,3775,-6,-6
3776,3776,-6,-6
3777,3777,-6,-6
3778,3778,-6,-6
3779,3779,-6,-6
3780,3780,-6,-6
3781,3781,-6,-6
3782,3782,-6,-6
3783,3783,-6,-6
3784,3784,-6,-6
3785,3785,-6,-6
3786,3786,-6,-6
3787,3787,-6,-6
3788,3788,-6,-6
3789,3789,-6,-6
3790,3790,-6,-6
3791,3791,-6,-6
3792,3792,-6,-6
3793,3793,-6,-6
3794,3794,-6,-6
3795,3795,-6,-6
3796,3796,-6,-6
3797,3797,-6,-6
3798,3798,-6,-6
3799,3799,-6,-6
3800,3800,-6,-6
3801,3801,-6,-6
3802,3802,-6,-6
3803,3803,-6,-6
3804,3804,-6,-6
3805,3805,-6,-6
3806,3806,-6,-6
3807,3807,-6,-6
3808,3808,-6,-6
3809,3809,-6,-6
3810,3810,-6,-6
3811,3811,-6,-6
3812,3812,-6,-6
3813,3813,-6,-6
3814,3814,-6,-6
3815,3815,-6,-6
3816,3816,-6,-6
3817,3817,-6,-6
3818,3818,-6,-6
3819,3819,-6,-6
3820,3820,-6,-6
3821,3821,-6,-6
3822,3822,-6,-6
3823,3823,-6,-6
3824,3824,-6,-6
3825,3825,-6,-6
3826,3826,-6,-6
3827,3827,-6,-6
3828,3828,-6,-6
3829,3829,-6,-6
3830,3830,-6,-6
3831,3831,-6,-6
3832,3832,-6,-6
3833,3833,-6,-6
3834,3834,-6,-6
3835,3835,-6,-6
3836,3836,-6,-6
3837,3837,-6,-6
3838,3838,-6,-6
3839,3839,-6,-6
3840,3840,-6,-6
3841,3841,-6,-6
3842,3842,-6,-6
3843,3843,-6,-6
3844,3844,-6,-6
3845,3845,-6,-6
3846,3846,-6,-6
3847,3847,-6,-6
3848,3848,-6,-6
3849,3849,-6,-6
3850,3850,-6,-6
3851,3851,-6,-6
3852,3852,-6,-6
3853,3853,-6,-6
3854,3854,-6,-6
3855,3855,-6,-6
3856,3856,-6,-6
3857,3857,-6,-6
3858,3858,-6,-6
3859,3859,-6,-6
3860,3860,-6,-6
3861,3861,-6,-6
3862,3862,-6,-6
3863,3863,-6,-6
3864,3864,-6,-6
3865,3865,-6,-6
3866,3866,-6,-6
3867,3867,-6,-6
3868,3868,-6,-6
3869,3869,-6,-6
3870,3870,-6,-6
3871,3871,-6,-6
3872,3872,-6,-6
3873,3873,-6,-6
3874,3874,-6,-6
3875,3875,-6,-6
3876,3876,-6,-6
3877,3877,-6,-6
3878,3878,-6,-6
3879,3879,-6,-6
3880,3880,-6,-6
3881,3881,-6,-6
3882,3882,-6,-6
3883,3883,-6,-6
3884,3884,-6,-6
3885,3885,-6,-6
3886,3886,-6,-6
3887,3887,-6,-6
3888,3888,-6,-6
3889,3889,-6,-6
3890,3890,-6,-6
3891,3891,-6,-6
3892,3892,-6,-6
3893,3893,-6,-6
3894,3894,-6,-6
3895,3895,-6,-6
3896,3896,-6,-6
3897,3897,-6,-6
3898,3898,-6,-6
3899,3899,-6,-6
3900,3900,-6,-6
3901,3901,-6,-6
3902,3902,-6,-6
3903,3903,-6,-6
3904,3904,-6,-6
3905,3905,-6,-6
3906,3906,-6,-6
3907,3907,-6,-6
3908,3908,-6,-6
3909,3909,-6,-6
3910,3910,-6,-6
3911,3911,-6,-6
3912,3912,-6,-6
3913,3913,-6,-6
3914,3914,-6,-6
3915,3915,-6,-6
3916,3916,-6,-6
3917,3917,-6,-6
3918,3918,-6,-6
3919,3919,-6,-6
3920,3920,-6,-6
3921,3921,-6,-6
3922,3922,-6,-6
3923,3923,-6,-6
3924,3924,-6,-6
3925,3925,-6,-6
3926,3926,-6,-6
3927,3927,-6,-6
3928,3928,-6,-6
3929,3929,-6,-6
3930,3930,-6,-6
3931,3931,-6,-6
3932,3932,-6,-6
3933,3933,-6,-6
3934,3934,-6,-6
3935,3935,-6,-6
3936,3936,-6,-6
3937,3937,-6,-6
3938,3938,-6,-6
3939,3939,-6,-6
3940,3940,-6,-6
3941,3941,-6,-6
3942,3942,-6,-6
3943,3943,-6,-6
3944,3944,-6,-6
3945,3945,-6,-6
3946,3946,-6,-6
3947,3947,-6,-6
3948,3948,-6,-6
3949,3949,-6,-6
3950,3950,-6,-6
3951,3951,-6,-6
3952,3952,-6,-6
3953,3953,-6,-6
3954,3954,-6,-6
3955,3955,-6,-6
3956,3956,-6,-6
3957,3957,-6,-6
3958,3958,-6,-6
3959,3959,-6,-6
3960,3960,-6,-6
3961,3961,-6,-6
3962,3962,-6,-6
3963,3963,-6,-6
3964,3964,-6,-6
3965,3965,-6,-6
3966,3966,-6,-6
3967,3967,-6,-6
3968,3968,-6,-6
3969,3969,-6,-6
3970,3970,-6,-6
3971,3971,-6,-6
3972,3972,-6,-6
3973,3973,-6,-6
3974,3974,-6,-6
3975,3975,-6,-6
3976,3976,-6,-6
3977,3977,-6,-6
3978,3978,-6,-6
3979,3979,-6,-6
3980,3980,-6,-6
3981,3981,-6,-6
3982,3982,-6,-6
3983,3983,-6,-6
3984,3984,-6,-6
3985,3985,-6,-6
3986,3986,-6,-6
3987,3987,-6,-6
3988,3988,-6,-6
3989,3989,-6,-6
3990,3990,-6,-6
3991,3991,-6,-6
3992,3992,-6,-6
3993,3993,-6,-6
3994,3994,-6,-6
3995,3995,-6,-6
3996,3996,-6,-6
3997,3997,-6,-6
3998,3998,-6,-6
3999,3999,-6,-6
4000,4000,-6,-6
4001,4001,-6,-6
4002,4002,-6,-6
4003,4003,-6,-6
4004,4004,-6,-6
4005,4005,-6,-6
4006,4006,-6,-6
4007,4007,-6,-6
4008,4008,-6,-6
4009,4009,-6,-6
4010,4010,-6,-6
4011,4011,-6,-6
4012,4012,-6,-6
4013,4013,-6,-6
4014,4014,-6,-6
4015,4015,-6,-6
4016,4016,-6,-6
4017,4017,-6,-6
4018,4018,-6,-6
4019,4019,-6,-6
4020,4020,-6,-6
4021,4021,-6,-6
4022,4022,-6,-6
4023,4023,-6,-6
4024,4024,-6,-6
4025,4025,-6,-6
4026,4026,-6,-6
4027,4027,-6,-6
4028,4028,-6,-6
4029,4029,-6,-6
4030,4030,-6,-6
4031,4031,-6,-6
4032,4032,-6,-6
4033,4033,-6,-6
4034,4034,-6,-6
4035,4035,-6,-6
4036,4036,-6,-6
4037,4037,-6,-6
4038,4038,-6,-6
4039,4039,-6,-6
4040,4040,-6,-6
4041,4041,-6,-6
4042,4042,-6,-6
4043,4043,-6,-6
4044,4044,-6,-6
4045,4045,-6,-6
4046,4046,-6,-6
4047,4047,-6,-6
4048,4048,-6,-6
4049,4049,-6,-6
4050,4050,-6,-6
4051,4051,-6,-6
4052,4052,-6,-6
4053,4053,-6,-6
4054,4054,-6,-6
4055,4055,-6,-6
4056,4056,-6,-6
4057,4057,-6,-6
4058,4058,-6,-6
4059,4059,-6,-6
4060,4060,-6,-6
4061,4061,-6,-6
4062,4062,-6,-6
4063,4063,-6,-6
4064,4064,-6,-6
4065,4065,-6,-6
4066,4066,-6,-6
4067,4067,-6,-6
4068,4068,-6,-6
4069,4069,-6,-6
4070,4070,-6,-6
4071,4071,-6,-6
4072,4072,-6,-6
4073,4073,-6,-6
4074,4074,-6,-6
4075,4075,-6,-6
4076,4076,-6,-6
4077,4077,-6,-6
4078,4078,-6,-6
4079,4079,-6,-6
4080,4080,-6,-6
4081,4081,-6,-6
4082,4082,-6,-6
4083,4083,-6,-6
4084,4084,-6,-6
4085,4085,-6,-6
4086,4086,-6,-6
4087,4087,-6,-6
4088,4088,-6,-6
4089,4089,-6,-6
4090,4090,-6,-6
4091,4091,-6,-6
4092,4092,-6,-6
4093,4093,-6,-6
4094,4094,-6,-6
4095,4095,-6,-6
4096,4096,-6,-6
4097,4097,-6,-6
4098,4098,-6,-6
4099,4099,-6,-6
4100,4100,-6,-6
4101,4101,-6,-6
4102,4102,-6,-6
4103,4103,-6,-6
4104,4104,-6,-6
4105,4105,-6,-6
4106,4106,-6,-6
4107,4107,-6,-6
4108,4108,-6,-6
4109,4109,-6,-6
4110,4110,-6,-6
4111,4111,-6,-6
4112,4112,-6,-6
4113,4113,-6,-6
4114,4114,-6,-6
4115,4115,-6,-6
4116,4116,-6,-6
4117,4117,-6,-6
4118,4118,-6,-6
4119,4119,-6,-6
4120,4120,-6,-6
4121,4121,-6,-6
4122,4122,-6,-6
4123,4123,-6,-6
4124,4124,-6,-6
4125,4125,-6,-6
4126,4126,-6,-6
4127,4127,-6,-6
4128,4128,-6,-6
4129,4129,-6,-6
4130,4130,-6,-6
4131,4131,-6,-6
4132,4132,-6,-6
4133,4133,-6,-6
4134,4134,-6,-6
4135,4135,-6,-6
4136,4136,-6,-6
4137,4137,-6,-6
4138,4138,-6,-6
4139,4139,-6,-6
4140,4140,-6,-6
4141,4141,-6,-6
4142,4142,-6,-6
4143,4143,-6,-6
4144,4144,-6,-6
4145,4145,-6,-6
4146,4146,-6,-6
4147,4147,-6,-6
4148,4148,-6,-6
4149,4149,-6,-6
4150,4150,-6,-6
4151,4151,-6,-6
4152,4152,-6,-6
4153,4153,-6,-6
4154,4154,-6,-6
4155,4155,-6,-6
4156,4156,-6,-6
4157,4157,-6,-6
4158,4158,-6,-6
4159,4159,-6,-6
4160,4160,-6,-6
4161,4161,-6,-6
4162,4162,-6,-6
4163,4163,-6,-6
4164,4164,-6,-6
4165,4165,-6,-6
4166,4166,-6,-6
4167,4167,-6,-6
4168,4168,-6,-6
4169,4169,-6,-6
4170,4170,-6,-6
4171,4171,-6,-6
4172,4172,-6,-6
4173,4173,-6,-6
4174,4174,-6,-6
4175,4175,-6,-6
4176,4176,-6,-6
4177,4177,-6,-6
4178,4178,-6,-6
4179,4179,-6,-6
4180,4180,-6,-6
4181,4181,-6,-6
4182,4182,-6,-6
4183,4183,-6,-6
4184,4184,-6,-6
4185,4185,-6,-6
4186,4186,-6,-6
4187,4187,-6,-6
4188,4188,-6,-6
4189,4189,-6,-6
4190,4190,-6,-6
4191,4191,-6,-6
4192,4192,-6,-6
4193,4193,-6,-6
4194,4194,-6,-6
4195,4195,-6,-6
4196,4196,-6,-6
4197,4197,-6,-6
4198,4198,-6,-6
4199,4199,-6,-6
4200,4200,-6,-6
4201,4201,-6,-6
4202,4202,-6,-6
4203,4203,-6,-6
4204,4204,-6,-6
4205,4205,-6,-6
4206,4206,-6,-6
4207,4207,-6,-6
4208,4208,-6,-6
4209,4209,-6,-6
4210,4210,-6,-6
4211,4211,-6,-6
4212,4212,-6,-6
4213,4213,-6,-6
4214,4214,-6,-6
4215,4215,-6,-6
4216,4216,-6,-6
4217,4217,-6,-6
4218,4218,-6,-6
4219,4219,-6,-6
4220,4220,-6,-6
4221,4221,-6,-6
4222,4222,-6,-6
4223,4223,-6,-6
4224,4224,-6,-6
4225,4225,-6,-6
4226,4226,-6,-6
4227,4227,-6,-6
4228,4228,-6,-6
4229,4229,-6,-6
4230,4230,-6,-6
4231,4231,-6,-6
4232,4232,-6,-6
4233,4233,-6,-6
4234,4234,-6,-6
4235,4235,-6,-6
4236,4236,-6,-6
4237,4237,-6,-6
4238,4238,-6,-6
4239,4239,-6,-6
4240,4240,-6,-6
4241,4241,-6,-6
4242,4242,-6,-6
4243,4243,-6,-6
4244,4244,-6,-6
4245,4245,-6,-6
4246,4246,-6,-6
4247,4247,-6,-6
4248,4248,-6,-6
4249,4249,-6,-6
4250,4250,-6,-6
4251,4251,-6,-6
4252,4252,-6,-6
4253,4253,-6,-6
4254,4254,-6,-6
4255,4255,-6,-6
4256,4256,-6,-6
4257,4257,-6,-6
4258,4258,-6,-6
4259,4259,-6,-6
4260,4260,-6,-6
4261,4261,-6,-6
4262,4262,-6,-6
4263,4263,-6,-6
4264,4264,-6,-6
4265,4265,-6,-6
4266,4266,-6,-6
4267,4267,-6,-6
4268,4268,-6,-6
4269,4269,-6,-6
4270,4270,-6,-6
4271,4271,-6,-6
4272,4272,-6,-6
4273,4273,-6,-6
4274,4274,-6,-6
4275,4275,-6,-6
4276,4276,-6,-6
4277,4277,-6,-6
4278,4278,-6,-6
4279,4279,-6,-6
4280,4280,-6,-6
4281,4281,-6,-6
4282,4282,-6,-6
4283,4283,-6,-6
4284,4284,-6,-6
4285,4285,-6,-6
4286,4286,-6,-6
4287,4287,-6,-6
4288,4288,-6,-6
4289,4289,-6,-6
4290,4290,-6,-6
4291,4291,-6,-6
4292,4292,-6,-6
4293,4293,-6,-6
4294,4294,-6,-6
4295,4295,-6,-6
4296,4296,-6,-6
4297,4297,-6,-6
4298,4298,-6,-6
4299,4299,-6,-6
4300,4300,-6,-6
4301,4301,-6,-6
4302,4302,-6,-6
4303,4303,-6,-6
4304,4304,-6,-6
4305,4305,-6,-6
4306,4306,-6,-6
4307,4307,-6,-6
4308,4308,-6,-6
4309,4309,-6,-6
4310,4310,-6,-6
4311,4311,-6,-6
4312,4312,-6,-6
4313,4313,-6,-6
4314,4314,-6,-6
4315,4315,-6,-6
4316,4316,-6,-6
4317,4317,-6,-6
4318,4318,-6,-6
4319,4319,-6,-6
4320,4320,-6,-6
4321,4321,-6,-6
4322,4322,-6,-6
4323,4323,-6,-6
4324,4324,-6,-6
4325,4325,-6,-6
4326,4326,-6,-6
4327,4327,-6,-6
4328,4328,-6,-6
4329,4329,-6,-6
4330,4330,-6,-6
4331,4331,-6,-6
4332,4332,-6,-6
4333,4333,-6,-6
4334,4334,-6,-6
4335,4335,-6,-6
4336,4336,-6,-6
4337,4337,-6,-6
4338,4338,-6,-6
4339,4339,-6,-6
4340,4340,-6,-6
4341,4341,-6,-6
4342,4342,-6,-6
4343,4343,-6,-6
4344,4344,-6,-6
4345,4345,-6,-6
4346,4346,-6,-6
4347,4347,-6,-6
4348,4348,-6,-6
4349,4349,-6,-6
4350,4350,-6,-6
4351,4351,-6,-6
4352,4352,-6,-6
4353,4353,-6,-6
4354,4354,-6,-6
4355,4355,-6,-6
4356,4356,-6,-6
4357,4357,-6,-6
4358,4358,-6,-6
4359,4359,-6,-6
4360,4360,-6,-6
4361,4361,-6,-6
4362,4362,-6,-6
4363,4363,-6,-6
4364,4364,-6,-6
4365,4365,-6,-6
4366,4366,-6,-6
4367,4367,-6,-6
4368,4368,-6,-6
4369,4369,-6,-6
4370,4370,-6,-6
4371,4371,-6,-6
4372,4372,-6,-6
4373,4373,-6,-6
4374,4374,-6,-6
4375,4375,-6,-6
4376,4376,-6,-6
4377,4377,-6,-6
4378,4378,-6,-6
4379,4379,-6,-6
4380,4380,-6,-6
4381,4381,-6,-6
4382,4382,-6,-6
4383,4383,-6,-6
4384,4384,-6,-6
4385,4385,-6,-6
4386,4386,-6,-6
4387,4387,-6,-6
4388,4388,-6,-6
4389,4389,-6,-6
4390,4390,-6,-6
4391,4391,-6,-6
4392,4392,-6,-6
4393,4393,-6,-6
4394,4394,-6,-6
4395,4395,-6,-6
4396,4396,-6,-6
4397,4397,-6,-6
4398,4398,-6,-6
4399,4399,-6,-6
4400,4400,-6,-6
4401,4401,-6,-6
4402,4402,-6,-6
4403,4403,-6,-6
4404,4404,-6,-6
4405,4405,-6,-6
4406,4406,-6,-6
4407,4407,-6,-6
4408,4408,-6,-6
4409,4409,-6,-6
4410,4410,-6,-6
4411,4411,-6,-6
4412,4412,-6,-6
4413,4413,-6,-6
4414,4414,-6,-6
4415,4415,-6,-6
4416,4416,-6,-6
4417,4417,-6,-6
4418,4418,-6,-6
4419,4419,-6,-6
4420,4420,-6,-6
4421,4421,-6,-6
4422,4422,-6,-6
4423,4423,-6,-6
4424,4424,-6,-6
4425,4425,-6,-6
4426,4426,-6,-6
4427,4427,-6,-6
4428,4428,-6,-6
4429,4429,-6,-6
4430,4430,-6,-6
4431,4431,-6,-6
4432,4432,-6,-6
4433,4433,-6,-6
4434,4434,-6,-6
4435,4435,-6,-6
4436,4436,-6,-6
4437,4437,-6,-6
4438,4438,-6,-6
4439,4439,-6,-6
4440,4440,-6,-6
4441,4441,-6,-6
4442,4442,-6,-6
4443,4443,-6,-6
4444,4444,-6,-6
4445,4445,-6,-6
4446,4446,-6,-6
4447,4447,-6,-6
4448,4448,-6,-6
4449,4449,-6,-6
4450,4450,-6,-6
4451,4451,-6,-6
4452,4452,-6,-6
4453,4453,-6,-6
4454,4454,-6,-6
4455,4455,-6,-6
4456,4456,-6,-6
4457,4457,-6,-6
4458,4458,-6,-6
4459,4459,-6,-6
4460,4460,-6,-6
4461,4461,-6,-6
4462,4462,-6,-6
4463,4463,-6,-6
4464,4464,-6,-6
4465,4465,-6,-6
4466,4466,-6,-6
4467,4467,-6,-6
4468,4468,-6,-6
4469,4469,-6,-6
4470,4470,-6,-6
4471,4471,-6,-6
4472,4472,-6,-6
4473,4473,-6,-6
4474,4474,-6,-6
4475,4475,-6,-6
4476,4476,-6,-6
4477,4477,-6,-6
4478,4478,-6,-6
4479,4479,-6,-6
4480,4480,-6,-6
4481,4481,-6,-6
4482,4482,-6,-6
4483,4483,-6,-6
4484,4484,-6,-6
4485,4485,-6,-6
4486,4486,-6,-6
4487,4487,-6,-6
4488,4488,-6,-6
4489,4489,-6,-6
4490,4490,-6,-6
4491,4491,-6,-6
4492,4492,-6,-6
4493,4493,-6,-6
4494,4494,-6,-6
4495,4495,-6,-6
4496,4496,-6,-6
4497,4497,-6,-6
4498,4498,-6,-6
4499,4499,-6,-6
4500,4500,-6,-6
4501,4501,-6,-6
4502,4502,-6,-6
4503,4503,-6,-6
4504,4504,-6,-6
4505,4505,-6,-6
4506,4506,-6,-6
4507,4507,-6,-6
4508,4508,-6,-6
4509,4509,-6,-6
4510,4510,-6,-6
4511,4511,-6,-6
4512,4512,-6,-6
4513,4513,-6,-6
4514,4514,-6,-6
4515,4515,-6,-6
4516,4516,-6,-6
4517,4517,-6,-6
4518,4518,-6,-6
4519,4519,-6,-6
4520,4520,-6,-6
4521,4521,-6,-6
4522,4522,-6,-6
4523,4523,-6,-6
4524,4524,-6,-6
4525,4525,-6,-6
4526,4526,-6,-6
4527,4527,-6,-6
4528,4528,-6,-6
4529,4529,-6,-6
4530,4530,-6,-6
4531,4531,-6,-6
4532,4532,-6,-6
4533,4533,-6,-6
4534,4534,-6,-6
4535,4535,-6,-6
4536,4536,-6,-6
4537,4537,-6,-6
4538,4538,-6,-6
4539,4539,-6,-6
4540,4540,-6,-6
4541,4541,-6,-6
4542,4542,-6,-6
4543,4543,-6,-6
4544,4544,-6,-6
4545,4545,-6,-6
4546,4546,-6,-6
4547,4547,-6,-6
4548,4548,-6,-6
4549,4549,-6,-6
4550,4550,-6,-6
4551,4551,-6,-6
4552,4552,-6,-6
4553,4553,-6,-6
4554,4554,-6,-6
4555,4555,-6,-6
4556,4556,-6,-6
4557,4557,-6,-6
4558,4558,-6,-6
4559,4559,-6,-6
4560,4560,-6,-6
4561,4561,-6,-6
4562,4562,-6,-6
4563,4563,-6,-6
4564,4564,-6,-6
4565,4565,-6,-6
4566,4566,-6,-6
4567,4567,-6,-6
4568,4568,-6,-6
4569,4569,-6,-6
4570,4570,-6,-6
4571,4571,-6,-6
4572,4572,-6,-6
4573,4573,-6,-6
4574,4574,-6,-6
4575,4575,-6,-6
4576,4576,-6,-6
4577,4577,-6,-6
4578,4578,-6,-6
4579,4579,-6,-6
4580,4580,-6,-6
4581,4581,-6,-6
4582,4582,-6,-6
4583,4583,-6,-6
4584,4584,-6,-6
4585,4585,-6,-6
4586,4586,-6,-6
4587,4587,-6,-6
4588,4588,-6,-6
4589,4589,-6,-6
4590,4590,-6,-6
4591,4591,-6,-6
4592,4592,-6,-6
4593,4593,-6,-6
4594,4594,-6,-6
4595,4595,-6,-6
4596,4596,-6,-6
4597,4597,-6,-6
4598,4598,-6,-6
4599,4599,-6,-6
4600,4600,-6,-6
4601,4601,-6,-6
4602,4602,-6,-6
4603,4603,-6,-6
4604,4604,-6,-6
4605,4605,-6,-6
4606,4606,-6,-6
4607,4607,-6,-6
4608,4608,-6,-6
4609,4609,-6,-6
4610,4610,-6,-6
4611,4611,-6,-6
4612,4612,-6,-6
4613,4613,-6,-6
4614,4614,-6,-6
4615,4615,-6,-6
4616,4616,-6,-6
4617,4617,-6,-6
4618,4618,-6,-6
4619,4619,-6,-6
4620,4620,-6,-6
4621,4621,-6,-6
4622,4622,-6,-6
4623,4623,-6,-6
4624,4624,-6,-6
4625,4625,-6,-6
4626,4626,-6,-6
4627,4627,-6,-6
4628,4628,-6,-6
4629,4629,-6,-6
4630,4630,-6,-6
4631,4631,-6,-6
4632,4632,-6,-6
4633,4633,-6,-6
4634,4634,-6,-6
4635,4635,-6,-6
4636,4636,-6,-6
4637,4637,-6,-6
4638,4638,-6,-6
4639,4639,-6,-6
4640,4640,-6,-6
4641,4641,-6,-6
4642,4642,-6,-6
4643,4643,-6,-6
4644,4644,-6,-6
4645,4645,-6,-6
4646,4646,-6,-6
4647,4647,-6,-6
4648,4648,-6,-6
4649,4649,-6,-6
4650,4650,-6,-6
4651,4651,-6,-6
4652,4652,-6,-6
4653,4653,-6,-6
4654,4654,-6,-6
4655,4655,-6,-6
4656,4656,-6,-6
4657,4657,-6,-6
4658,4658,-6,-6
4659,4659,-6,-6
4660,4660,-6,-6
4661,4661,-6,-6
4662,4662,-6,-6
4663,4663,-6,-6
4664,4664,-6,-6
4665,4665,-6,-6
4666,4666,-6,-6
4667,4667,-6,-6
4668,4668,-6,-6
4669,4669,-6,-6
4670,4670,-6,-6
4671,4671,-6,-6
4672,4672,-6,-6
4673,4673,-6,-6
4674,4674,-6,-6
4675,4675,-6,-6
4676,4676,-6,-6
4677,4677,-6,-6
4678,4678,-6,-6
4679,4679,-6,-6
4680,4680,-6,-6
4681,4681,-6,-6
4682,4682,-6,-6
4683,4683,-6,-6
4684,4684,-6,-6
4685,4685,-6,-6
4686,4686,-6,-6
4687,4687,-6,-6
4688,4688,-6,-6
4689,4689,-6,-6
4690,4690,-6,-6
4691,4691,-6,-6
4692,4692,-6,-6
4693,4693,-6,-6
4694,4694,-6,-6
4695,4695,-6,-6
4696,4696,-6,-6
4697,4697,-6,-6
4698,4698,-6,-6
4699,4699,-6,-6
4700,4700,-6,-6
4701,4701,-6,-6
4702,4702,-6,-6
4703,4703,-6,-6
4704,4704,-6,-6
4705,4705,-6,-6
4706,4706,-6,-6
4707,4707,-6,-6
4708,4708,-6,-6
4709,4709,-6,-6
4710,4710,-6,-6
4711,4711,-6,-6
4712,4712,-6,-6
4713,4713,-6,-6
4714,4714,-6,-6
4715,4715,-6,-6
4716,4716,-6,-6
4717,4717,-6,-6
4718,4718,-6,-6
4719,4719,-6,-6
4720,4720,-6,-6
4721,4721,-6,-6
4722,4722,-6,-6
4723,4723,-6,-6
4724,4724,-6,-6
4725,4725,-6,-6
4726,4726,-6,-6
4727,4727,-6,-6
4728,4728,-6,-6
4729,4729,-6,-6
4730,4730,-6,-6
4731,4731,-6,-6
4732,4732,-6,-6
4733,4733,-6,-6
4734,4734,-6,-6
4735,4735,-6,-6
4736,4736,-6,-6
4737,4737,-6,-6
4738,4738,-6,-6
4739,4739,-6,-6
4740,4740,-6,-6
4741,4741,-6,-6
4742,4742,-6,-6
4743,4743,-6,-6
4744,4744,-6,-6
4745,4745,-6,-6
4746,4746,-6,-6
4747,4747,-6,-6
4748,4748,-6,-6
4749,4749,-6,-6
4750,4750,-6,-6
4751,4751,-6,-6
4752,4752,-6,-6
4753,4753,-6,-6
4754,4754,-6,-6
4755,4755,-6,-6
4756,4756,-6,-6
4757,4757,-6,-6
4758,4758,-6,-6
4759,4759,-6,-6
4760,4760,-6,-6
4761,4761,-6,-6
4762,4762,-6,-6
4763,4763,-6,-6
4764,4764,-6,-6
4765,4765,-6,-6
4766,4766,-6,-6
4767,4767,-6,-6
4768,4768,-6,-6
4769,4769,-6,-6
4770,4770,-6,-6
4771,4771,-6,-6
4772,4772,-6,-6
4773,4773,-6,-6
4774,4774,-6,-6
4775,4775,-6,-6
4776,4776,-6,-6
4777,4777,-6,-6
4778,4778,-6,-6
4779,4779,-6,-6
4780,4780,-6,-6
4781,4781,-6,-6
4782,4782,-6,-6
4783,4783,-6,-6
4784,4784,-6,-6
4785,4785,-6,-6
4786,4786,-6,-6
4787,4787,-6,-6
4788,4788,-6,-6
4789,4789,-6,-6
4790,4790,-6,-6
4791,4791,-6,-6
4792,4792,-6,-6
4793,4793,-6,-6
4794,4794,-6,-6
4795,4795,-6,-6
4796,4796,-6,-6
4797,4797,-6,-6
4798,4798,-6,-6
4799,4799,-6,-6
4800,4800,-6,-6
4801,4801,-6,-6
4802,4802,-6,-6
4803,4803,-6,-6
4804,4804,-6,-6
4805,4805,-6,-6
4806,4806,-6,-6
4807,4807,-6,-6
4808,4808,-6,-6
4809,4809,-6,-6
4810,4810,-6,-6
4811,4811,-6,-6
4812,4812,-6,-6
4813,4813,-6,-6
4814,4814,-6,-6
4815,4815,-6,-6
4816,4816,-6,-6
4817,4817,-6,-6
4818,4818,-6,-6
4819,4819,-6,-6
4820,4820,-6,-6
4821,4821,-6,-6
4822,4822,-6,-6
4823,4823,-6,-6
4824,4824,-6,-6
4825,4825,-6,-6
4826,4826,-6,-6
4827,4827,-6,-6
4828,4828,-6,-6
4829,4829,-6,-6
4830,4830,-6,-6
4831,4831,-6,-6
4832,4832,-6,-6
4833,4833,-6,-6
4834,4834,-6,-6
4835,4835,-6,-6
4836,4836,-6,-6
4837,4837,-6,-6
4838,4838,-6,-6
4839,4839,-6,-6
4840,4840,-6,-6
4841,4841,-6,-6
4842,4842,-6,-6
4843,4843,-6,-6
4844,4844,-6,-6
4845,4845,-6,-6
4846,4846,-6,-6
4847,4847,-6,-6
4848,4848,-6,-6
4849,4849,-6,-6
4850,4850,-6,-6
4851,4851,-6,-6
4852,4852,-6,-6
4853,4853,-6,-6
4854,4854,-6,-6
4855,4855,-6,-6
4856,4856,-6,-6
4857,4857,-6,-6
4858,4858,-6,-6
4859,4859,-6,-6
4860,4860,-6,-6
4861,4861,-6,-6
4862,4862,-6,-6
4863,4863,-6,-6
4864,4864,-6,-6
4865,4865,-6,-6
4866,4866,-6,-6
4867,4867,-6,-6
4868,4868,-6,-6
4869,4869,-6,-6
4870,4870,-6,-6
4871,4871,-6,-6
4872,4872,-6,-6
4873,4873,-6,-6
4874,4874,-6,-6
4875,4875,-6,-6
4876,4876,-6,-6
4877,4877,-6,-6
4878,4878,-6,-6
4879,4879,-6,-6
4880,4880,-6,-6
4881,4881,-6,-6
4882,4882,-6,-6
4883,4883,-6,-6
4884,4884,-6,-6
4885,4885,-6,-6
4886,4886,-6,-6
4887,4887,-6,-6
4888,4888,-6,-6
4889,4889,-6,-6
4890,4890,-6,-6
4891,4891,-6,-6
4892,4892,-6,-6
4893,4893,-6,-6
4894,4894,-6,-6
4895,4895,-6,-6
4896,4896,-6,-6
4897,4897,-6,-6
4898,4898,-6,-6
4899,4899,-6,-6
4900,4900,-6,-6
4901,4901,-6,-6
4902,4902,-6,-6
4903,4903,-6,-6
4904,4904,-6,-6
4905,4905,-6,-6
4906,4906,-6,-6
4907,4907,-6,-6
4908,4908,-6,-6
4909,4909,-6,-6
4910,4910,-6,-6
4911,4911,-6,-6
4912,4912,-6,-6
4913,4913,-6,-6
4914,4914,-6,-6
4915,4915,-6,-6
4916,4916,-6,-6
4917,4917,-6,-6
4918,4918,-6,-6
4919,4919,-6,-6
4920,4920,-6,-6
4921,4921,-6,-6
4922,4922,-6,-6
4923,4923,-6,-6
4924,4924,-6,-6
4925,4925,-6,-6
4926,4926,-6,-6
4927,4927,-6,-6
4928,4928,-6,-6
4929,4929,-6,-6
4930,4930,-6,-6
4931,4931,-6,-6
4932,4932,-6,-6
4933,4933,-6,-6
4934,4934,-6,-6
4935,4935,-6,-6
4936,4936,-6,-6
4937,4937,-6,-6
4938,4938,-6,-6
4939,4939,-6,-6
4940,4940,-6,-6
4941,4941,-6,-6
4942,4942,-6,-6
4943,4943,-6,-6
4944,4944,-6,-6
4945,4945,-6,-6
4946,4946,-6,-6
4947,4947,-6,-6
4948,4948,-6,-6
4949,4949,-6,-6
4950,4950,-6,-6
4951,4951,-6,-6
4952,4952,-6,-6
4953,4953,-6,-6
4954,4954,-6,-6
4955,4955,-6,-6
4956,4956,-6,-6
4957,4957,-6,-6
4958,4958,-6,-6
4959,4959,-6,-6
4960,4960,-6,-6
4961,4961,-6,-6
4962,4962,-6,-6
4963,4963,-6,-6
4964,4964,-6,-6
4965,4965,-6,-6
4966,4966,-6,-6
4967,4967,-6,-6
4968,4968,-6,-6
4969,4969,-6,-6
4970,4970,-6,-6
4971,4971,-6,-6
4972,4972,-6,-6
4973,4973,-6,-6
4974,4974,-6,-6
4975,4975,-6,-6
4976,4976,-6,-6
4977,4977,-6,-6
4978,4978,-6,-6
4979,4979,-6,-6
4980,4980,-6,-6
4981,4981,-6,-6
4982,4982,-6,-6
4983,4983,-6,-6
4984,4984,-6,-6
4985,4985,-6,-6
4986,4986,-6,-6
4987,4987,-6,-6
4988,4988,-6,-6
4989,4989,-6,-6
4990,4990,-6,-6
4991,4991,-6,-6
4992,4992,-6,-6
4993,4993,-6,-6
4994,4994,-6,-6
4995,4995,-6,-6
4996,4996,-6,-6
4997,4997,-6,-6
4998,4998,-6,-6
4999,4999,-6,-6
5000,5000,-6,-6
