0,1,71,-6
1,1,-6,-1
2,1,-1,-2
3,1,-2,-1
4,1,-1,0
5,1,0,-2
6,1,-2,-1
7,1,-1,-2
8,1,-2,-4
9,1,-4,-2
10,1,-2,-1
11,1,-1,-1
12,1,-1,-4
13,1,-4,-4
14,1,-4,-3
15,1,-3,-2
16,1,-2,-2
17,1,-2,-2
18,1,-2,0
19,1,0,0
20,1,0,-1
21,1,-1,-2
22,1,-2,0
23,1,0,-1
24,1,-1,0
25,1,0,-3
26,1,-3,-1
27,1,-1,-1
28,1,-1,-2
29,1,-2,-4
30,1,-4,-4
31,1,-4,-2
32,1,-2,-3
33,1,-3,0
34,1,0,0
35,1,0,-3
36,1,-3,-1
37,1,-1,-2
38,1,-2,-1
39,1,-1,-1
40,1,-1,-1
41,1,-1,0
42,1,0,-2
43,1,-2,-1
44,1,-1,-3
45,1,-3,-3
46,1,-3,-2
47,1,-2,-1
48,1,-1,-2
49,1,-2,-2
50,1,-2,-3
51,1,-3,-2
52,1,-2,0
53,1,0,-1
54,1,-1,-2
55,1,-2,-1
56,1,-1,-1
57,1,-1,0
58,1,0,-4
59,1,-4,-1
60,1,-1,-3
61,1,-3,-2
62,1,-2,0
63,1,0,-3
64,1,-3,-1
65,1,-1,-1
66,1,-1,-1
67,1,-1,-3
68,1,-3,-1
69,1,-1,-1
70,1,-1,0
71,1,0,-1
72,1,-1,-3
73,1,-3,-2
74,1,-2,-2
75,1,-2,-4
76,1,-4,-3
77,1,-3,-2
78,1,-2,-1
79,1,-1,-2
80,1,-2,-2
81,1,-2,-2
82,1,-2,-3
83,1,-3,0
84,1,0,-2
85,1,-2,-2
86,1,-2,-2
87,1,-2,-2
88,1,-2,-1
89,1,-1,-2
90,1,-2,-3
91,1,-3,-2
92,1,-2,-3
93,1,-3,-3
94,1,-3,0
95,1,0,-1
96,1,-1,-3
97,1,-3,-3
98,1,-3,0
99,1,0,-2
100,1,-2,0
101,1,0,-2
102,1,-2,-1
103,1,-1,-3
104,1,-3,-1
105,1,-1,-2
106,1,-2,-2
107,1,-2,-2
108,1,-2,-2
109,1,-2,-2
110,1,-2,-2
111,1,-2,-2
112,1,-2,-2
113,1,-2,-3
114,1,-3,-2
115,1,-2,-1
116,1,-1,-1
117,1,-1,-3
118,1,-3,0
119,1,0,-1
120,1,-1,-2
121,1,-2,-1
122,1,-1,-3
123,1,-3,-1
124,1,-1,-3
125,1,-3,-1
126,1,-1,-2
127,1,-2,-3
128,1,-3,-2
129,1,-2,0
130,1,0,-1
131,1,-1,-4
132,1,-4,-1
133,1,-1,-2
134,1,-2,-2
135,1,-2,0
136,1,0,0
137,1,0,-2
138,1,-2,-2
139,1,-2,0
140,1,0,-3
141,1,-3,-1
142,1,-1,-1
143,1,-1,-3
144,1,-3,-1
145,1,-1,-1
146,1,-1,0
147,1,0,-3
148,1,-3,-1
149,1,-1,-2
150,1,-2,-1
151,1,-1,-1
152,1,-1,-2
153,1,-2,-2
154,1,-2,0
155,1,0,-3
156,1,-3,-3
157,1,-3,-1
158,1,-1,-1
159,1,-1,-3
160,1,-3,-4
161,1,-4,-1
162,1,-1,-2
163,1,-2,-2
164,1,-2,-2
165,1,-2,-1
166,1,-1,-4
167,1,-4,0
168,1,0,-3
169,1,-3,-1
170,1,-1,0
171,1,0,-3
172,1,-3,-3
173,1,-3,-3
174,1,-3,-3
175,1,-3,-2
176,1,-2,-2
177,1,-2,-2
178,1,-2,-1
179,1,-1,-3
180,1,-3,0
181,1,0,-3
182,1,-3,-2
183,1,-2,-3
184,1,-3,-2
185,1,-2,-4
186,1,-4,-2
187,1,-2,-3
188,1,-3,0
189,1,0,-3
190,1,-3,-4
191,1,-4,-1
192,1,-1,-2
193,1,-2,0
194,1,0,-2
195,1,-2,-1
196,1,-1,-2
197,1,-2,-1
198,1,-1,-3
199,1,-3,-3
200,1,-3,-3
201,1,-3,-2
202,1,-2,-1
203,1,-1,-3
204,1,-3,-2
205,1,-2,0
206,1,0,-2
207,1,-2,-1
208,1,-1,0
209,1,0,-3
210,1,-3,-1
211,1,-1,-2
212,1,-2,-2
213,1,-2,-3
214,1,-3,0
215,1,0,-2
216,1,-2,-1
217,1,-1,-1
218,1,-1,-2
219,1,-2,-3
220,1,-3,-2
221,1,-2,-1
222,1,-1,-2
223,1,-2,-1
224,1,-1,-1
225,1,-1,-1
226,1,-1,0
227,1,0,-1
228,1,-1,0
229,1,0,-2
230,1,-2,-1
231,1,-1,-1
232,1,-1,-2
233,1,-2,-1
234,1,-1,-2
235,1,-2,-1
236,1,-1,-1
237,1,-1,0
238,1,0,-3
239,1,-3,-3
240,1,-3,-2
241,1,-2,-2
242,1,-2,-2
243,1,-2,-2
244,1,-2,-1
245,1,-1,-2
246,1,-2,-1
247,1,-1,-1
248,1,-1,0
249,1,0,-2
250,1,-2,-1
251,1,-1,0
252,1,0,-2
253,1,-2,-2
254,1,-2,-2
255,1,-2,-3
256,1,-3,-1
257,1,-1,-3
258,1,-3,-4
259,1,-4,-2
260,1,-2,-1
261,1,-1,-1
262,1,-1,-2
263,1,-2,-2
264,1,-2,-4
265,1,-4,-1
266,1,-1,0
267,1,0,-1
268,1,-1,-3
269,1,-3,-1
270,1,-1,0
271,1,0,-2
272,1,-2,-1
273,1,-1,-2
274,1,-2,-3
275,1,-3,-3
276,1,-3,-1
277,1,-1,-2
278,1,-2,-1
279,1,-1,-3
280,1,-3,-2
281,1,-2,-2
282,1,-2,-2
283,1,-2,-2
284,1,-2,-2
285,1,-2,-2
286,1,-2,-2
287,1,-2,-1
288,1,-1,-2
289,1,-2,-1
290,1,-1,-1
291,1,-1,-2
292,1,-2,-2
293,1,-2,-3
294,1,-3,-1
295,1,-1,-1
296,1,-1,-2
297,1,-2,-3
298,1,-3,-2
299,1,-2,0
300,1,0,-3
301,1,-3,-1
302,1,-1,-1
303,1,-1,-1
304,1,-1,-2
305,1,-2,-4
306,1,-4,-1
307,1,-1,0
308,1,0,-1
309,1,-1,-2
310,1,-2,-3
311,1,-3,-3
312,1,-3,-2
313,1,-2,-3
314,1,-3,0
315,1,0,-1
316,1,-1,-1
317,1,-1,-1
318,1,-1,-3
319,1,-3,0
320,1,0,0
321,1,0,-1
322,1,-1,-2
323,1,-2,-2
324,1,-2,-2
325,1,-2,-2
326,1,-2,-3
327,1,-3,-2
328,1,-2,-2
329,1,-2,0
330,1,0,-3
331,1,-3,-2
332,1,-2,-1
333,1,-1,-2
334,1,-2,-1
335,1,-1,-2
336,1,-2,-1
337,1,-1,-3
338,1,-3,-2
339,1,-2,-1
340,1,-1,-1
341,1,-1,-1
342,1,-1,-1
343,1,-1,-3
344,1,-3,-2
345,1,-2,-1
346,1,-1,-2
347,1,-2,-2
348,1,-2,-1
349,1,-1,-1
350,1,-1,-1
351,1,-1,-2
352,1,-2,-1
353,1,-1,-5
354,1,-5,-3
355,1,-3,-2
356,1,-2,-3
357,1,-3,-3
358,1,-3,-2
359,1,-2,-3
360,1,-3,0
361,1,0,-1
362,1,-1,-1
363,1,-1,-3
364,1,-3,-3
365,1,-3,0
366,1,0,-2
367,1,-2,-2
368,1,-2,0
369,1,0,-2
370,1,-2,-2
371,1,-2,-1
372,1,-1,-2
373,1,-2,-3
374,1,-3,-1
375,1,-1,-3
376,1,-3,0
377,1,0,-1
378,1,-1,-2
379,1,-2,-1
380,1,-1,0
381,1,0,-2
382,1,-2,-2
383,1,-2,-1
384,1,-1,-3
385,1,-3,0
386,1,0,-2
387,1,-2,-3
388,1,-3,-2
389,1,-2,-3
390,1,-3,-4
391,1,-4,-1
392,1,-1,-2
393,1,-2,-1
394,1,-1,-2
395,1,-2,-3
396,1,-3,-2
397,1,-2,-2
398,1,-2,0
399,1,0,-2
400,1,-2,-3
401,1,-3,-1
402,1,-1,-3
403,1,-3,-2
404,1,-2,-2
405,1,-2,-2
406,1,-2,-3
407,1,-3,-2
408,1,-2,-3
409,1,-3,-3
410,1,-3,-4
411,1,-4,-1
412,1,-1,-2
413,1,-2,-1
414,1,-1,-3
415,1,-3,-2
416,1,-2,-3
417,1,-3,-2
418,1,-2,-1
419,1,-1,-2
420,1,-2,-1
421,1,-1,-1
422,1,-1,-2
423,1,-2,-3
424,1,-3,-1
425,1,-1,-2
426,1,-2,-2
427,1,-2,-4
428,1,-4,-1
429,1,-1,0
430,1,0,-2
431,1,-2,-3
432,1,-3,-2
433,1,-2,-1
434,1,-1,-3
435,1,-3,-1
436,1,-1,-1
437,1,-1,-3
438,1,-3,-2
439,1,-2,-1
440,1,-1,-2
441,1,-2,-1
442,1,-1,-1
443,1,-1,-2
444,1,-2,-1
445,1,-1,-1
446,1,-1,-3
447,1,-3,-2
448,1,-2,0
449,1,0,-1
450,1,-1,0
451,1,0,-1
452,1,-1,-3
453,1,-3,-4
454,1,-4,-3
455,1,-3,-3
456,1,-3,-4
457,1,-4,-3
458,1,-3,0
459,1,0,-1
460,1,-1,-2
461,1,-2,-2
462,1,-2,0
463,1,0,-2
464,1,-2,-3
465,1,-3,-3
466,1,-3,0
467,1,0,-1
468,1,-1,-1
469,1,-1,-1
470,1,-1,-2
471,1,-2,-2
472,1,-2,-2
473,1,-2,-1
474,1,-1,-2
475,1,-2,-1
476,1,-1,-3
477,1,-3,-2
478,1,-2,0
479,1,0,0
480,1,0,-2
481,1,-2,-2
482,1,-2,-2
483,1,-2,0
484,1,0,0
485,1,0,-1
486,1,-1,-1
487,1,-1,-1
488,1,-1,-2
489,1,-2,-2
490,1,-2,-3
491,1,-3,-3
492,1,-3,-1
493,1,-1,-2
494,1,-2,0
495,1,0,-1
496,1,-1,-3
497,1,-3,-1
498,1,-1,-2
499,1,-2,-1
500,1,-1,-1
501,1,-1,-3
502,1,-3,-1
503,1,-1,-2
504,1,-2,-2
505,1,-2,-3
506,1,-3,-1
507,1,-1,-2
508,1,-2,-4
509,1,-4,-1
510,1,-1,-1
511,1,-1,-2
512,1,-2,-3
513,1,-3,-1
514,1,-1,-3
515,1,-3,-3
516,1,-3,-3
517,1,-3,-2
518,1,-2,-2
519,1,-2,0
520,1,0,-1
521,1,-1,-1
522,1,-1,-2
523,1,-2,-3
524,1,-3,-1
525,1,-1,0
526,1,0,-2
527,1,-2,-1
528,1,-1,0
529,1,0,-1
530,1,-1,0
531,1,0,-2
532,1,-2,-3
533,1,-3,-3
534,1,-3,-2
535,1,-2,-1
536,1,-1,0
537,1,0,-2
538,1,-2,-3
539,1,-3,-1
540,1,-1,-3
541,1,-3,-2
542,1,-2,-2
543,1,-2,-2
544,1,-2,-3
545,1,-3,0
546,1,0,-3
547,1,-3,-3
548,1,-3,0
549,1,0,-2
550,1,-2,0
551,1,0,-3
552,1,-3,-3
553,1,-3,-1
554,1,-1,-1
555,1,-1,-1
556,1,-1,-3
557,1,-3,-2
558,1,-2,-2
559,1,-2,-1
560,1,-1,-1
561,1,-1,-3
562,1,-3,0
563,1,0,-1
564,1,-1,-2
565,1,-2,0
566,1,0,-4
567,1,-4,-2
568,1,-2,-1
569,1,-1,-1
570,1,-1,-2
571,1,-2,-4
572,1,-4,-2
573,1,-2,-2
574,1,-2,-3
575,1,-3,-1
576,1,-1,-2
577,1,-2,-3
578,1,-3,-2
579,1,-2,-3
580,1,-3,-2
581,1,-2,0
582,1,0,-2
583,1,-2,-1
584,1,-1,-3
585,1,-3,-1
586,1,-1,-2
587,1,-2,-2
588,1,-2,0
589,1,0,0
590,1,0,-2
591,1,-2,-4
592,1,-4,-1
593,1,-1,-2
594,1,-2,-1
595,1,-1,-1
596,1,-1,-2
597,1,-2,-2
598,1,-2,-1
599,1,-1,-3
600,1,-3,-2
601,1,-2,-2
602,1,-2,-1
603,1,-1,-3
604,1,-3,-3
605,1,-3,-3
606,1,-3,-2
607,1,-2,-2
608,1,-2,-1
609,1,-1,-2
610,1,-2,0
611,1,0,-3
612,1,-3,-2
613,1,-2,-3
614,1,-3,-1
615,1,-1,-2
616,1,-2,-5
617,1,-5,-3
618,1,-3,-2
619,1,-2,-2
620,1,-2,-2
621,1,-2,-1
622,1,-1,-1
623,1,-1,-2
624,1,-2,0
625,1,0,-1
626,1,-1,-1
627,1,-1,-4
628,1,-4,-3
629,1,-3,-1
630,1,-1,-2
631,1,-2,-2
632,1,-2,-1
633,1,-1,-1
634,1,-1,0
635,1,0,-1
636,1,-1,-3
637,1,-3,-2
638,1,-2,-1
639,1,-1,-3
640,1,-3,-2
641,1,-2,-3
642,1,-3,-2
643,1,-2,-1
644,1,-1,-2
645,1,-2,-2
646,1,-2,-3
647,1,-3,0
648,1,0,-3
649,1,-3,-2
650,1,-2,0
651,1,0,0
652,1,0,0
653,1,0,-2
654,1,-2,-3
655,1,-3,0
656,1,0,-2
657,1,-2,-2
658,1,-2,-2
659,1,-2,-3
660,1,-3,-1
661,1,-1,-1
662,1,-1,0
663,1,0,-3
664,1,-3,-1
665,1,-1,-2
666,1,-2,-1
667,1,-1,-1
668,1,-1,-2
669,1,-2,-3
670,1,-3,-2
671,1,-2,-4
672,1,-4,-1
673,1,-1,0
674,1,0,-1
675,1,-1,-1
676,1,-1,-2
677,1,-2,-2
678,1,-2,-1
679,1,-1,-2
680,1,-2,-2
681,1,-2,-1
682,1,-1,-2
683,1,-2,-3
684,1,-3,-1
685,1,-1,-1
686,1,-1,-1
687,1,-1,-2
688,1,-2,-2
689,1,-2,0
690,1,0,-3
691,1,-3,-3
692,1,-3,-1
693,1,-1,-1
694,1,-1,-2
695,1,-2,-1
696,1,-1,-1
697,1,-1,-2
698,1,-2,-2
699,1,-2,-1
700,1,-1,-2
701,1,-2,-2
702,1,-2,-2
703,1,-2,-1
704,1,-1,-2
705,1,-2,-1
706,1,-1,0
707,1,0,-2
708,1,-2,-2
709,1,-2,-1
710,1,-1,-2
711,1,-2,-2
712,1,-2,-2
713,1,-2,-2
714,1,-2,-1
715,1,-1,-2
716,1,-2,-2
717,1,-2,-2
718,1,-2,-4
719,1,-4,-2
720,1,-2,-2
721,1,-2,-1
722,1,-1,-1
723,1,-1,-1
724,1,-1,-2
725,1,-2,-1
726,1,-1,0
727,1,0,-2
728,1,-2,-3
729,1,-3,-2
730,1,-2,-1
731,1,-1,-1
732,1,-1,-1
733,1,-1,-2
734,1,-2,-3
735,1,-3,-1
736,1,-1,-1
737,1,-1,-3
738,1,-3,-1
739,1,-1,-2
740,1,-2,-1
741,1,-1,-2
742,1,-2,-1
743,1,-1,-3
744,1,-3,-3
745,1,-3,0
746,1,0,-1
747,1,-1,-3
748,1,-3,-2
749,1,-2,-2
750,1,-2,-2
751,1,-2,-2
752,1,-2,-1
753,1,-1,-1
754,1,-1,-1
755,1,-1,0
756,1,0,-2
757,1,-2,-2
758,1,-2,0
759,1,0,-2
760,1,-2,-3
761,1,-3,-1
762,1,-1,-1
763,1,-1,-2
764,1,-2,-2
765,1,-2,-1
766,1,-1,-4
767,1,-4,-3
768,1,-3,-3
769,1,-3,-3
770,1,-3,-3
771,1,-3,-1
772,1,-1,-1
773,1,-1,-3
774,1,-3,-1
775,1,-1,-2
776,1,-2,-1
777,1,-1,-2
778,1,-2,-2
779,1,-2,-2
780,1,-2,-1
781,1,-1,0
782,1,0,-2
783,1,-2,-3
784,1,-3,-2
785,1,-2,-2
786,1,-2,-2
787,1,-2,-2
788,1,-2,-3
789,1,-3,-1
790,1,-1,-3
791,1,-3,-1
792,1,-1,-1
793,1,-1,-2
794,1,-2,-1
795,1,-1,-4
796,1,-4,-2
797,1,-2,0
798,1,0,-1
799,1,-1,-3
800,1,-3,-1
801,1,-1,-1
802,1,-1,-3
803,1,-3,-1
804,1,-1,0
805,1,0,-1
806,1,-1,-2
807,1,-2,-2
808,1,-2,-2
809,1,-2,-3
810,1,-3,-2
811,1,-2,-2
812,1,-2,0
813,1,0,-1
814,1,-1,-1
815,1,-1,0
816,1,0,-1
817,1,-1,-1
818,1,-1,-1
819,1,-1,-2
820,1,-2,-1
821,1,-1,-1
822,1,-1,-1
823,1,-1,-1
824,1,-1,-4
825,1,-4,-2
826,1,-2,-4
827,1,-4,-3
828,1,-3,-2
829,1,-2,-2
830,1,-2,-1
831,1,-1,-1
832,1,-1,-3
833,1,-3,-1
834,1,-1,-3
835,1,-3,-2
836,1,-2,-1
837,1,-1,0
838,1,0,-3
839,1,-3,-1
840,1,-1,-1
841,1,-1,-3
842,1,-3,0
843,1,0,-2
844,1,-2,-1
845,1,-1,-1
846,1,-1,0
847,1,0,-2
848,1,-2,-1
849,1,-1,-3
850,1,-3,-1
851,1,-1,-1
852,1,-1,-2
853,1,-2,-1
854,1,-1,-2
855,1,-2,0
856,1,0,-2
857,1,-2,-1
858,1,-1,-2
859,1,-2,-1
860,1,-1,-2
861,1,-2,0
862,1,0,-1
863,1,-1,-3
864,1,-3,-1
865,1,-1,-1
866,1,-1,-1
867,1,-1,-2
868,1,-2,-3
869,1,-3,-2
870,1,-2,-3
871,1,-3,-3
872,1,-3,-1
873,1,-1,-3
874,1,-3,-2
875,1,-2,-1
876,1,-1,-2
877,1,-2,-3
878,1,-3,0
879,1,0,-1
880,1,-1,-3
881,1,-3,-1
882,1,-1,-3
883,1,-3,-2
884,1,-2,-2
885,1,-2,-1
886,1,-1,-2
887,1,-2,-1
888,1,-1,-1
889,1,-1,-3
890,1,-3,-3
891,1,-3,0
892,1,0,0
893,1,0,-3
894,1,-3,-3
895,1,-3,-1
896,1,-1,-4
897,1,-4,-4
898,1,-4,-3
899,1,-3,-2
900,1,-2,-3
901,1,-3,0
902,1,0,-1
903,1,-1,-2
904,1,-2,-3
905,1,-3,-3
906,1,-3,-2
907,1,-2,-3
908,1,-3,-3
909,1,-3,-3
910,1,-3,-3
911,1,-3,-2
912,1,-2,-2
913,1,-2,-2
914,1,-2,-3
915,1,-3,-2
916,1,-2,-2
917,1,-2,0
918,1,0,-2
919,1,-2,-1
920,1,-1,-2
921,1,-2,-1
922,1,-1,-1
923,1,-1,-2
924,1,-2,-2
925,1,-2,-2
926,1,-2,-2
927,1,-2,-3
928,1,-3,-2
929,1,-2,-2
930,1,-2,-1
931,1,-1,0
932,1,0,-1
933,1,-1,-1
934,1,-1,-3
935,1,-3,-1
936,1,-1,-1
937,1,-1,-1
938,1,-1,0
939,1,0,0
940,1,0,-2
941,1,-2,-2
942,1,-2,-1
943,1,-1,0
944,1,0,-2
945,1,-2,-1
946,1,-1,-2
947,1,-2,-2
948,1,-2,-2
949,1,-2,-1
950,1,-1,-1
951,1,-1,-1
952,1,-1,-3
953,1,-3,0
954,1,0,-1
955,1,-1,-2
956,1,-2,-2
957,1,-2,-2
958,1,-2,-2
959,1,-2,-2
960,1,-2,-2
961,1,-2,0
962,1,0,-3
963,1,-3,-1
964,1,-1,-2
965,1,-2,-2
966,1,-2,-1
967,1,-1,-2
968,1,-2,-1
969,1,-1,-2
970,1,-2,-2
971,1,-2,-3
972,1,-3,-2
973,1,-2,-1
974,1,-1,-1
975,1,-1,-1
976,1,-1,-2
977,1,-2,-3
978,1,-3,-3
979,1,-3,-1
980,1,-1,-1
981,1,-1,-1
982,1,-1,-1
983,1,-1,-3
984,1,-3,-1
985,1,-1,-1
986,1,-1,-2
987,1,-2,-1
988,1,-1,-4
989,1,-4,-2
990,1,-2,-2
991,1,-2,-2
992,1,-2,0
993,1,0,-1
994,1,-1,-1
995,1,-1,0
996,1,0,-3
997,1,-3,0
998,1,0,-3
999,1,-3,-1
1000,1,-1,-3
1001,1,-3,-1
1002,1,-1,-2
1003,1,-2,-2
1004,1,-2,0
1005,1,0,-1
1006,1,-1,-1
1007,1,-1,-2
1008,1,-2,0
1009,1,0,-3
1010,1,-3,-4
1011,1,-4,-1
1012,1,-1,-1
1013,1,-1,-2
1014,1,-2,-3
1015,1,-3,-1
1016,1,-1,-1
1017,1,-1,-4
1018,1,-4,0
1019,1,0,-3
1020,1,-3,-2
1021,1,-2,0
1022,1,0,-2
1023,1,-2,-1
1024,1,-1,-1
1025,1,-1,-1
1026,1,-1,-1
1027,1,-1,-2
1028,1,-2,-1
1029,1,-1,-1
1030,1,-1,-4
1031,1,-4,-1
1032,1,-1,-2
1033,1,-2,-2
1034,1,-2,-3
1035,1,-3,-1
1036,1,-1,-1
1037,1,-1,-2
1038,1,-2,-3
1039,1,-3,-1
1040,1,-1,-1
1041,1,-1,0
1042,1,0,0
1043,1,0,-2
1044,1,-2,-2
1045,1,-2,-2
1046,1,-2,-1
1047,1,-1,-2
1048,1,-2,0
1049,1,0,-1
1050,1,-1,0
1051,1,0,-2
1052,1,-2,-2
1053,1,-2,0
1054,1,0,-3
1055,1,-3,-3
1056,1,-3,-1
1057,1,-1,-1
1058,1,-1,-1
1059,1,-1,0
1060,1,0,0
1061,1,0,-2
1062,1,-2,-4
1063,1,-4,-1
1064,1,-1,-1
1065,1,-1,-2
1066,1,-2,-2
1067,1,-2,-1
1068,1,-1,-2
1069,1,-2,-2
1070,1,-2,-2
1071,1,-2,-1
1072,1,-1,-2
1073,1,-2,0
1074,1,0,-3
1075,1,-3,-1
1076,1,-1,-3
1077,1,-3,-1
1078,1,-1,-1
1079,1,-1,-1
1080,1,-1,-4
1081,1,-4,-2
1082,1,-2,-2
1083,1,-2,-2
1084,1,-2,-1
1085,1,-1,-1
1086,1,-1,-1
1087,1,-1,-3
1088,1,-3,-1
1089,1,-1,-2
1090,1,-2,-2
1091,1,-2,-2
1092,1,-2,-3
1093,1,-3,-1
1094,1,-1,-1
1095,1,-1,-2
1096,1,-2,-1
1097,1,-1,-2
1098,1,-2,-3
1099,1,-3,-1
1100,1,-1,-2
1101,1,-2,-3
1102,1,-3,-2
1103,1,-2,-2
1104,1,-2,-1
1105,1,-1,0
1106,1,0,-3
1107,1,-3,-2
1108,1,-2,-1
1109,1,-1,0
1110,1,0,-2
1111,1,-2,-1
1112,1,-1,-1
1113,1,-1,0
1114,1,0,-2
1115,1,-2,-1
1116,1,-1,-2
1117,1,-2,-3
1118,1,-3,-1
1119,1,-1,-2
1120,1,-2,-1
1121,1,-1,-3
1122,1,-3,-2
1123,1,-2,-2
1124,1,-2,-2
1125,1,-2,-3
1126,1,-3,-2
1127,1,-2,-1
1128,1,-1,-1
1129,1,-1,-3
1130,1,-3,-3
1131,1,-3,0
1132,1,0,-3
1133,1,-3,-3
1134,1,-3,-2
1135,1,-2,-4
1136,1,-4,-2
1137,1,-2,-1
1138,1,-1,-2
1139,1,-2,-3
1140,1,-3,-4
1141,1,-4,-3
1142,1,-3,-3
1143,1,-3,0
1144,1,0,-4
1145,1,-4,-1
1146,1,-1,-2
1147,1,-2,-2
1148,1,-2,-3
1149,1,-3,-1
1150,1,-1,-2
1151,1,-2,-2
1152,1,-2,-3
1153,1,-3,-3
1154,1,-3,-2
1155,1,-2,-2
1156,1,-2,-1
1157,1,-1,-3
1158,1,-3,-1
1159,1,-1,-3
1160,1,-3,-2
1161,1,-2,-1
1162,1,-1,-3
1163,1,-3,-3
1164,1,-3,-2
1165,1,-2,-4
1166,1,-4,-2
1167,1,-2,-4
1168,1,-4,-2
1169,1,-2,-5
1170,1,-5,0
1171,1,0,-3
1172,1,-3,-1
1173,1,-1,-2
1174,1,-2,0
1175,1,0,-2
1176,1,-2,-3
1177,1,-3,-3
1178,1,-3,-1
1179,1,-1,-1
1180,1,-1,-1
1181,1,-1,0
1182,1,0,-1
1183,1,-1,-2
1184,1,-2,-2
1185,1,-2,-1
1186,1,-1,0
1187,1,0,-1
1188,1,-1,-2
1189,1,-2,-1
1190,1,-1,-1
1191,1,-1,-2
1192,1,-2,-2
1193,1,-2,-2
1194,1,-2,0
1195,1,0,-3
1196,1,-3,-2
1197,1,-2,-1
1198,1,-1,-1
1199,1,-1,-2
1200,1,-2,-1
1201,1,-1,-2
1202,1,-2,-1
1203,1,-1,-2
1204,1,-2,-4
1205,1,-4,-2
1206,1,-2,-2
1207,1,-2,-2
1208,1,-2,-1
1209,1,-1,-4
1210,1,-4,-1
1211,1,-1,-2
1212,1,-2,-2
1213,1,-2,-2
1214,1,-2,-3
1215,1,-3,0
1216,1,0,-1
1217,1,-1,0
1218,1,0,-3
1219,1,-3,-2
1220,1,-2,-3
1221,1,-3,-2
1222,1,-2,-1
1223,1,-1,0
1224,1,0,0
1225,1,0,-1
1226,1,-1,-2
1227,1,-2,-1
1228,1,-1,-4
1229,1,-4,-1
1230,1,-1,0
1231,1,0,-1
1232,1,-1,-1
1233,1,-1,-4
1234,1,-4,-3
1235,1,-3,0
1236,1,0,-3
1237,1,-3,-2
1238,1,-2,-1
1239,1,-1,-2
1240,1,-2,-1
1241,1,-1,-2
1242,1,-2,-3
1243,1,-3,-1
1244,1,-1,-2
1245,1,-2,-3
1246,1,-3,-2
1247,1,-2,-1
1248,1,-1,-2
1249,1,-2,-3
1250,1,-3,-2
1251,1,-2,-3
1252,1,-3,-1
1253,1,-1,-2
1254,1,-2,-4
1255,1,-4,-1
1256,1,-1,-1
1257,1,-1,-1
1258,1,-1,-5
1259,1,-5,-2
1260,1,-2,-2
1261,1,-2,-1
1262,1,-1,-2
1263,1,-2,-1
1264,1,-1,-2
1265,1,-2,0
1266,1,0,-4
1267,1,-4,-1
1268,1,-1,-3
1269,1,-3,-2
1270,1,-2,-1
1271,1,-1,-3
1272,1,-3,-3
1273,1,-3,-2
1274,1,-2,-1
1275,1,-1,-2
1276,1,-2,-2
1277,1,-2,-1
1278,1,-1,0
1279,1,0,-1
1280,1,-1,-1
1281,1,-1,0
1282,1,0,-3
1283,1,-3,-3
1284,1,-3,-2
1285,1,-2,-2
1286,1,-2,0
1287,1,0,-3
1288,1,-3,-2
1289,1,-2,-2
1290,1,-2,-2
1291,1,-2,-1
1292,1,-1,-1
1293,1,-1,-2
1294,1,-2,0
1295,1,0,-2
1296,1,-2,-1
1297,1,-1,-5
1298,1,-5,-2
1299,1,-2,-2
1300,1,-2,-2
1301,1,-2,-2
1302,1,-2,-2
1303,1,-2,-1
1304,1,-1,-3
1305,1,-3,-1
1306,1,-1,-1
1307,1,-1,-2
1308,1,-2,-2
1309,1,-2,-2
1310,1,-2,-1
1311,1,-1,-3
1312,1,-3,-3
1313,1,-3,-2
1314,1,-2,-3
1315,1,-3,-1
1316,1,-1,-2
1317,1,-2,-3
1318,1,-3,-3
1319,1,-3,-1
1320,1,-1,-1
1321,1,-1,0
1322,1,0,-2
1323,1,-2,-2
1324,1,-2,-2
1325,1,-2,-2
1326,1,-2,-2
1327,1,-2,0
1328,1,0,0
1329,1,0,0
1330,1,0,0
1331,1,0,-2
1332,1,-2,-5
1333,1,-5,-1
1334,1,-1,-4
1335,1,-4,-2
1336,1,-2,-1
1337,1,-1,-1
1338,1,-1,-1
1339,1,-1,-1
1340,1,-1,-3
1341,1,-3,-3
1342,1,-3,-2
1343,1,-2,-4
1344,1,-4,-3
1345,1,-3,-1
1346,1,-1,-2
1347,1,-2,-3
1348,1,-3,-2
1349,1,-2,-4
1350,1,-4,-2
1351,1,-2,-2
1352,1,-2,-3
1353,1,-3,-2
1354,1,-2,-1
1355,1,-1,-1
1356,1,-1,-3
1357,1,-3,-1
1358,1,-1,-2
1359,1,-2,-1
1360,1,-1,-2
1361,1,-2,-1
1362,1,-1,-1
1363,1,-1,-1
1364,1,-1,-2
1365,1,-2,-2
1366,1,-2,-2
1367,1,-2,-1
1368,1,-1,-2
1369,1,-2,-1
1370,1,-1,-2
1371,1,-2,-2
1372,1,-2,-1
1373,1,-1,-2
1374,1,-2,-3
1375,1,-3,-3
1376,1,-3,-1
1377,1,-1,-2
1378,1,-2,0
1379,1,0,-4
1380,1,-4,0
1381,1,0,-3
1382,1,-3,-1
1383,1,-1,-2
1384,1,-2,-1
1385,1,-1,-3
1386,1,-3,0
1387,1,0,-3
1388,1,-3,-1
1389,1,-1,-1
1390,1,-1,-2
1391,1,-2,-1
1392,1,-1,-2
1393,1,-2,-1
1394,1,-1,-1
1395,1,-1,-3
1396,1,-3,-1
1397,1,-1,-2
1398,1,-2,-4
1399,1,-4,-2
1400,1,-2,0
1401,1,0,-1
1402,1,-1,-2
1403,1,-2,-3
1404,1,-3,-2
1405,1,-2,-1
1406,1,-1,-4
1407,1,-4,-2
1408,1,-2,-3
1409,1,-3,-2
1410,1,-2,-1
1411,1,-1,-3
1412,1,-3,-3
1413,1,-3,-3
1414,1,-3,-1
1415,1,-1,-1
1416,1,-1,0
1417,1,0,0
1418,1,0,-2
1419,1,-2,-2
1420,1,-2,-1
1421,1,-1,-2
1422,1,-2,-2
1423,1,-2,0
1424,1,0,-1
1425,1,-1,0
1426,1,0,-1
1427,1,-1,-2
1428,1,-2,-3
1429,1,-3,-3
1430,1,-3,-1
1431,1,-1,-2
1432,1,-2,-2
1433,1,-2,-3
1434,1,-3,-1
1435,1,-1,-3
1436,1,-3,-2
1437,1,-2,-1
1438,1,-1,0
1439,1,0,0
1440,1,0,-3
1441,1,-3,-2
1442,1,-2,-1
1443,1,-1,-3
1444,1,-3,-2
1445,1,-2,-3
1446,1,-3,-1
1447,1,-1,-2
1448,1,-2,-3
1449,1,-3,-2
1450,1,-2,-1
1451,1,-1,-3
1452,1,-3,-2
1453,1,-2,-1
1454,1,-1,-2
1455,1,-2,-3
1456,1,-3,-2
1457,1,-2,-3
1458,1,-3,-2
1459,1,-2,-1
1460,1,-1,-2
1461,1,-2,-2
1462,1,-2,-2
1463,1,-2,-3
1464,1,-3,-1
1465,1,-1,-4
1466,1,-4,-2
1467,1,-2,-1
1468,1,-1,-2
1469,1,-2,-1
1470,1,-1,-1
1471,1,-1,-1
1472,1,-1,0
1473,1,0,-2
1474,1,-2,-1
1475,1,-1,-2
1476,1,-2,-1
1477,1,-1,-1
1478,1,-1,0
1479,1,0,-1
1480,1,-1,-3
1481,1,-3,-2
1482,1,-2,-1
1483,1,-1,-3
1484,1,-3,-2
1485,1,-2,-4
1486,1,-4,-2
1487,1,-2,-2
1488,1,-2,-3
1489,1,-3,0
1490,1,0,-1
1491,1,-1,-1
1492,1,-1,-2
1493,1,-2,-1
1494,1,-1,-1
1495,1,-1,-2
1496,1,-2,0
1497,1,0,-2
1498,1,-2,-2
1499,1,-2,0
1500,1,0,0
1501,1,0,-2
1502,1,-2,-2
1503,1,-2,0
1504,1,0,-1
1505,1,-1,-1
1506,1,-1,-1
1507,1,-1,-1
1508,1,-1,-3
1509,1,-3,-2
1510,1,-2,-2
1511,1,-2,-1
1512,1,-1,-2
1513,1,-2,-1
1514,1,-1,-2
1515,1,-2,-2
1516,1,-2,-2
1517,1,-2,-3
1518,1,-3,0
1519,1,0,-2
1520,1,-2,-2
1521,1,-2,-1
1522,1,-1,-1
1523,1,-1,-4
1524,1,-4,0
1525,1,0,-1
1526,1,-1,-4
1527,1,-4,-1
1528,1,-1,-2
1529,1,-2,-2
1530,1,-2,0
1531,1,0,-2
1532,1,-2,-1
1533,1,-1,-3
1534,1,-3,-3
1535,1,-3,-1
1536,1,-1,-1
1537,1,-1,-1
1538,1,-1,-3
1539,1,-3,-1
1540,1,-1,-1
1541,1,-1,-2
1542,1,-2,-2
1543,1,-2,-1
1544,1,-1,-2
1545,1,-2,-3
1546,1,-3,-3
1547,1,-3,-2
1548,1,-2,-2
1549,1,-2,-2
1550,1,-2,-3
1551,1,-3,-1
1552,1,-1,-1
1553,1,-1,0
1554,1,0,-2
1555,1,-2,-1
1556,1,-1,-1
1557,1,-1,-4
1558,1,-4,-2
1559,1,-2,-2
1560,1,-2,-3
1561,1,-3,-3
1562,1,-3,-3
1563,1,-3,-5
1564,1,-5,-3
1565,1,-3,-2
1566,1,-2,-3
1567,1,-3,-2
1568,1,-2,0
1569,1,0,-1
1570,1,-1,-3
1571,1,-3,-1
1572,1,-1,-1
1573,1,-1,0
1574,1,0,-2
1575,1,-2,-2
1576,1,-2,-3
1577,1,-3,-1
1578,1,-1,0
1579,1,0,-1
1580,1,-1,-1
1581,1,-1,0
1582,1,0,-1
1583,1,-1,-3
1584,1,-3,-1
1585,1,-1,-4
1586,1,-4,-3
1587,1,-3,-3
1588,1,-3,-3
1589,1,-3,-4
1590,1,-4,-1
1591,1,-1,-3
1592,1,-3,-1
1593,1,-1,-2
1594,1,-2,-3
1595,1,-3,-1
1596,1,-1,-1
1597,1,-1,-3
1598,1,-3,-2
1599,1,-2,-1
1600,1,-1,-3
1601,1,-3,-2
1602,1,-2,-1
1603,1,-1,-1
1604,1,-1,-3
1605,1,-3,-2
1606,1,-2,0
1607,1,0,0
1608,1,0,-2
1609,1,-2,-1
1610,1,-1,0
1611,1,0,-4
1612,1,-4,-3
1613,1,-3,-4
1614,1,-4,-2
1615,1,-2,-2
1616,1,-2,-2
1617,1,-2,0
1618,1,0,-3
1619,1,-3,-2
1620,1,-2,0
1621,1,0,0
1622,1,0,-1
1623,1,-1,-2
1624,1,-2,-2
1625,1,-2,-2
1626,1,-2,-2
1627,1,-2,0
1628,1,0,0
1629,1,0,-2
1630,1,-2,0
1631,1,0,-2
1632,1,-2,0
1633,1,0,-1
1634,1,-1,-1
1635,1,-1,-2
1636,1,-2,-3
1637,1,-3,0
1638,1,0,-2
1639,1,-2,0
1640,1,0,-2
1641,1,-2,-3
1642,1,-3,-3
1643,1,-3,0
1644,1,0,-2
1645,1,-2,-4
1646,1,-4,-3
1647,1,-3,-2
1648,1,-2,-1
1649,1,-1,-1
1650,1,-1,-2
1651,1,-2,-1
1652,1,-1,-3
1653,1,-3,-2
1654,1,-2,-3
1655,1,-3,-2
1656,1,-2,-2
1657,1,-2,-1
1658,1,-1,0
1659,1,0,-3
1660,1,-3,-1
1661,1,-1,-3
1662,1,-3,-2
1663,1,-2,-1
1664,1,-1,-2
1665,1,-2,-1
1666,1,-1,-3
1667,1,-3,0
1668,1,0,-2
1669,1,-2,0
1670,1,0,-1
1671,1,-1,-1
1672,1,-1,-2
1673,1,-2,-1
1674,1,-1,-3
1675,1,-3,-3
1676,1,-3,0
1677,1,0,-1
1678,1,-1,-2
1679,1,-2,-1
1680,1,-1,-2
1681,1,-2,-3
1682,1,-3,-2
1683,1,-2,-2
1684,1,-2,-3
1685,1,-3,-2
1686,1,-2,-3
1687,1,-3,-2
1688,1,-2,0
1689,1,0,-2
1690,1,-2,-3
1691,1,-3,-2
1692,1,-2,-1
1693,1,-1,0
1694,1,0,-2
1695,1,-2,-4
1696,1,-4,-2
1697,1,-2,-1
1698,1,-1,-2
1699,1,-2,-2
1700,1,-2,-1
1701,1,-1,-1
1702,1,-1,-2
1703,1,-2,-3
1704,1,-3,-2
1705,1,-2,-3
1706,1,-3,0
1707,1,0,-1
1708,1,-1,-2
1709,1,-2,-2
1710,1,-2,-4
1711,1,-4,-3
1712,1,-3,-1
1713,1,-1,-2
1714,1,-2,-2
1715,1,-2,-2
1716,1,-2,-3
1717,1,-3,-3
1718,1,-3,-3
1719,1,-3,-2
1720,1,-2,-2
1721,1,-2,-2
1722,1,-2,-2
1723,1,-2,0
1724,1,0,0
1725,1,0,-1
1726,1,-1,-1
1727,1,-1,-1
1728,1,-1,0
1729,1,0,-1
1730,1,-1,-1
1731,1,-1,-2
1732,1,-2,-2
1733,1,-2,-3
1734,1,-3,-4
1735,1,-4,-1
1736,1,-1,-1
1737,1,-1,-1
1738,1,-1,-1
1739,1,-1,-2
1740,1,-2,-2
1741,1,-2,-1
1742,1,-1,0
1743,1,0,0
1744,1,0,-2
1745,1,-2,-2
1746,1,-2,-2
1747,1,-2,-1
1748,1,-1,-3
1749,1,-3,-3
1750,1,-3,-2
1751,1,-2,-2
1752,1,-2,0
1753,1,0,-2
1754,1,-2,-2
1755,1,-2,0
1756,1,0,-2
1757,1,-2,0
1758,1,0,-3
1759,1,-3,-1
1760,1,-1,-3
1761,1,-3,-2
1762,1,-2,-4
1763,1,-4,-3
1764,1,-3,-1
1765,1,-1,-2
1766,1,-2,0
1767,1,0,-1
1768,1,-1,0
1769,1,0,-2
1770,1,-2,-2
1771,1,-2,-2
1772,1,-2,0
1773,1,0,-1
1774,1,-1,-2
1775,1,-2,-1
1776,1,-1,-2
1777,1,-2,-2
1778,1,-2,-3
1779,1,-3,0
1780,1,0,-3
1781,1,-3,-2
1782,1,-2,0
1783,1,0,-2
1784,1,-2,-2
1785,1,-2,-1
1786,1,-1,-1
1787,1,-1,0
1788,1,0,-1
1789,1,-1,-1
1790,1,-1,-1
1791,1,-1,-3
1792,1,-3,-3
1793,1,-3,-3
1794,1,-3,-2
1795,1,-2,-1
1796,1,-1,-2
1797,1,-2,-1
1798,1,-1,-2
1799,1,-2,-1
1800,1,-1,-2
1801,1,-2,0
1802,1,0,-1
1803,1,-1,-2
1804,1,-2,-2
1805,1,-2,0
1806,1,0,0
1807,1,0,-1
1808,1,-1,-2
1809,1,-2,0
1810,1,0,-1
1811,1,-1,-3
1812,1,-3,-1
1813,1,-1,-1
1814,1,-1,-3
1815,1,-3,0
1816,1,0,-2
1817,1,-2,-3
1818,1,-3,-2
1819,1,-2,-2
1820,1,-2,-1
1821,1,-1,-1
1822,1,-1,-2
1823,1,-2,-2
1824,1,-2,-2
1825,1,-2,-2
1826,1,-2,-3
1827,1,-3,-2
1828,1,-2,-1
1829,1,-1,-2
1830,1,-2,-2
1831,1,-2,-2
1832,1,-2,-2
1833,1,-2,-3
1834,1,-3,-1
1835,1,-1,-1
1836,1,-1,-2
1837,1,-2,-1
1838,1,-1,-1
1839,1,-1,-2
1840,1,-2,-2
1841,1,-2,-4
1842,1,-4,-2
1843,1,-2,-3
1844,1,-3,0
1845,1,0,-2
1846,1,-2,0
1847,1,0,-3
1848,1,-3,-1
1849,1,-1,-2
1850,1,-2,-1
1851,1,-1,0
1852,1,0,-2
1853,1,-2,-3
1854,1,-3,-3
1855,1,-3,-3
1856,1,-3,-2
1857,1,-2,-1
1858,1,-1,-1
1859,1,-1,-2
1860,1,-2,-1
1861,1,-1,-1
1862,1,-1,-3
1863,1,-3,-3
1864,1,-3,-1
1865,1,-1,-2
1866,1,-2,-3
1867,1,-3,-2
1868,1,-2,-1
1869,1,-1,-4
1870,1,-4,-2
1871,1,-2,-1
1872,1,-1,-1
1873,1,-1,-2
1874,1,-2,-1
1875,1,-1,-1
1876,1,-1,-1
1877,1,-1,-2
1878,1,-2,-4
1879,1,-4,-2
1880,1,-2,-4
1881,1,-4,-2
1882,1,-2,-2
1883,1,-2,-3
1884,1,-3,0
1885,1,0,-3
1886,1,-3,-1
1887,1,-1,-1
1888,1,-1,-1
1889,1,-1,-2
1890,1,-2,-1
1891,1,-1,0
1892,1,0,0
1893,1,0,-1
1894,1,-1,-2
1895,1,-2,-2
1896,1,-2,-3
1897,1,-3,-1
1898,1,-1,-3
1899,1,-3,-1
1900,1,-1,-2
1901,1,-2,-2
1902,1,-2,-3
1903,1,-3,-2
1904,1,-2,-2
1905,1,-2,-3
1906,1,-3,-1
1907,1,-1,-4
1908,1,-4,-2
1909,1,-2,-2
1910,1,-2,-1
1911,1,-1,0
1912,1,0,-3
1913,1,-3,0
1914,1,0,-1
1915,1,-1,-2
1916,1,-2,-2
1917,1,-2,-2
1918,1,-2,-3
1919,1,-3,0
1920,1,0,-2
1921,1,-2,-1
1922,1,-1,-3
1923,1,-3,-1
1924,1,-1,-1
1925,1,-1,-3
1926,1,-3,0
1927,1,0,-2
1928,1,-2,-3
1929,1,-3,-3
1930,1,-3,-4
1931,1,-4,-2
1932,1,-2,-2
1933,1,-2,-1
1934,1,-1,-2
1935,1,-2,-1
1936,1,-1,-1
1937,1,-1,-2
1938,1,-2,-1
1939,1,-1,-2
1940,1,-2,-1
1941,1,-1,-4
1942,1,-4,-2
1943,1,-2,0
1944,1,0,-2
1945,1,-2,-2
1946,1,-2,0
1947,1,0,-2
1948,1,-2,-1
1949,1,-1,-1
1950,1,-1,-3
1951,1,-3,-3
1952,1,-3,0
1953,1,0,-1
1954,1,-1,-3
1955,1,-3,-1
1956,1,-1,-2
1957,1,-2,-3
1958,1,-3,-2
1959,1,-2,-1
1960,1,-1,-2
1961,1,-2,-1
1962,1,-1,0
1963,1,0,-2
1964,1,-2,0
1965,1,0,-1
1966,1,-1,-2
1967,1,-2,-1
1968,1,-1,-3
1969,1,-3,-1
1970,1,-1,-2
1971,1,-2,-1
1972,1,-1,-4
1973,1,-4,-2
1974,1,-2,-4
1975,1,-4,-2
1976,1,-2,-1
1977,1,-1,-1
1978,1,-1,0
1979,1,0,-2
1980,1,-2,-3
1981,1,-3,-4
1982,1,-4,0
1983,1,0,0
1984,1,0,-1
1985,1,-1,-3
1986,1,-3,0
1987,1,0,-1
1988,1,-1,-2
1989,1,-2,-5
1990,1,-5,-1
1991,1,-1,-2
1992,1,-2,0
1993,1,0,-1
1994,1,-1,-2
1995,1,-2,-2
1996,1,-2,-4
1997,1,-4,-2
1998,1,-2,-3
1999,1,-3,-2
2000,1,-2,-1
2001,1,-1,0
2002,1,0,-2
2003,1,-2,-2
2004,1,-2,-2
2005,1,-2,-2
2006,1,-2,-2
2007,1,-2,-2
2008,1,-2,-1
2009,1,-1,-1
2010,1,-1,-2
2011,1,-2,-1
2012,1,-1,-1
2013,1,-1,-1
2014,1,-1,-2
2015,1,-2,-1
2016,1,-1,-5
2017,1,-5,-2
2018,1,-2,-1
2019,1,-1,-4
2020,1,-4,-1
2021,1,-1,-1
2022,1,-1,-3
2023,1,-3,-1
2024,1,-1,-1
2025,1,-1,-2
2026,1,-2,-3
2027,1,-3,0
2028,1,0,-2
2029,1,-2,-2
2030,1,-2,-2
2031,1,-2,-2
2032,1,-2,-4
2033,1,-4,-2
2034,1,-2,-1
2035,1,-1,0
2036,1,0,-1
2037,1,-1,-3
2038,1,-3,-1
2039,1,-1,-1
2040,1,-1,-2
2041,1,-2,-2
2042,1,-2,-3
2043,1,-3,-3
2044,1,-3,-2
2045,1,-2,-1
2046,1,-1,-3
2047,1,-3,-2
2048,1,-2,-1
2049,1,-1,-3
2050,1,-3,-1
2051,1,-1,-2
2052,1,-2,-1
2053,1,-1,-3
2054,1,-3,0
2055,1,0,-1
2056,1,-1,-2
2057,1,-2,-1
2058,1,-1,-2
2059,1,-2,-2
2060,1,-2,-2
2061,1,-2,0
2062,1,0,-2
2063,1,-2,-1
2064,1,-1,-2
2065,1,-2,0
2066,1,0,-3
2067,1,-3,-2
2068,1,-2,-3
2069,1,-3,-1
2070,1,-1,-3
2071,1,-3,-3
2072,1,-3,-2
2073,1,-2,-1
2074,1,-1,-2
2075,1,-2,0
2076,1,0,-1
2077,1,-1,-1
2078,1,-1,-1
2079,1,-1,0
2080,1,0,-2
2081,1,-2,0
2082,1,0,-1
2083,1,-1,-1
2084,1,-1,-3
2085,1,-3,-3
2086,1,-3,-3
2087,1,-3,-3
2088,1,-3,-3
2089,1,-3,-2
2090,1,-2,-2
2091,1,-2,-1
2092,1,-1,-1
2093,1,-1,-4
2094,1,-4,-4
2095,1,-4,0
2096,1,0,-1
2097,1,-1,-1
2098,1,-1,-1
2099,1,-1,-3
2100,1,-3,0
2101,1,0,-2
2102,1,-2,-1
2103,1,-1,0
2104,1,0,-2
2105,1,-2,-2
2106,1,-2,-2
2107,1,-2,-3
2108,1,-3,-2
2109,1,-2,-2
2110,1,-2,-2
2111,1,-2,-3
2112,1,-3,0
2113,1,0,0
2114,1,0,-2
2115,1,-2,-3
2116,1,-3,-1
2117,1,-1,-4
2118,1,-4,-3
2119,1,-3,-3
2120,1,-3,-2
2121,1,-2,-3
2122,1,-3,0
2123,1,0,-1
2124,1,-1,-4
2125,1,-4,0
2126,1,0,-3
2127,1,-3,-2
2128,1,-2,-3
2129,1,-3,-3
2130,1,-3,-1
2131,1,-1,-2
2132,1,-2,-1
2133,1,-1,-2
2134,1,-2,-3
2135,1,-3,0
2136,1,0,-1
2137,1,-1,-3
2138,1,-3,-2
2139,1,-2,-1
2140,1,-1,-1
2141,1,-1,-1
2142,1,-1,-2
2143,1,-2,-2
2144,1,-2,-3
2145,1,-3,-4
2146,1,-4,-3
2147,1,-3,-1
2148,1,-1,-3
2149,1,-3,-2
2150,1,-2,-1
2151,1,-1,-1
2152,1,-1,-4
2153,1,-4,0
2154,1,0,-2
2155,1,-2,-2
2156,1,-2,-1
2157,1,-1,-4
2158,1,-4,-1
2159,1,-1,-1
2160,1,-1,-2
2161,1,-2,-3
2162,1,-3,-1
2163,1,-1,-1
2164,1,-1,-1
2165,1,-1,-3
2166,1,-3,-3
2167,1,-3,-3
2168,1,-3,-1
2169,1,-1,-2
2170,1,-2,-2
2171,1,-2,-2
2172,1,-2,-2
2173,1,-2,-4
2174,1,-4,-3
2175,1,-3,-1
2176,1,-1,-3
2177,1,-3,-2
2178,1,-2,-2
2179,1,-2,-2
2180,1,-2,-2
2181,1,-2,-2
2182,1,-2,-2
2183,1,-2,-1
2184,1,-1,-1
2185,1,-1,-1
2186,1,-1,-3
2187,1,-3,-3
2188,1,-3,-3
2189,1,-3,-1
2190,1,-1,-1
2191,1,-1,-1
2192,1,-1,-1
2193,1,-1,-3
2194,1,-3,-2
2195,1,-2,-3
2196,1,-3,-2
2197,1,-2,0
2198,1,0,-3
2199,1,-3,-4
2200,1,-4,-1
2201,1,-1,-2
2202,1,-2,-1
2203,1,-1,-3
2204,1,-3,-4
2205,1,-4,-2
2206,1,-2,-1
2207,1,-1,-1
2208,1,-1,-3
2209,1,-3,-1
2210,1,-1,-1
2211,1,-1,-1
2212,1,-1,-3
2213,1,-3,0
2214,1,0,-1
2215,1,-1,-1
2216,1,-1,-2
2217,1,-2,-3
2218,1,-3,-1
2219,1,-1,-2
2220,1,-2,-2
2221,1,-2,-3
2222,1,-3,-2
2223,1,-2,-3
2224,1,-3,-2
2225,1,-2,-2
2226,1,-2,-2
2227,1,-2,-3
2228,1,-3,-2
2229,1,-2,-1
2230,1,-1,-1
2231,1,-1,-2
2232,1,-2,0
2233,1,0,-1
2234,1,-1,-1
2235,1,-1,-3
2236,1,-3,-3
2237,1,-3,-3
2238,1,-3,-3
2239,1,-3,0
2240,1,0,-3
2241,1,-3,-2
2242,1,-2,-1
2243,1,-1,-2
2244,1,-2,-1
2245,1,-1,-3
2246,1,-3,-2
2247,1,-2,-4
2248,1,-4,-3
2249,1,-3,-2
2250,1,-2,-2
2251,1,-2,-2
2252,1,-2,-2
2253,1,-2,-3
2254,1,-3,-3
2255,1,-3,0
2256,1,0,-1
2257,1,-1,-1
2258,1,-1,-2
2259,1,-2,-3
2260,1,-3,-1
2261,1,-1,-3
2262,1,-3,-3
2263,1,-3,-3
2264,1,-3,-2
2265,1,-2,-3
2266,1,-3,0
2267,1,0,-2
2268,1,-2,-1
2269,1,-1,0
2270,1,0,-2
2271,1,-2,-2
2272,1,-2,-3
2273,1,-3,-4
2274,1,-4,-1
2275,1,-1,-2
2276,1,-2,0
2277,1,0,-2
2278,1,-2,-2
2279,1,-2,-1
2280,1,-1,-1
2281,1,-1,0
2282,1,0,-2
2283,1,-2,-2
2284,1,-2,-3
2285,1,-3,-2
2286,1,-2,-2
2287,1,-2,-2
2288,1,-2,-1
2289,1,-1,0
2290,1,0,-2
2291,1,-2,-2
2292,1,-2,-3
2293,1,-3,-1
2294,1,-1,-1
2295,1,-1,0
2296,1,0,-2
2297,1,-2,-2
2298,1,-2,-2
2299,1,-2,-1
2300,1,-1,-3
2301,1,-3,-1
2302,1,-1,-3
2303,1,-3,0
2304,1,0,0
2305,1,0,-1
2306,1,-1,-1
2307,1,-1,-1
2308,1,-1,-1
2309,1,-1,-3
2310,1,-3,-1
2311,1,-1,-1
2312,1,-1,0
2313,1,0,-1
2314,1,-1,-2
2315,1,-2,-2
2316,1,-2,-1
2317,1,-1,-4
2318,1,-4,-1
2319,1,-1,-3
2320,1,-3,-2
2321,1,-2,-3
2322,1,-3,-2
2323,1,-2,-1
2324,1,-1,0
2325,1,0,-1
2326,1,-1,-2
2327,1,-2,0
2328,1,0,-1
2329,1,-1,-2
2330,1,-2,-1
2331,1,-1,-2
2332,1,-2,-4
2333,1,-4,-1
2334,1,-1,-1
2335,1,-1,-3
2336,1,-3,-1
2337,1,-1,-1
2338,1,-1,-2
2339,1,-2,-1
2340,1,-1,-3
2341,1,-3,-3
2342,1,-3,-3
2343,1,-3,-4
2344,1,-4,0
2345,1,0,-1
2346,1,-1,-1
2347,1,-1,-1
2348,1,-1,-1
2349,1,-1,-2
2350,1,-2,-1
2351,1,-1,-2
2352,1,-2,-2
2353,1,-2,-3
2354,1,-3,-1
2355,1,-1,-2
2356,1,-2,-3
2357,1,-3,-3
2358,1,-3,-2
2359,1,-2,-3
2360,1,-3,-2
2361,1,-2,-2
2362,1,-2,-1
2363,1,-1,-1
2364,1,-1,-2
2365,1,-2,-3
2366,1,-3,-1
2367,1,-1,-3
2368,1,-3,0
2369,1,0,-2
2370,1,-2,-2
2371,1,-2,-3
2372,1,-3,-3
2373,1,-3,-1
2374,1,-1,0
2375,1,0,-1
2376,1,-1,-3
2377,1,-3,-1
2378,1,-1,-3
2379,1,-3,-2
2380,1,-2,-1
2381,1,-1,0
2382,1,0,-2
2383,1,-2,-1
2384,1,-1,0
2385,1,0,-3
2386,1,-3,-2
2387,1,-2,-2
2388,1,-2,-1
2389,1,-1,-2
2390,1,-2,-2
2391,1,-2,0
2392,1,0,-2
2393,1,-2,-1
2394,1,-1,-1
2395,1,-1,-3
2396,1,-3,-2
2397,1,-2,-2
2398,1,-2,-1
2399,1,-1,-2
2400,1,-2,-2
2401,1,-2,-3
2402,1,-3,-2
2403,1,-2,-1
2404,1,-1,-2
2405,1,-2,-2
2406,1,-2,-1
2407,1,-1,-2
2408,1,-2,0
2409,1,0,-1
2410,1,-1,-3
2411,1,-3,0
2412,1,0,-1
2413,1,-1,-2
2414,1,-2,-3
2415,1,-3,-2
2416,1,-2,-2
2417,1,-2,-1
2418,1,-1,-1
2419,1,-1,-5
2420,1,-5,-1
2421,1,-1,0
2422,1,0,-1
2423,1,-1,-1
2424,1,-1,-2
2425,1,-2,-1
2426,1,-1,0
2427,1,0,-3
2428,1,-3,-3
2429,1,-3,-2
2430,1,-2,0
2431,1,0,-1
2432,1,-1,-2
2433,1,-2,-3
2434,1,-3,-3
2435,1,-3,-1
2436,1,-1,-2
2437,1,-2,-2
2438,1,-2,-1
2439,1,-1,-4
2440,1,-4,-1
2441,1,-1,-1
2442,1,-1,-1
2443,1,-1,0
2444,1,0,-2
2445,1,-2,-2
2446,1,-2,-2
2447,1,-2,-3
2448,1,-3,-2
2449,1,-2,-1
2450,1,-1,-1
2451,1,-1,-3
2452,1,-3,-1
2453,1,-1,0
2454,1,0,-2
2455,1,-2,-1
2456,1,-1,-1
2457,1,-1,-2
2458,1,-2,-1
2459,1,-1,-1
2460,1,-1,-1
2461,1,-1,0
2462,1,0,-2
2463,1,-2,-2
2464,1,-2,-1
2465,1,-1,-2
2466,1,-2,-1
2467,1,-1,-1
2468,1,-1,-2
2469,1,-2,-1
2470,1,-1,0
2471,1,0,-2
2472,1,-2,-1
2473,1,-1,-2
2474,1,-2,-1
2475,1,-1,-2
2476,1,-2,-2
2477,1,-2,-4
2478,1,-4,-4
2479,1,-4,-2
2480,1,-2,-2
2481,1,-2,-4
2482,1,-4,-3
2483,1,-3,-2
2484,1,-2,-2
2485,1,-2,-3
2486,1,-3,-2
2487,1,-2,-1
2488,1,-1,0
2489,1,0,-2
2490,1,-2,-2
2491,1,-2,-2
2492,1,-2,-4
2493,1,-4,-3
2494,1,-3,-1
2495,1,-1,0
2496,1,0,-2
2497,1,-2,-1
2498,1,-1,-1
2499,1,-1,-1
2500,1,-1,-2
2501,1,-2,0
2502,1,0,-1
2503,1,-1,-3
2504,1,-3,-2
2505,1,-2,-2
2506,1,-2,0
2507,1,0,-1
2508,1,-1,-3
2509,1,-3,-2
2510,1,-2,-3
2511,1,-3,-2
2512,1,-2,-4
2513,1,-4,-4
2514,1,-4,-5
2515,1,-5,-3
2516,1,-3,-4
2517,1,-4,-2
2518,1,-2,-5
2519,1,-5,-1
2520,1,-1,-3
2521,1,-3,-1
2522,1,-1,-1
2523,1,-1,-3
2524,1,-3,-2
2525,1,-2,-2
2526,1,-2,-2
2527,1,-2,-1
2528,1,-1,-2
2529,1,-2,-1
2530,1,-1,0
2531,1,0,-2
2532,1,-2,-2
2533,1,-2,-2
2534,1,-2,0
2535,1,0,-1
2536,1,-1,-3
2537,1,-3,-2
2538,1,-2,-1
2539,1,-1,-1
2540,1,-1,-1
2541,1,-1,-4
2542,1,-4,0
2543,1,0,-2
2544,1,-2,-3
2545,1,-3,0
2546,1,0,0
2547,1,0,-2
2548,1,-2,-2
2549,1,-2,-2
2550,1,-2,-2
2551,1,-2,-2
2552,1,-2,-1
2553,1,-1,-2
2554,1,-2,-1
2555,1,-1,-2
2556,1,-2,-2
2557,1,-2,0
2558,1,0,-2
2559,1,-2,-2
2560,1,-2,-3
2561,1,-3,-2
2562,1,-2,-2
2563,1,-2,-2
2564,1,-2,-1
2565,1,-1,-1
2566,1,-1,0
2567,1,0,-1
2568,1,-1,-3
2569,1,-3,0
2570,1,0,-1
2571,1,-1,-3
2572,1,-3,0
2573,1,0,-3
2574,1,-3,-2
2575,1,-2,-1
2576,1,-1,-2
2577,1,-2,-3
2578,1,-3,-1
2579,1,-1,-1
2580,1,-1,-1
2581,1,-1,-2
2582,1,-2,-2
2583,1,-2,-2
2584,1,-2,-1
2585,1,-1,0
2586,1,0,-3
2587,1,-3,-2
2588,1,-2,-3
2589,1,-3,-4
2590,1,-4,0
2591,1,0,-3
2592,1,-3,-2
2593,1,-2,-2
2594,1,-2,-2
2595,1,-2,-2
2596,1,-2,-1
2597,1,-1,-2
2598,1,-2,-2
2599,1,-2,-1
2600,1,-1,-1
2601,1,-1,-1
2602,1,-1,-1
2603,1,-1,0
2604,1,0,-1
2605,1,-1,-1
2606,1,-1,-1
2607,1,-1,-2
2608,1,-2,0
2609,1,0,-3
2610,1,-3,0
2611,1,0,-4
2612,1,-4,-2
2613,1,-2,-3
2614,1,-3,-2
2615,1,-2,-2
2616,1,-2,-2
2617,1,-2,-1
2618,1,-1,0
2619,1,0,-3
2620,1,-3,-1
2621,1,-1,-3
2622,1,-3,-2
2623,1,-2,-1
2624,1,-1,-2
2625,1,-2,-3
2626,1,-3,-3
2627,1,-3,-3
2628,1,-3,-2
2629,1,-2,-3
2630,1,-3,-4
2631,1,-4,0
2632,1,0,-1
2633,1,-1,-3
2634,1,-3,-2
2635,1,-2,-2
2636,1,-2,-3
2637,1,-3,-2
2638,1,-2,-3
2639,1,-3,-3
2640,1,-3,-2
2641,1,-2,0
2642,1,0,-1
2643,1,-1,-2
2644,1,-2,0
2645,1,0,-1
2646,1,-1,-2
2647,1,-2,-4
2648,1,-4,-2
2649,1,-2,-1
2650,1,-1,-3
2651,1,-3,-1
2652,1,-1,-3
2653,1,-3,-2
2654,1,-2,-2
2655,1,-2,-3
2656,1,-3,-3
2657,1,-3,0
2658,1,0,-1
2659,1,-1,0
2660,1,0,-3
2661,1,-3,-2
2662,1,-2,-2
2663,1,-2,-2
2664,1,-2,-3
2665,1,-3,-2
2666,1,-2,-2
2667,1,-2,-2
2668,1,-2,-3
2669,1,-3,-2
2670,1,-2,-2
2671,1,-2,-4
2672,1,-4,0
2673,1,0,-1
2674,1,-1,-1
2675,1,-1,0
2676,1,0,-3
2677,1,-3,-1
2678,1,-1,-3
2679,1,-3,-2
2680,1,-2,-1
2681,1,-1,-1
2682,1,-1,-1
2683,1,-1,-3
2684,1,-3,-2
2685,1,-2,-2
2686,1,-2,-3
2687,1,-3,-2
2688,1,-2,-3
2689,1,-3,0
2690,1,0,-2
2691,1,-2,-1
2692,1,-1,0
2693,1,0,-2
2694,1,-2,-2
2695,1,-2,0
2696,1,0,-1
2697,1,-1,-1
2698,1,-1,-2
2699,1,-2,-1
2700,1,-1,-3
2701,1,-3,-3
2702,1,-3,-2
2703,1,-2,-2
2704,1,-2,0
2705,1,0,-4
2706,1,-4,0
2707,1,0,-3
2708,1,-3,-1
2709,1,-1,-4
2710,1,-4,-3
2711,1,-3,-1
2712,1,-1,-4
2713,1,-4,-3
2714,1,-3,-2
2715,1,-2,-3
2716,1,-3,-2
2717,1,-2,-2
2718,1,-2,-1
2719,1,-1,-4
2720,1,-4,-3
2721,1,-3,-3
2722,1,-3,-4
2723,1,-4,-3
2724,1,-3,-3
2725,1,-3,-1
2726,1,-1,-1
2727,1,-1,0
2728,1,0,-1
2729,1,-1,-4
2730,1,-4,-3
2731,1,-3,-2
2732,1,-2,-2
2733,1,-2,-1
2734,1,-1,-2
2735,1,-2,-2
2736,1,-2,-2
2737,1,-2,-2
2738,1,-2,-1
2739,1,-1,-2
2740,1,-2,-1
2741,1,-1,-3
2742,1,-3,-3
2743,1,-3,-1
2744,1,-1,-1
2745,1,-1,-1
2746,1,-1,-3
2747,1,-3,-3
2748,1,-3,0
2749,1,0,-1
2750,1,-1,-3
2751,1,-3,-3
2752,1,-3,-1
2753,1,-1,-4
2754,1,-4,-4
2755,1,-4,-2
2756,1,-2,-2
2757,1,-2,-2
2758,1,-2,-1
2759,1,-1,-2
2760,1,-2,0
2761,1,0,-1
2762,1,-1,-3
2763,1,-3,-1
2764,1,-1,0
2765,1,0,-2
2766,1,-2,-1
2767,1,-1,-3
2768,1,-3,-1
2769,1,-1,-2
2770,1,-2,-3
2771,1,-3,0
2772,1,0,-1
2773,1,-1,-4
2774,1,-4,-2
2775,1,-2,-1
2776,1,-1,-1
2777,1,-1,0
2778,1,0,-1
2779,1,-1,-2
2780,1,-2,-1
2781,1,-1,-3
2782,1,-3,-1
2783,1,-1,-2
2784,1,-2,0
2785,1,0,-3
2786,1,-3,-2
2787,1,-2,-2
2788,1,-2,-3
2789,1,-3,-3
2790,1,-3,-2
2791,1,-2,0
2792,1,0,-1
2793,1,-1,-2
2794,1,-2,-2
2795,1,-2,0
2796,1,0,-3
2797,1,-3,-1
2798,1,-1,-2
2799,1,-2,-3
2800,1,-3,-1
2801,1,-1,-1
2802,1,-1,-1
2803,1,-1,-2
2804,1,-2,-1
2805,1,-1,-2
2806,1,-2,-2
2807,1,-2,-4
2808,1,-4,-3
2809,1,-3,-1
2810,1,-1,0
2811,1,0,-2
2812,1,-2,0
2813,1,0,-1
2814,1,-1,-1
2815,1,-1,-3
2816,1,-3,-1
2817,1,-1,-1
2818,1,-1,-2
2819,1,-2,0
2820,1,0,-2
2821,1,-2,-3
2822,1,-3,-4
2823,1,-4,-2
2824,1,-2,-2
2825,1,-2,-3
2826,1,-3,-3
2827,1,-3,-3
2828,1,-3,-1
2829,1,-1,0
2830,1,0,-2
2831,1,-2,-3
2832,1,-3,-3
2833,1,-3,-2
2834,1,-2,-1
2835,1,-1,-1
2836,1,-1,-3
2837,1,-3,0
2838,1,0,-2
2839,1,-2,-4
2840,1,-4,-3
2841,1,-3,-3
2842,1,-3,-3
2843,1,-3,-2
2844,1,-2,-3
2845,1,-3,-2
2846,1,-2,-2
2847,1,-2,-3
2848,1,-3,-1
2849,1,-1,-1
2850,1,-1,-2
2851,1,-2,-3
2852,1,-3,-1
2853,1,-1,-2
2854,1,-2,-1
2855,1,-1,-1
2856,1,-1,-2
2857,1,-2,-2
2858,1,-2,-1
2859,1,-1,-1
2860,1,-1,-2
2861,1,-2,-1
2862,1,-1,-3
2863,1,-3,-2
2864,1,-2,-1
2865,1,-1,-3
2866,1,-3,-3
2867,1,-3,-3
2868,1,-3,-2
2869,1,-2,-2
2870,1,-2,-3
2871,1,-3,-1
2872,1,-1,-2
2873,1,-2,-1
2874,1,-1,-3
2875,1,-3,-2
2876,1,-2,-1
2877,1,-1,-2
2878,1,-2,-3
2879,1,-3,-2
2880,1,-2,-3
2881,1,-3,-2
2882,1,-2,-2
2883,1,-2,0
2884,1,0,-3
2885,1,-3,-2
2886,1,-2,-2
2887,1,-2,-3
2888,1,-3,-1
2889,1,-1,0
2890,1,0,-1
2891,1,-1,-1
2892,1,-1,-3
2893,1,-3,-3
2894,1,-3,0
2895,1,0,-2
2896,1,-2,-2
2897,1,-2,-3
2898,1,-3,-3
2899,1,-3,-2
2900,1,-2,-2
2901,1,-2,-3
2902,1,-3,-1
2903,1,-1,-1
2904,1,-1,-4
2905,1,-4,0
2906,1,0,-2
2907,1,-2,-1
2908,1,-1,-3
2909,1,-3,0
2910,1,0,-2
2911,1,-2,-3
2912,1,-3,-3
2913,1,-3,-2
2914,1,-2,-2
2915,1,-2,0
2916,1,0,-3
2917,1,-3,-2
2918,1,-2,-1
2919,1,-1,-1
2920,1,-1,-3
2921,1,-3,-1
2922,1,-1,-3
2923,1,-3,-2
2924,1,-2,-2
2925,1,-2,-3
2926,1,-3,-2
2927,1,-2,-1
2928,1,-1,-3
2929,1,-3,-1
2930,1,-1,0
2931,1,0,-3
2932,1,-3,-1
2933,1,-1,-3
2934,1,-3,-2
2935,1,-2,-2
2936,1,-2,-3
2937,1,-3,-1
2938,1,-1,-2
2939,1,-2,0
2940,1,0,-2
2941,1,-2,-2
2942,1,-2,-1
2943,1,-1,-3
2944,1,-3,-1
2945,1,-1,-2
2946,1,-2,-2
2947,1,-2,-1
2948,1,-1,-2
2949,1,-2,-2
2950,1,-2,-2
2951,1,-2,-3
2952,1,-3,-2
2953,1,-2,0
2954,1,0,-1
2955,1,-1,-2
2956,1,-2,-2
2957,1,-2,-4
2958,1,-4,-1
2959,1,-1,-2
2960,1,-2,-1
2961,1,-1,-1
2962,1,-1,-1
2963,1,-1,-2
2964,1,-2,-2
2965,1,-2,-2
2966,1,-2,-2
2967,1,-2,-2
2968,1,-2,-2
2969,1,-2,-3
2970,1,-3,-2
2971,1,-2,-1
2972,1,-1,-2
2973,1,-2,-1
2974,1,-1,-3
2975,1,-3,-1
2976,1,-1,-3
2977,1,-3,-2
2978,1,-2,-2
2979,1,-2,-1
2980,1,-1,-3
2981,1,-3,-2
2982,1,-2,-2
2983,1,-2,-3
2984,1,-3,-3
2985,1,-3,-1
2986,1,-1,-2
2987,1,-2,-3
2988,1,-3,-2
2989,1,-2,-2
2990,1,-2,-1
2991,1,-1,-2
2992,1,-2,-2
2993,1,-2,-1
2994,1,-1,-1
2995,1,-1,-2
2996,1,-2,-2
2997,1,-2,-2
2998,1,-2,-2
2999,1,-2,0
3000,1,0,-2
3001,1,-2,-2
3002,1,-2,0
3003,1,0,-1
3004,1,-1,-2
3005,1,-2,-3
3006,1,-3,-2
3007,1,-2,-1
3008,1,-1,-3
3009,1,-3,0
3010,1,0,-2
3011,1,-2,-3
3012,1,-3,-2
3013,1,-2,-1
3014,1,-1,0
3015,1,0,-2
3016,1,-2,-4
3017,1,-4,-3
3018,1,-3,-2
3019,1,-2,-3
3020,1,-3,-2
3021,1,-2,-1
3022,1,-1,-1
3023,1,-1,-2
3024,1,-2,-1
3025,1,-1,-1
3026,1,-1,-2
3027,1,-2,-3
3028,1,-3,-2
3029,1,-2,-2
3030,1,-2,-4
3031,1,-4,-2
3032,1,-2,-3
3033,1,-3,-1
3034,1,-1,-3
3035,1,-3,-2
3036,1,-2,-1
3037,1,-1,-1
3038,1,-1,-1
3039,1,-1,-1
3040,1,-1,-1
3041,1,-1,0
3042,1,0,-1
3043,1,-1,-2
3044,1,-2,0
3045,1,0,-3
3046,1,-3,-2
3047,1,-2,-2
3048,1,-2,-1
3049,1,-1,0
3050,1,0,-1
3051,1,-1,-2
3052,1,-2,-1
3053,1,-1,-2
3054,1,-2,-4
3055,1,-4,-3
3056,1,-3,-2
3057,1,-2,-2
3058,1,-2,0
3059,1,0,-3
3060,1,-3,-4
3061,1,-4,-2
3062,1,-2,-2
3063,1,-2,-3
3064,1,-3,-1
3065,1,-1,-1
3066,1,-1,-1
3067,1,-1,-1
3068,1,-1,-3
3069,1,-3,-2
3070,1,-2,-1
3071,1,-1,-4
3072,1,-4,-1
3073,1,-1,-2
3074,1,-2,-2
3075,1,-2,0
3076,1,0,-1
3077,1,-1,-1
3078,1,-1,-1
3079,1,-1,-1
3080,1,-1,-1
3081,1,-1,-3
3082,1,-3,-2
3083,1,-2,-1
3084,1,-1,-1
3085,1,-1,-1
3086,1,-1,-3
3087,1,-3,-2
3088,1,-2,-2
3089,1,-2,-2
3090,1,-2,-1
3091,1,-1,-2
3092,1,-2,-2
3093,1,-2,-1
3094,1,-1,-2
3095,1,-2,-4
3096,1,-4,-2
3097,1,-2,-1
3098,1,-1,-2
3099,1,-2,-2
3100,1,-2,-1
3101,1,-1,-1
3102,1,-1,-1
3103,1,-1,-1
3104,1,-1,0
3105,1,0,-3
3106,1,-3,-2
3107,1,-2,-1
3108,1,-1,-1
3109,1,-1,-2
3110,1,-2,-2
3111,1,-2,-2
3112,1,-2,-2
3113,1,-2,-3
3114,1,-3,-2
3115,1,-2,0
3116,1,0,-3
3117,1,-3,-3
3118,1,-3,-2
3119,1,-2,-2
3120,1,-2,-3
3121,1,-3,-2
3122,1,-2,-3
3123,1,-3,-3
3124,1,-3,-1
3125,1,-1,-4
3126,1,-4,-4
3127,1,-4,-3
3128,1,-3,0
3129,1,0,-3
3130,1,-3,0
3131,1,0,0
3132,1,0,-1
3133,1,-1,-3
3134,1,-3,-1
3135,1,-1,-4
3136,1,-4,0
3137,1,0,-2
3138,1,-2,-3
3139,1,-3,-3
3140,1,-3,-1
3141,1,-1,-2
3142,1,-2,-1
3143,1,-1,-2
3144,1,-2,-1
3145,1,-1,-1
3146,1,-1,-2
3147,1,-2,-2
3148,1,-2,-1
3149,1,-1,-1
3150,1,-1,-1
3151,1,-1,-3
3152,1,-3,-1
3153,1,-1,-1
3154,1,-1,-2
3155,1,-2,0
3156,1,0,-1
3157,1,-1,-1
3158,1,-1,-3
3159,1,-3,-3
3160,1,-3,-3
3161,1,-3,0
3162,1,0,0
3163,1,0,0
3164,1,0,-1
3165,1,-1,-1
3166,1,-1,-2
3167,1,-2,-2
3168,1,-2,-1
3169,1,-1,-1
3170,1,-1,-2
3171,1,-2,-2
3172,1,-2,-1
3173,1,-1,-3
3174,1,-3,-1
3175,1,-1,-1
3176,1,-1,-3
3177,1,-3,-3
3178,1,-3,-2
3179,1,-2,-2
3180,1,-2,-2
3181,1,-2,-1
3182,1,-1,-2
3183,1,-2,-2
3184,1,-2,-5
3185,1,-5,-1
3186,1,-1,-1
3187,1,-1,-1
3188,1,-1,-3
3189,1,-3,-1
3190,1,-1,-1
3191,1,-1,-2
3192,1,-2,-2
3193,1,-2,-1
3194,1,-1,-1
3195,1,-1,-3
3196,1,-3,-3
3197,1,-3,-3
3198,1,-3,-3
3199,1,-3,-2
3200,1,-2,-3
3201,1,-3,-1
3202,1,-1,-1
3203,1,-1,-2
3204,1,-2,-3
3205,1,-3,-3
3206,1,-3,-2
3207,1,-2,-1
3208,1,-1,-1
3209,1,-1,-2
3210,1,-2,-3
3211,1,-3,-2
3212,1,-2,-2
3213,1,-2,0
3214,1,0,-1
3215,1,-1,-2
3216,1,-2,-1
3217,1,-1,-3
3218,1,-3,-1
3219,1,-1,-1
3220,1,-1,-1
3221,1,-1,-1
3222,1,-1,-2
3223,1,-2,-4
3224,1,-4,-1
3225,1,-1,-2
3226,1,-2,-1
3227,1,-1,-4
3228,1,-4,-1
3229,1,-1,-1
3230,1,-1,-1
3231,1,-1,-1
3232,1,-1,0
3233,1,0,0
3234,1,0,-2
3235,1,-2,0
3236,1,0,-2
3237,1,-2,-1
3238,1,-1,-1
3239,1,-1,-2
3240,1,-2,-2
3241,1,-2,-3
3242,1,-3,-1
3243,1,-1,-2
3244,1,-2,-3
3245,1,-3,-1
3246,1,-1,-2
3247,1,-2,-2
3248,1,-2,-1
3249,1,-1,0
3250,1,0,-1
3251,1,-1,0
3252,1,0,-1
3253,1,-1,-3
3254,1,-3,-4
3255,1,-4,-2
3256,1,-2,-2
3257,1,-2,-4
3258,1,-4,-4
3259,1,-4,-3
3260,1,-3,-1
3261,1,-1,-3
3262,1,-3,-2
3263,1,-2,-2
3264,1,-2,-2
3265,1,-2,0
3266,1,0,-2
3267,1,-2,-1
3268,1,-1,-4
3269,1,-4,-1
3270,1,-1,-4
3271,1,-4,0
3272,1,0,-2
3273,1,-2,-3
3274,1,-3,-2
3275,1,-2,0
3276,1,0,0
3277,1,0,0
3278,1,0,-1
3279,1,-1,-1
3280,1,-1,-1
3281,1,-1,-3
3282,1,-3,-1
3283,1,-1,-2
3284,1,-2,-1
3285,1,-1,-1
3286,1,-1,-2
3287,1,-2,0
3288,1,0,-3
3289,1,-3,0
3290,1,0,0
3291,1,0,-2
3292,1,-2,0
3293,1,0,-2
3294,1,-2,-3
3295,1,-3,-2
3296,1,-2,-1
3297,1,-1,-2
3298,1,-2,-4
3299,1,-4,-2
3300,1,-2,0
3301,1,0,-4
3302,1,-4,-1
3303,1,-1,-1
3304,1,-1,-2
3305,1,-2,-1
3306,1,-1,-1
3307,1,-1,-3
3308,1,-3,-1
3309,1,-1,0
3310,1,0,-2
3311,1,-2,-2
3312,1,-2,-4
3313,1,-4,-4
3314,1,-4,-1
3315,1,-1,-2
3316,1,-2,-1
3317,1,-1,-1
3318,1,-1,-3
3319,1,-3,-1
3320,1,-1,-1
3321,1,-1,-3
3322,1,-3,-1
3323,1,-1,-3
3324,1,-3,-2
3325,1,-2,-2
3326,1,-2,-2
3327,1,-2,-2
3328,1,-2,-3
3329,1,-3,-3
3330,1,-3,-2
3331,1,-2,-1
3332,1,-1,-3
3333,1,-3,-2
3334,1,-2,-1
3335,1,-1,-1
3336,1,-1,-2
3337,1,-2,0
3338,1,0,-1
3339,1,-1,-3
3340,1,-3,-3
3341,1,-3,-2
3342,1,-2,-1
3343,1,-1,-1
3344,1,-1,-1
3345,1,-1,-2
3346,1,-2,-2
3347,1,-2,0
3348,1,0,-2
3349,1,-2,-1
3350,1,-1,0
3351,1,0,-2
3352,1,-2,-2
3353,1,-2,-3
3354,1,-3,-3
3355,1,-3,-2
3356,1,-2,0
3357,1,0,-1
3358,1,-1,-3
3359,1,-3,-2
3360,1,-2,0
3361,1,0,-2
3362,1,-2,-1
3363,1,-1,-1
3364,1,-1,-2
3365,1,-2,-3
3366,1,-3,-2
3367,1,-2,-3
3368,1,-3,-2
3369,1,-2,0
3370,1,0,-1
3371,1,-1,-2
3372,1,-2,-2
3373,1,-2,0
3374,1,0,-3
3375,1,-3,-2
3376,1,-2,-2
3377,1,-2,-1
3378,1,-1,-3
3379,1,-3,-1
3380,1,-1,-1
3381,1,-1,-2
3382,1,-2,-3
3383,1,-3,-2
3384,1,-2,-2
3385,1,-2,0
3386,1,0,-1
3387,1,-1,-3
3388,1,-3,-1
3389,1,-1,-2
3390,1,-2,-1
3391,1,-1,-2
3392,1,-2,0
3393,1,0,-3
3394,1,-3,-2
3395,1,-2,0
3396,1,0,-5
3397,1,-5,-2
3398,1,-2,0
3399,1,0,-1
3400,1,-1,-2
3401,1,-2,-2
3402,1,-2,-2
3403,1,-2,-3
3404,1,-3,-2
3405,1,-2,0
3406,1,0,0
3407,1,0,-1
3408,1,-1,-4
3409,1,-4,-2
3410,1,-2,-1
3411,1,-1,-3
3412,1,-3,-1
3413,1,-1,0
3414,1,0,-4
3415,1,-4,-2
3416,1,-2,-2
3417,1,-2,-2
3418,1,-2,-2
3419,1,-2,-1
3420,1,-1,-1
3421,1,-1,-2
3422,1,-2,-2
3423,1,-2,-1
3424,1,-1,-3
3425,1,-3,0
3426,1,0,-2
3427,1,-2,-3
3428,1,-3,-2
3429,1,-2,0
3430,1,0,-3
3431,1,-3,-2
3432,1,-2,-1
3433,1,-1,-2
3434,1,-2,-1
3435,1,-1,0
3436,1,0,-1
3437,1,-1,-2
3438,1,-2,-1
3439,1,-1,-1
3440,1,-1,-2
3441,1,-2,-2
3442,1,-2,-3
3443,1,-3,-2
3444,1,-2,-2
3445,1,-2,0
3446,1,0,-3
3447,1,-3,-3
3448,1,-3,-1
3449,1,-1,-1
3450,1,-1,-2
3451,1,-2,-2
3452,1,-2,0
3453,1,0,-1
3454,1,-1,-2
3455,1,-2,-2
3456,1,-2,-1
3457,1,-1,-1
3458,1,-1,-1
3459,1,-1,-2
3460,1,-2,-4
3461,1,-4,-2
3462,1,-2,-1
3463,1,-1,-1
3464,1,-1,0
3465,1,0,-1
3466,1,-1,-5
3467,1,-5,-2
3468,1,-2,-2
3469,1,-2,-2
3470,1,-2,-3
3471,1,-3,0
3472,1,0,-2
3473,1,-2,-2
3474,1,-2,-2
3475,1,-2,-3
3476,1,-3,0
3477,1,0,-3
3478,1,-3,-4
3479,1,-4,-3
3480,1,-3,0
3481,1,0,-3
3482,1,-3,-2
3483,1,-2,0
3484,1,0,-3
3485,1,-3,-3
3486,1,-3,0
3487,1,0,-1
3488,1,-1,-4
3489,1,-4,0
3490,1,0,-1
3491,1,-1,-2
3492,1,-2,-4
3493,1,-4,-2
3494,1,-2,-1
3495,1,-1,-3
3496,1,-3,0
3497,1,0,-2
3498,1,-2,-3
3499,1,-3,0
3500,1,0,-1
3501,1,-1,-1
3502,1,-1,-2
3503,1,-2,-1
3504,1,-1,-1
3505,1,-1,-1
3506,1,-1,-2
3507,1,-2,-2
3508,1,-2,-3
3509,1,-3,-1
3510,1,-1,-2
3511,1,-2,-3
3512,1,-3,-2
3513,1,-2,-2
3514,1,-2,-2
3515,1,-2,-3
3516,1,-3,-1
3517,1,-1,-2
3518,1,-2,-1
3519,1,-1,-2
3520,1,-2,-2
3521,1,-2,-3
3522,1,-3,-2
3523,1,-2,-1
3524,1,-1,-1
3525,1,-1,-4
3526,1,-4,-3
3527,1,-3,-2
3528,1,-2,-3
3529,1,-3,-4
3530,1,-4,-1
3531,1,-1,-4
3532,1,-4,-2
3533,1,-2,-1
3534,1,-1,-1
3535,1,-1,-2
3536,1,-2,-3
3537,1,-3,-3
3538,1,-3,-2
3539,1,-2,-2
3540,1,-2,-1
3541,1,-1,-2
3542,1,-2,-1
3543,1,-1,-1
3544,1,-1,-4
3545,1,-4,0
3546,1,0,-2
3547,1,-2,-4
3548,1,-4,0
3549,1,0,-1
3550,1,-1,-3
3551,1,-3,-2
3552,1,-2,-2
3553,1,-2,-2
3554,1,-2,-2
3555,1,-2,-1
3556,1,-1,-1
3557,1,-1,-1
3558,1,-1,-1
3559,1,-1,-3
3560,1,-3,-3
3561,1,-3,-2
3562,1,-2,-1
3563,1,-1,-1
3564,1,-1,0
3565,1,0,-1
3566,1,-1,-1
3567,1,-1,0
3568,1,0,-2
3569,1,-2,-2
3570,1,-2,-2
3571,1,-2,-1
3572,1,-1,-2
3573,1,-2,-3
3574,1,-3,-2
3575,1,-2,-1
3576,1,-1,-2
3577,1,-2,-2
3578,1,-2,-1
3579,1,-1,0
3580,1,0,-1
3581,1,-1,-3
3582,1,-3,-2
3583,1,-2,-1
3584,1,-1,-1
3585,1,-1,-2
3586,1,-2,-4
3587,1,-4,-1
3588,1,-1,-2
3589,1,-2,-2
3590,1,-2,-1
3591,1,-1,-2
3592,1,-2,-2
3593,1,-2,-2
3594,1,-2,0
3595,1,0,-3
3596,1,-3,-1
3597,1,-1,-2
3598,1,-2,-1
3599,1,-1,-2
3600,1,-2,-2
3601,1,-2,-2
3602,1,-2,-1
3603,1,-1,-1
3604,1,-1,-3
3605,1,-3,0
3606,1,0,0
3607,1,0,0
3608,1,0,-1
3609,1,-1,-1
3610,1,-1,-2
3611,1,-2,-4
3612,1,-4,-2
3613,1,-2,-2
3614,1,-2,-3
3615,1,-3,-2
3616,1,-2,-2
3617,1,-2,-1
3618,1,-1,-2
3619,1,-2,-1
3620,1,-1,-1
3621,1,-1,-1
3622,1,-1,-2
3623,1,-2,-2
3624,1,-2,-1
3625,1,-1,-2
3626,1,-2,-2
3627,1,-2,-1
3628,1,-1,-1
3629,1,-1,-1
3630,1,-1,-2
3631,1,-2,0
3632,1,0,-3
3633,1,-3,-2
3634,1,-2,-2
3635,1,-2,0
3636,1,0,0
3637,1,0,-1
3638,1,-1,0
3639,1,0,0
3640,1,0,-3
3641,1,-3,-2
3642,1,-2,-1
3643,1,-1,-2
3644,1,-2,-3
3645,1,-3,-1
3646,1,-1,0
3647,1,0,-3
3648,1,-3,-3
3649,1,-3,-1
3650,1,-1,0
3651,1,0,-2
3652,1,-2,-1
3653,1,-1,-3
3654,1,-3,-2
3655,1,-2,-2
3656,1,-2,-1
3657,1,-1,-1
3658,1,-1,0
3659,1,0,-2
3660,1,-2,-1
3661,1,-1,-1
3662,1,-1,-3
3663,1,-3,-2
3664,1,-2,-3
3665,1,-3,-3
3666,1,-3,-2
3667,1,-2,-3
3668,1,-3,-2
3669,1,-2,-3
3670,1,-3,-1
3671,1,-1,-2
3672,1,-2,-2
3673,1,-2,-2
3674,1,-2,-3
3675,1,-3,-2
3676,1,-2,-2
3677,1,-2,-2
3678,1,-2,-1
3679,1,-1,-2
3680,1,-2,-2
3681,1,-2,-2
3682,1,-2,-1
3683,1,-1,-2
3684,1,-2,-2
3685,1,-2,-2
3686,1,-2,-2
3687,1,-2,0
3688,1,0,-3
3689,1,-3,-1
3690,1,-1,0
3691,1,0,-1
3692,1,-1,-1
3693,1,-1,0
3694,1,0,0
3695,1,0,-1
3696,1,-1,-2
3697,1,-2,-4
3698,1,-4,-1
3699,1,-1,-2
3700,1,-2,-2
3701,1,-2,0
3702,1,0,-3
3703,1,-3,-2
3704,1,-2,-2
3705,1,-2,-2
3706,1,-2,-2
3707,1,-2,-2
3708,1,-2,-2
3709,1,-2,-2
3710,1,-2,-2
3711,1,-2,0
3712,1,0,-3
3713,1,-3,-4
3714,1,-4,0
3715,1,0,-1
3716,1,-1,-1
3717,1,-1,-2
3718,1,-2,-2
3719,1,-2,-3
3720,1,-3,-3
3721,1,-3,-2
3722,1,-2,-2
3723,1,-2,-1
3724,1,-1,-2
3725,1,-2,-2
3726,1,-2,-1
3727,1,-1,-1
3728,1,-1,0
3729,1,0,-1
3730,1,-1,0
3731,1,0,-2
3732,1,-2,-2
3733,1,-2,-2
3734,1,-2,-2
3735,1,-2,-1
3736,1,-1,-2
3737,1,-2,-1
3738,1,-1,-3
3739,1,-3,-2
3740,1,-2,-2
3741,1,-2,-3
3742,1,-3,-2
3743,1,-2,-3
3744,1,-3,-1
3745,1,-1,-1
3746,1,-1,-3
3747,1,-3,-2
3748,1,-2,-2
3749,1,-2,-1
3750,1,-1,-1
3751,1,-1,0
3752,1,0,-1
3753,1,-1,-2
3754,1,-2,-3
3755,1,-3,-2
3756,1,-2,-2
3757,1,-2,0
3758,1,0,-2
3759,1,-2,-1
3760,1,-1,-3
3761,1,-3,-2
3762,1,-2,-2
3763,1,-2,-3
3764,1,-3,-3
3765,1,-3,0
3766,1,0,0
3767,1,0,-2
3768,1,-2,-2
3769,1,-2,-1
3770,1,-1,-2
3771,1,-2,-2
3772,1,-2,-1
3773,1,-1,-2
3774,1,-2,-3
3775,1,-3,-2
3776,1,-2,-2
3777,1,-2,-1
3778,1,-1,0
3779,1,0,-2
3780,1,-2,0
3781,1,0,-1
3782,1,-1,-3
3783,1,-3,0
3784,1,0,-3
3785,1,-3,-1
3786,1,-1,0
3787,1,0,-3
3788,1,-3,-3
3789,1,-3,-1
3790,1,-1,-4
3791,1,-4,-1
3792,1,-1,-2
3793,1,-2,-1
3794,1,-1,-1
3795,1,-1,-2
3796,1,-2,-4
3797,1,-4,-3
3798,1,-3,0
3799,1,0,0
3800,1,0,-1
3801,1,-1,-1
3802,1,-1,-2
3803,1,-2,-3
3804,1,-3,-3
3805,1,-3,-3
3806,1,-3,-2
3807,1,-2,-3
3808,1,-3,-1
3809,1,-1,-1
3810,1,-1,-2
3811,1,-2,-1
3812,1,-1,0
3813,1,0,-2
3814,1,-2,0
3815,1,0,0
3816,1,0,-3
3817,1,-3,-2
3818,1,-2,-1
3819,1,-1,0
3820,1,0,-2
3821,1,-2,-2
3822,1,-2,-1
3823,1,-1,-2
3824,1,-2,-1
3825,1,-1,-3
3826,1,-3,-4
3827,1,-4,-2
3828,1,-2,-2
3829,1,-2,-1
3830,1,-1,-1
3831,1,-1,-3
3832,1,-3,-2
3833,1,-2,-2
3834,1,-2,-1
3835,1,-1,-2
3836,1,-2,-2
3837,1,-2,-3
3838,1,-3,-3
3839,1,-3,-2
3840,1,-2,-2
3841,1,-2,-2
3842,1,-2,-3
3843,1,-3,-2
3844,1,-2,-2
3845,1,-2,-1
3846,1,-1,-2
3847,1,-2,-1
3848,1,-1,-2
3849,1,-2,-2
3850,1,-2,-3
3851,1,-3,-2
3852,1,-2,-1
3853,1,-1,-3
3854,1,-3,-2
3855,1,-2,-3
3856,1,-3,-1
3857,1,-1,-2
3858,1,-2,-2
3859,1,-2,-3
3860,1,-3,0
3861,1,0,-2
3862,1,-2,-2
3863,1,-2,-1
3864,1,-1,-1
3865,1,-1,-2
3866,1,-2,-1
3867,1,-1,-2
3868,1,-2,-3
3869,1,-3,-2
3870,1,-2,-3
3871,1,-3,-1
3872,1,-1,-1
3873,1,-1,-2
3874,1,-2,-3
3875,1,-3,-2
3876,1,-2,-2
3877,1,-2,-2
3878,1,-2,-2
3879,1,-2,-2
3880,1,-2,-2
3881,1,-2,-2
3882,1,-2,-3
3883,1,-3,-1
3884,1,-1,-2
3885,1,-2,-3
3886,1,-3,-2
3887,1,-2,-2
3888,1,-2,-1
3889,1,-1,-1
3890,1,-1,-1
3891,1,-1,-1
3892,1,-1,-2
3893,1,-2,-2
3894,1,-2,-1
3895,1,-1,-4
3896,1,-4,-2
3897,1,-2,-1
3898,1,-1,-1
3899,1,-1,-1
3900,1,-1,-2
3901,1,-2,-1
3902,1,-1,-4
3903,1,-4,-2
3904,1,-2,-2
3905,1,-2,-1
3906,1,-1,-2
3907,1,-2,-2
3908,1,-2,-1
3909,1,-1,-2
3910,1,-2,-2
3911,1,-2,-1
3912,1,-1,-1
3913,1,-1,-4
3914,1,-4,-1
3915,1,-1,-1
3916,1,-1,-3
3917,1,-3,-2
3918,1,-2,-2
3919,1,-2,-1
3920,1,-1,-2
3921,1,-2,-1
3922,1,-1,-1
3923,1,-1,-3
3924,1,-3,0
3925,1,0,-3
3926,1,-3,0
3927,1,0,-2
3928,1,-2,-3
3929,1,-3,-2
3930,1,-2,-1
3931,1,-1,-3
3932,1,-3,-3
3933,1,-3,-4
3934,1,-4,-2
3935,1,-2,-2
3936,1,-2,-3
3937,1,-3,0
3938,1,0,-1
3939,1,-1,0
3940,1,0,-2
3941,1,-2,-1
3942,1,-1,-1
3943,1,-1,-3
3944,1,-3,-2
3945,1,-2,-3
3946,1,-3,-1
3947,1,-1,-3
3948,1,-3,-2
3949,1,-2,-2
3950,1,-2,-3
3951,1,-3,-2
3952,1,-2,-2
3953,1,-2,-1
3954,1,-1,-1
3955,1,-1,-1
3956,1,-1,-3
3957,1,-3,-2
3958,1,-2,-2
3959,1,-2,-1
3960,1,-1,-1
3961,1,-1,-2
3962,1,-2,-2
3963,1,-2,-2
3964,1,-2,-2
3965,1,-2,-3
3966,1,-3,-1
3967,1,-1,-3
3968,1,-3,-2
3969,1,-2,-3
3970,1,-3,-2
3971,1,-2,-3
3972,1,-3,-3
3973,1,-3,-2
3974,1,-2,-3
3975,1,-3,-2
3976,1,-2,-1
3977,1,-1,0
3978,1,0,-2
3979,1,-2,-2
3980,1,-2,-3
3981,1,-3,-3
3982,1,-3,0
3983,1,0,-1
3984,1,-1,0
3985,1,0,-1
3986,1,-1,-1
3987,1,-1,-4
3988,1,-4,-2
3989,1,-2,-2
3990,1,-2,-1
3991,1,-1,-2
3992,1,-2,-4
3993,1,-4,-2
3994,1,-2,-1
3995,1,-1,-2
3996,1,-2,0
3997,1,0,0
3998,1,0,-1
3999,1,-1,-2
4000,1,-2,-2
4001,1,-2,0
4002,1,0,-4
4003,1,-4,-2
4004,1,-2,-4
4005,1,-4,-1
4006,1,-1,-1
4007,1,-1,-2
4008,1,-2,-1
4009,1,-1,-2
4010,1,-2,-1
4011,1,-1,-2
4012,1,-2,-2
4013,1,-2,-1
4014,1,-1,-2
4015,1,-2,-2
4016,1,-2,-1
4017,1,-1,-1
4018,1,-1,-2
4019,1,-2,-2
4020,1,-2,0
4021,1,0,0
4022,1,0,-4
4023,1,-4,-4
4024,1,-4,-2
4025,1,-2,-2
4026,1,-2,-1
4027,1,-1,-4
4028,1,-4,-3
4029,1,-3,-1
4030,1,-1,0
4031,1,0,-3
4032,1,-3,-3
4033,1,-3,-1
4034,1,-1,-1
4035,1,-1,-2
4036,1,-2,-2
4037,1,-2,-1
4038,1,-1,-2
4039,1,-2,-2
4040,1,-2,-2
4041,1,-2,-3
4042,1,-3,0
4043,1,0,-1
4044,1,-1,-3
4045,1,-3,0
4046,1,0,-1
4047,1,-1,-2
4048,1,-2,-4
4049,1,-4,-2
4050,1,-2,-3
4051,1,-3,-2
4052,1,-2,0
4053,1,0,-3
4054,1,-3,0
4055,1,0,-4
4056,1,-4,-1
4057,1,-1,-1
4058,1,-1,-1
4059,1,-1,-3
4060,1,-3,-2
4061,1,-2,-2
4062,1,-2,0
4063,1,0,-2
4064,1,-2,-2
4065,1,-2,-1
4066,1,-1,-3
4067,1,-3,-2
4068,1,-2,-3
4069,1,-3,0
4070,1,0,-1
4071,1,-1,-2
4072,1,-2,-2
4073,1,-2,-1
4074,1,-1,-1
4075,1,-1,-1
4076,1,-1,-1
4077,1,-1,-2
4078,1,-2,-1
4079,1,-1,-2
4080,1,-2,-3
4081,1,-3,-2
4082,1,-2,-2
4083,1,-2,-2
4084,1,-2,-1
4085,1,-1,-2
4086,1,-2,-3
4087,1,-3,-2
4088,1,-2,-3
4089,1,-3,-2
4090,1,-2,-3
4091,1,-3,-1
4092,1,-1,-4
4093,1,-4,-1
4094,1,-1,-2
4095,1,-2,-1
4096,1,-1,-2
4097,1,-2,-2
4098,1,-2,-4
4099,1,-4,-3
4100,1,-3,-2
4101,1,-2,-3
4102,1,-3,-3
4103,1,-3,-3
4104,1,-3,-2
4105,1,-2,-3
4106,1,-3,-2
4107,1,-2,0
4108,1,0,-1
4109,1,-1,-4
4110,1,-4,-3
4111,1,-3,-2
4112,1,-2,-4
4113,1,-4,-2
4114,1,-2,-1
4115,1,-1,-2
4116,1,-2,0
4117,1,0,0
4118,1,0,-2
4119,1,-2,-2
4120,1,-2,-2
4121,1,-2,-2
4122,1,-2,-1
4123,1,-1,-4
4124,1,-4,-1
4125,1,-1,-2
4126,1,-2,0
4127,1,0,-1
4128,1,-1,-2
4129,1,-2,-1
4130,1,-1,0
4131,1,0,-1
4132,1,-1,-1
4133,1,-1,-2
4134,1,-2,-2
4135,1,-2,-1
4136,1,-1,-2
4137,1,-2,-2
4138,1,-2,-1
4139,1,-1,0
4140,1,0,-1
4141,1,-1,-1
4142,1,-1,-3
4143,1,-3,-3
4144,1,-3,-2
4145,1,-2,-3
4146,1,-3,-4
4147,1,-4,-1
4148,1,-1,-1
4149,1,-1,-1
4150,1,-1,-2
4151,1,-2,-1
4152,1,-1,-1
4153,1,-1,-2
4154,1,-2,-3
4155,1,-3,-3
4156,1,-3,-4
4157,1,-4,-2
4158,1,-2,-1
4159,1,-1,-3
4160,1,-3,-3
4161,1,-3,-2
4162,1,-2,-1
4163,1,-1,-2
4164,1,-2,-3
4165,1,-3,-3
4166,1,-3,-1
4167,1,-1,-3
4168,1,-3,-1
4169,1,-1,-1
4170,1,-1,-2
4171,1,-2,-1
4172,1,-1,-2
4173,1,-2,-2
4174,1,-2,-3
4175,1,-3,-1
4176,1,-1,-2
4177,1,-2,-1
4178,1,-1,-2
4179,1,-2,-1
4180,1,-1,0
4181,1,0,0
4182,1,0,-2
4183,1,-2,-2
4184,1,-2,-2
4185,1,-2,-2
4186,1,-2,-3
4187,1,-3,0
4188,1,0,-2
4189,1,-2,-2
4190,1,-2,-3
4191,1,-3,-3
4192,1,-3,-1
4193,1,-1,-1
4194,1,-1,0
4195,1,0,-1
4196,1,-1,-3
4197,1,-3,-1
4198,1,-1,0
4199,1,0,-2
4200,1,-2,-2
4201,1,-2,-2
4202,1,-2,-2
4203,1,-2,-1
4204,1,-1,-2
4205,1,-2,-4
4206,1,-4,-3
4207,1,-3,0
4208,1,0,-3
4209,1,-3,-3
4210,1,-3,-1
4211,1,-1,-3
4212,1,-3,-3
4213,1,-3,-2
4214,1,-2,0
4215,1,0,-3
4216,1,-3,-1
4217,1,-1,-2
4218,1,-2,-3
4219,1,-3,-1
4220,1,-1,-1
4221,1,-1,0
4222,1,0,-2
4223,1,-2,-1
4224,1,-1,-2
4225,1,-2,-1
4226,1,-1,-2
4227,1,-2,-2
4228,1,-2,-2
4229,1,-2,-3
4230,1,-3,0
4231,1,0,-3
4232,1,-3,-2
4233,1,-2,-3
4234,1,-3,-4
4235,1,-4,-2
4236,1,-2,-2
4237,1,-2,-3
4238,1,-3,0
4239,1,0,0
4240,1,0,-2
4241,1,-2,-3
4242,1,-3,-3
4243,1,-3,-1
4244,1,-1,-3
4245,1,-3,-3
4246,1,-3,-3
4247,1,-3,-1
4248,1,-1,-3
4249,1,-3,-1
4250,1,-1,-1
4251,1,-1,-2
4252,1,-2,-2
4253,1,-2,-1
4254,1,-1,-1
4255,1,-1,-2
4256,1,-2,0
4257,1,0,-2
4258,1,-2,-2
4259,1,-2,-2
4260,1,-2,-1
4261,1,-1,-2
4262,1,-2,-2
4263,1,-2,0
4264,1,0,-1
4265,1,-1,-1
4266,1,-1,-3
4267,1,-3,-1
4268,1,-1,-2
4269,1,-2,-4
4270,1,-4,-1
4271,1,-1,-2
4272,1,-2,-3
4273,1,-3,0
4274,1,0,-1
4275,1,-1,-2
4276,1,-2,-2
4277,1,-2,-2
4278,1,-2,0
4279,1,0,-3
4280,1,-3,-2
4281,1,-2,-2
4282,1,-2,-2
4283,1,-2,-2
4284,1,-2,-1
4285,1,-1,-3
4286,1,-3,-2
4287,1,-2,0
4288,1,0,-2
4289,1,-2,-1
4290,1,-1,-2
4291,1,-2,-1
4292,1,-1,-1
4293,1,-1,-3
4294,1,-3,-1
4295,1,-1,-2
4296,1,-2,-2
4297,1,-2,-4
4298,1,-4,-2
4299,1,-2,-2
4300,1,-2,-2
4301,1,-2,-1
4302,1,-1,-1
4303,1,-1,0
4304,1,0,0
4305,1,0,0
4306,1,0,-1
4307,1,-1,-3
4308,1,-3,0
4309,1,0,-1
4310,1,-1,-2
4311,1,-2,-4
4312,1,-4,-4
4313,1,-4,-3
4314,1,-3,-2
4315,1,-2,-2
4316,1,-2,-4
4317,1,-4,-2
4318,1,-2,0
4319,1,0,-1
4320,1,-1,-2
4321,1,-2,-4
4322,1,-4,-2
4323,1,-2,0
4324,1,0,0
4325,1,0,-1
4326,1,-1,0
4327,1,0,-1
4328,1,-1,-2
4329,1,-2,-1
4330,1,-1,-4
4331,1,-4,-2
4332,1,-2,-3
4333,1,-3,-1
4334,1,-1,-2
4335,1,-2,-1
4336,1,-1,-1
4337,1,-1,-1
4338,1,-1,-1
4339,1,-1,-1
4340,1,-1,-1
4341,1,-1,-3
4342,1,-3,-2
4343,1,-2,-2
4344,1,-2,-1
4345,1,-1,-3
4346,1,-3,0
4347,1,0,-2
4348,1,-2,-1
4349,1,-1,-3
4350,1,-3,-2
4351,1,-2,-2
4352,1,-2,-3
4353,1,-3,-1
4354,1,-1,-2
4355,1,-2,-2
4356,1,-2,0
4357,1,0,-2
4358,1,-2,-3
4359,1,-3,-2
4360,1,-2,-2
4361,1,-2,-1
4362,1,-1,-1
4363,1,-1,-3
4364,1,-3,-3
4365,1,-3,-1
4366,1,-1,0
4367,1,0,-2
4368,1,-2,-1
4369,1,-1,-2
4370,1,-2,-1
4371,1,-1,-2
4372,1,-2,-1
4373,1,-1,-3
4374,1,-3,-3
4375,1,-3,-2
4376,1,-2,-2
4377,1,-2,-1
4378,1,-1,-2
4379,1,-2,-2
4380,1,-2,-4
4381,1,-4,-2
4382,1,-2,-2
4383,1,-2,-2
4384,1,-2,-2
4385,1,-2,-2
4386,1,-2,0
4387,1,0,-2
4388,1,-2,-2
4389,1,-2,-1
4390,1,-1,0
4391,1,0,0
4392,1,0,-3
4393,1,-3,-1
4394,1,-1,-1
4395,1,-1,-3
4396,1,-3,-2
4397,1,-2,-3
4398,1,-3,0
4399,1,0,-2
4400,1,-2,-1
4401,1,-1,-1
4402,1,-1,-2
4403,1,-2,-1
4404,1,-1,-2
4405,1,-2,-1
4406,1,-1,-3
4407,1,-3,0
4408,1,0,-2
4409,1,-2,-4
4410,1,-4,-2
4411,1,-2,-1
4412,1,-1,0
4413,1,0,-2
4414,1,-2,-2
4415,1,-2,-2
4416,1,-2,-2
4417,1,-2,-2
4418,1,-2,-2
4419,1,-2,-3
4420,1,-3,-2
4421,1,-2,-3
4422,1,-3,-1
4423,1,-1,-2
4424,1,-2,-2
4425,1,-2,-2
4426,1,-2,-4
4427,1,-4,-4
4428,1,-4,-1
4429,1,-1,-1
4430,1,-1,-1
4431,1,-1,-3
4432,1,-3,-2
4433,1,-2,0
4434,1,0,0
4435,1,0,-2
4436,1,-2,-3
4437,1,-3,-2
4438,1,-2,0
4439,1,0,-2
4440,1,-2,-3
4441,1,-3,-3
4442,1,-3,-2
4443,1,-2,-3
4444,1,-3,-2
4445,1,-2,0
4446,1,0,-1
4447,1,-1,-3
4448,1,-3,-1
4449,1,-1,-2
4450,1,-2,-3
4451,1,-3,-2
4452,1,-2,-4
4453,1,-4,-1
4454,1,-1,-1
4455,1,-1,-2
4456,1,-2,-2
4457,1,-2,-2
4458,1,-2,0
4459,1,0,-3
4460,1,-3,-4
4461,1,-4,-2
4462,1,-2,-2
4463,1,-2,-3
4464,1,-3,-2
4465,1,-2,-1
4466,1,-1,-2
4467,1,-2,-3
4468,1,-3,-1
4469,1,-1,-2
4470,1,-2,-3
4471,1,-3,-3
4472,1,-3,-2
4473,1,-2,-3
4474,1,-3,-1
4475,1,-1,-3
4476,1,-3,-1
4477,1,-1,-2
4478,1,-2,-1
4479,1,-1,-2
4480,1,-2,-2
4481,1,-2,-3
4482,1,-3,-1
4483,1,-1,-1
4484,1,-1,-1
4485,1,-1,-4
4486,1,-4,-1
4487,1,-1,-3
4488,1,-3,0
4489,1,0,-1
4490,1,-1,-1
4491,1,-1,-1
4492,1,-1,-1
4493,1,-1,-3
4494,1,-3,-2
4495,1,-2,-2
4496,1,-2,-3
4497,1,-3,0
4498,1,0,-1
4499,1,-1,0
4500,1,0,-1
4501,1,-1,-3
4502,1,-3,-1
4503,1,-1,0
4504,1,0,-2
4505,1,-2,0
4506,1,0,-3
4507,1,-3,-2
4508,1,-2,-2
4509,1,-2,-2
4510,1,-2,-1
4511,1,-1,-3
4512,1,-3,-1
4513,1,-1,-2
4514,1,-2,-2
4515,1,-2,-1
4516,1,-1,-2
4517,1,-2,-1
4518,1,-1,-1
4519,1,-1,-2
4520,1,-2,-3
4521,1,-3,0
4522,1,0,-3
4523,1,-3,-1
4524,1,-1,0
4525,1,0,-1
4526,1,-1,-1
4527,1,-1,-2
4528,1,-2,-3
4529,1,-3,0
4530,1,0,-1
4531,1,-1,-4
4532,1,-4,-2
4533,1,-2,-2
4534,1,-2,-2
4535,1,-2,-2
4536,1,-2,-3
4537,1,-3,-3
4538,1,-3,-1
4539,1,-1,-1
4540,1,-1,-2
4541,1,-2,0
4542,1,0,-2
4543,1,-2,-2
4544,1,-2,-1
4545,1,-1,0
4546,1,0,0
4547,1,0,-2
4548,1,-2,-3
4549,1,-3,-2
4550,1,-2,-1
4551,1,-1,0
4552,1,0,-2
4553,1,-2,-1
4554,1,-1,-3
4555,1,-3,-1
4556,1,-1,-1
4557,1,-1,-1
4558,1,-1,-1
4559,1,-1,-1
4560,1,-1,-3
4561,1,-3,-1
4562,1,-1,-1
4563,1,-1,-3
4564,1,-3,0
4565,1,0,-1
4566,1,-1,0
4567,1,0,-2
4568,1,-2,-2
4569,1,-2,-2
4570,1,-2,-2
4571,1,-2,-1
4572,1,-1,-2
4573,1,-2,-2
4574,1,-2,-2
4575,1,-2,-2
4576,1,-2,-1
4577,1,-1,-1
4578,1,-1,0
4579,1,0,-3
4580,1,-3,-3
4581,1,-3,-2
4582,1,-2,0
4583,1,0,-2
4584,1,-2,-1
4585,1,-1,-2
4586,1,-2,-3
4587,1,-3,-3
4588,1,-3,0
4589,1,0,-2
4590,1,-2,-1
4591,1,-1,-3
4592,1,-3,-2
4593,1,-2,-2
4594,1,-2,-3
4595,1,-3,-1
4596,1,-1,-1
4597,1,-1,-3
4598,1,-3,0
4599,1,0,-2
4600,1,-2,-2
4601,1,-2,-2
4602,1,-2,-2
4603,1,-2,-1
4604,1,-1,-2
4605,1,-2,-2
4606,1,-2,-3
4607,1,-3,-4
4608,1,-4,-1
4609,1,-1,-1
4610,1,-1,-3
4611,1,-3,-2
4612,1,-2,-2
4613,1,-2,-2
4614,1,-2,-2
4615,1,-2,-1
4616,1,-1,-2
4617,1,-2,-1
4618,1,-1,-2
4619,1,-2,-3
4620,1,-3,0
4621,1,0,-2
4622,1,-2,-1
4623,1,-1,0
4624,1,0,-2
4625,1,-2,-1
4626,1,-1,-2
4627,1,-2,-2
4628,1,-2,-3
4629,1,-3,-1
4630,1,-1,-1
4631,1,-1,0
4632,1,0,-2
4633,1,-2,-1
4634,1,-1,0
4635,1,0,-1
4636,1,-1,-3
4637,1,-3,-1
4638,1,-1,-2
4639,1,-2,0
4640,1,0,-2
4641,1,-2,-3
4642,1,-3,-2
4643,1,-2,-1
4644,1,-1,-2
4645,1,-2,-3
4646,1,-3,-2
4647,1,-2,-2
4648,1,-2,0
4649,1,0,0
4650,1,0,-3
4651,1,-3,-1
4652,1,-1,-1
4653,1,-1,0
4654,1,0,0
4655,1,0,0
4656,1,0,0
4657,1,0,-1
4658,1,-1,-2
4659,1,-2,-3
4660,1,-3,-2
4661,1,-2,-3
4662,1,-3,-3
4663,1,-3,-3
4664,1,-3,-1
4665,1,-1,-2
4666,1,-2,-3
4667,1,-3,-2
4668,1,-2,-2
4669,1,-2,-3
4670,1,-3,-4
4671,1,-4,-2
4672,1,-2,-2
4673,1,-2,-3
4674,1,-3,-1
4675,1,-1,-1
4676,1,-1,-1
4677,1,-1,0
4678,1,0,-2
4679,1,-2,-2
4680,1,-2,-2
4681,1,-2,-2
4682,1,-2,-4
4683,1,-4,-2
4684,1,-2,-5
4685,1,-5,-3
4686,1,-3,-4
4687,1,-4,-1
4688,1,-1,-2
4689,1,-2,-2
4690,1,-2,-3
4691,1,-3,-3
4692,1,-3,-1
4693,1,-1,0
4694,1,0,-1
4695,1,-1,-1
4696,1,-1,0
4697,1,0,-2
4698,1,-2,-2
4699,1,-2,-3
4700,1,-3,-2
4701,1,-2,-2
4702,1,-2,-2
4703,1,-2,-2
4704,1,-2,-3
4705,1,-3,-1
4706,1,-1,-1
4707,1,-1,-2
4708,1,-2,-3
4709,1,-3,-2
4710,1,-2,-2
4711,1,-2,-1
4712,1,-1,-3
4713,1,-3,-2
4714,1,-2,-1
4715,1,-1,-3
4716,1,-3,-3
4717,1,-3,-3
4718,1,-3,-2
4719,1,-2,-2
4720,1,-2,-1
4721,1,-1,-1
4722,1,-1,-3
4723,1,-3,0
4724,1,0,0
4725,1,0,-1
4726,1,-1,-2
4727,1,-2,-2
4728,1,-2,-1
4729,1,-1,-3
4730,1,-3,-2
4731,1,-2,-4
4732,1,-4,-1
4733,1,-1,0
4734,1,0,-3
4735,1,-3,-2
4736,1,-2,-3
4737,1,-3,0
4738,1,0,0
4739,1,0,-3
4740,1,-3,-2
4741,1,-2,0
4742,1,0,-2
4743,1,-2,-3
4744,1,-3,-2
4745,1,-2,-1
4746,1,-1,-2
4747,1,-2,-2
4748,1,-2,-2
4749,1,-2,-3
4750,1,-3,-3
4751,1,-3,-3
4752,1,-3,-1
4753,1,-1,-3
4754,1,-3,-1
4755,1,-1,-1
4756,1,-1,-3
4757,1,-3,-3
4758,1,-3,-3
4759,1,-3,-3
4760,1,-3,-1
4761,1,-1,-2
4762,1,-2,-2
4763,1,-2,-1
4764,1,-1,-2
4765,1,-2,-2
4766,1,-2,-2
4767,1,-2,-1
4768,1,-1,0
4769,1,0,-1
4770,1,-1,-1
4771,1,-1,-2
4772,1,-2,-2
4773,1,-2,-2
4774,1,-2,-1
4775,1,-1,-2
4776,1,-2,-3
4777,1,-3,-1
4778,1,-1,-2
4779,1,-2,-3
4780,1,-3,-1
4781,1,-1,-1
4782,1,-1,0
4783,1,0,-2
4784,1,-2,-2
4785,1,-2,-3
4786,1,-3,-1
4787,1,-1,-3
4788,1,-3,-3
4789,1,-3,0
4790,1,0,0
4791,1,0,-1
4792,1,-1,0
4793,1,0,-1
4794,1,-1,-2
4795,1,-2,-2
4796,1,-2,-4
4797,1,-4,-4
4798,1,-4,-3
4799,1,-3,0
4800,1,0,-4
4801,1,-4,-2
4802,1,-2,-3
4803,1,-3,-3
4804,1,-3,-1
4805,1,-1,-1
4806,1,-1,-2
4807,1,-2,-4
4808,1,-4,-1
4809,1,-1,-2
4810,1,-2,-2
4811,1,-2,-3
4812,1,-3,-1
4813,1,-1,-1
4814,1,-1,0
4815,1,0,-2
4816,1,-2,-1
4817,1,-1,-2
4818,1,-2,-3
4819,1,-3,-3
4820,1,-3,-2
4821,1,-2,-2
4822,1,-2,-4
4823,1,-4,0
4824,1,0,0
4825,1,0,-1
4826,1,-1,0
4827,1,0,-2
4828,1,-2,-1
4829,1,-1,-1
4830,1,-1,0
4831,1,0,0
4832,1,0,-1
4833,1,-1,-3
4834,1,-3,-1
4835,1,-1,-3
4836,1,-3,-2
4837,1,-2,-1
4838,1,-1,-1
4839,1,-1,-3
4840,1,-3,-2
4841,1,-2,-3
4842,1,-3,-2
4843,1,-2,-1
4844,1,-1,-1
4845,1,-1,-4
4846,1,-4,-2
4847,1,-2,-2
4848,1,-2,-1
4849,1,-1,-4
4850,1,-4,-2
4851,1,-2,-1
4852,1,-1,-3
4853,1,-3,-3
4854,1,-3,-3
4855,1,-3,-1
4856,1,-1,0
4857,1,0,-1
4858,1,-1,-2
4859,1,-2,-1
4860,1,-1,-2
4861,1,-2,-3
4862,1,-3,-3
4863,1,-3,-2
4864,1,-2,-3
4865,1,-3,-2
4866,1,-2,0
4867,1,0,0
4868,1,0,-2
4869,1,-2,-3
4870,1,-3,-1
4871,1,-1,-3
4872,1,-3,0
4873,1,0,-2
4874,1,-2,-2
4875,1,-2,-2
4876,1,-2,-1
4877,1,-1,-1
4878,1,-1,-2
4879,1,-2,-1
4880,1,-1,-1
4881,1,-1,-2
4882,1,-2,-1
4883,1,-1,0
4884,1,0,-1
4885,1,-1,-3
4886,1,-3,-2
4887,1,-2,-5
4888,1,-5,-3
4889,1,-3,-4
4890,1,-4,-2
4891,1,-2,0
4892,1,0,0
4893,1,0,0
4894,1,0,0
4895,1,0,-3
4896,1,-3,-1
4897,1,-1,-1
4898,1,-1,0
4899,1,0,-2
4900,1,-2,-2
4901,1,-2,0
4902,1,0,-2
4903,1,-2,-2
4904,1,-2,-2
4905,1,-2,-1
4906,1,-1,0
4907,1,0,-3
4908,1,-3,-2
4909,1,-2,-1
4910,1,-1,0
4911,1,0,-1
4912,1,-1,-3
4913,1,-3,-3
4914,1,-3,-2
4915,1,-2,-3
4916,1,-3,-4
4917,1,-4,0
4918,1,0,-1
4919,1,-1,-1
4920,1,-1,-5
4921,1,-5,-1
4922,1,-1,-4
4923,1,-4,-1
4924,1,-1,-2
4925,1,-2,-2
4926,1,-2,-3
4927,1,-3,-2
4928,1,-2,-3
4929,1,-3,-1
4930,1,-1,-3
4931,1,-3,0
4932,1,0,-2
4933,1,-2,-2
4934,1,-2,-1
4935,1,-1,-2
4936,1,-2,-1
4937,1,-1,0
4938,1,0,-2
4939,1,-2,-1
4940,1,-1,-1
4941,1,-1,-3
4942,1,-3,0
4943,1,0,-1
4944,1,-1,-1
4945,1,-1,-3
4946,1,-3,-2
4947,1,-2,-2
4948,1,-2,-1
4949,1,-1,-1
4950,1,-1,-2
4951,1,-2,-1
4952,1,-1,-4
4953,1,-4,-4
4954,1,-4,0
4955,1,0,-2
4956,1,-2,-2
4957,1,-2,-3
4958,1,-3,-2
4959,1,-2,-2
4960,1,-2,-1
4961,1,-1,-3
4962,1,-3,-1
4963,1,-1,-1
4964,1,-1,-2
4965,1,-2,-3
4966,1,-3,-2
4967,1,-2,-4
4968,1,-4,-1
4969,1,-1,-3
4970,1,-3,0
4971,1,0,-2
4972,1,-2,-2
4973,1,-2,-2
4974,1,-2,-1
4975,1,-1,-2
4976,1,-2,-2
4977,1,-2,-1
4978,1,-1,-3
4979,1,-3,-2
4980,1,-2,-2
4981,1,-2,-3
4982,1,-3,-2
4983,1,-2,-3
4984,1,-3,-1
4985,1,-1,-1
4986,1,-1,-1
4987,1,-1,-2
4988,1,-2,0
4989,1,0,-2
4990,1,-2,0
4991,1,0,-2
4992,1,-2,-1
4993,1,-1,0
4994,1,0,-2
4995,1,-2,-1
4996,1,-1,-2
4997,1,-2,-3
4998,1,-3,-4
4999,1,-4,-1
