1,2,-6,-4
2,3,-6,-4
3,4,-6,-4
4,5,-6,-3
5,6,-6,-5
6,7,-6,-1
7,8,-6,-2
8,9,-6,-5
9,10,-6,-1
10,11,-6,-3
11,12,-6,-3
12,13,-6,-1
13,14,-6,-1
14,15,-6,-3
15,16,-6,-1
16,17,-6,-1
17,18,-6,-3
18,19,-6,-3
19,20,-6,-3
20,21,-6,-2
21,22,-6,-2
22,23,-6,-4
23,24,-6,-2
24,25,-6,-2
25,26,-6,-2
26,27,-6,-1
27,28,-6,-2
28,29,-6,-1
29,30,-6,-1
30,31,-6,0
31,32,-6,0
32,33,-6,0
33,34,-6,0
34,35,-6,0
35,36,-6,0
36,37,-6,0
37,38,-6,-1
38,39,-6,-2
39,40,-6,-2
40,41,-6,-1
41,42,-6,-1
42,43,-6,-1
43,44,-6,-2
44,45,-6,-1
45,46,-6,-1
46,47,-6,-2
47,48,-6,-2
48,49,-6,-1
49,50,-6,-1
50,51,-6,-2
51,52,-6,-2
52,53,-6,-3
53,54,-6,-1
54,55,-6,-1
55,56,-6,-3
56,57,-6,-3
57,58,-6,-4
58,59,-6,-3
59,60,-6,-4
60,61,-6,-3
61,62,-6,-3
62,63,-6,-2
63,64,-6,-2
64,65,-6,-3
65,66,-6,-3
66,67,-6,-4
67,68,-6,-3
68,69,-6,-2
69,70,-6,0
70,71,-6,-1
71,72,-6,-1
72,73,-6,-1
73,74,-6,-1
74,75,-6,-3
75,76,-6,-2
76,77,-6,-1
77,78,-6,0
78,79,-6,-1
79,80,-6,-2
80,81,-6,-2
81,82,-6,-3
82,83,-6,-4
83,84,-6,-4
84,85,-6,-4
85,86,-6,-2
86,87,-6,-2
87,88,-6,-2
88,89,-6,-2
89,90,-6,-1
90,91,-6,-1
91,92,-6,-2
92,93,-6,-3
93,94,-6,-2
94,95,-6,-1
95,96,-6,-1
96,97,-6,-1
97,98,-6,-1
98,99,-6,-2
99,100,-6,-2
100,101,-6,-1
101,102,-6,-2
102,103,-6,-2
103,104,-6,-2
104,105,-6,-2
105,106,-6,-1
106,107,-6,-1
107,108,-6,-1
108,109,-6,0
109,110,-6,0
110,111,-6,0
111,112,-6,-2
112,113,-6,-1
113,114,-6,-2
114,115,-6,-3
115,116,-6,-3
116,117,-6,-3
117,118,-6,-3
118,119,-6,-5
119,120,-6,-2
120,121,-6,-2
121,122,-6,-1
122,123,-6,0
123,124,-6,-2
124,125,-6,-1
125,126,-6,-1
126,127,-6,0
127,128,-6,0
128,129,-6,0
129,130,-6,0
130,131,-6,-1
131,132,-6,0
132,133,-6,-3
133,134,-6,-1
134,135,-6,-1
135,136,-6,-1
136,137,-6,-2
137,138,-6,-2
138,139,-6,-2
139,140,-6,-1
140,141,-6,-1
141,142,-6,-1
142,143,-6,-1
143,144,-6,-2
144,145,-6,-1
145,146,-6,0
146,147,-6,0
147,148,-6,-3
148,149,-6,-2
149,150,-6,-2
150,151,-6,-1
151,152,-6,-2
152,153,-6,-1
153,154,-6,-3
154,155,-6,-1
155,156,-6,-1
156,157,-6,0
157,158,-6,-2
158,159,-6,-1
159,160,-6,-1
160,161,-6,-1
161,162,-6,-1
162,163,-6,-1
163,164,-6,-1
164,165,-6,-1
165,166,-6,-1
166,167,-6,-1
167,168,-6,0
168,169,-6,-1
169,170,-6,-1
170,171,-6,-1
171,172,-6,0
172,173,-6,-2
173,174,-6,-1
174,175,-6,-3
175,176,-6,-1
176,177,-6,-4
177,178,-6,-2
178,179,-6,-2
179,180,-6,-1
180,181,-6,-2
181,182,-6,-2
182,183,-6,-1
183,184,-6,-2
184,185,-6,-2
185,186,-6,0
186,187,-6,-3
187,188,-6,-3
188,189,-6,-2
189,190,-6,-1
190,191,-6,-2
191,192,-6,-2
192,193,-6,-2
193,194,-6,-1
194,195,-6,-2
195,196,-6,-3
196,197,-6,-3
197,198,-6,-3
198,199,-6,-2
199,200,-6,-1
200,201,-6,0
201,202,-6,0
202,203,-6,0
203,204,-6,0
204,205,-6,-1
205,206,-6,-1
206,207,-6,-1
207,208,-6,-1
208,209,-6,-1
209,210,-6,-5
210,211,-6,-2
211,212,-6,-1
212,213,-6,-3
213,214,-6,-1
214,215,-6,-1
215,216,-6,-2
216,217,-6,-2
217,218,-6,-2
218,219,-6,-2
219,220,-6,-2
220,221,-6,-2
221,222,-6,-1
222,223,-6,-1
223,224,-6,-2
224,225,-6,-1
225,226,-6,-1
226,227,-6,-2
227,228,-6,-1
228,229,-6,-2
229,230,-6,-1
230,231,-6,-1
231,232,-6,-1
232,233,-6,-1
233,234,-6,-2
234,235,-6,-2
235,236,-6,-3
236,237,-6,-2
237,238,-6,-1
238,239,-6,-2
239,240,-6,-1
240,241,-6,-1
241,242,-6,-2
242,243,-6,-1
243,244,-6,-1
244,245,-6,0
245,246,-6,-1
246,247,-6,-2
247,248,-6,-2
248,249,-6,-4
249,250,-6,-4
250,251,-6,-3
251,252,-6,-4
252,253,-6,-4
253,254,-6,-3
254,255,-6,-2
255,256,-6,-4
256,257,-6,-5
257,258,-6,-2
258,259,-6,-2
259,260,-6,-3
260,261,-6,-2
261,262,-6,-2
262,263,-6,-2
263,264,-6,-1
264,265,-6,0
265,266,-6,0
266,267,-6,-1
267,268,-6,0
268,269,-6,-1
269,270,-6,-1
270,271,-6,-3
271,272,-6,-2
272,273,-6,-3
273,274,-6,-2
274,275,-6,-2
275,276,-6,-1
276,277,-6,-1
277,278,-6,-1
278,279,-6,-3
279,280,-6,-3
280,281,-6,-2
281,282,-6,-2
282,283,-6,-2
283,284,-6,-4
284,285,-6,-2
285,286,-6,-1
286,287,-6,0
287,288,-6,-1
288,289,-6,-2
289,290,-6,-1
290,291,-6,-1
291,292,-6,-1
292,293,-6,-1
293,294,-6,0
294,295,-6,0
295,296,-6,-2
296,297,-6,-1
297,298,-6,-2
298,299,-6,-1
299,300,-6,-1
300,301,-6,-2
301,302,-6,-2
302,303,-6,-2
303,304,-6,-2
304,305,-6,-2
305,306,-6,-2
306,307,-6,-2
307,308,-6,-2
308,309,-6,-1
309,310,-6,-1
310,311,-6,-2
311,312,-6,-2
312,313,-6,-2
313,314,-6,-3
314,315,-6,-2
315,316,-6,-1
316,317,-6,-1
317,318,-6,-2
318,319,-6,-1
319,320,-6,-2
320,321,-6,-2
321,322,-6,-1
322,323,-6,0
323,324,-6,-2
324,325,-6,-2
325,326,-6,-2
326,327,-6,-2
327,328,-6,-1
328,329,-6,-1
329,330,-6,-2
330,331,-6,-1
331,332,-6,0
332,333,-6,0
333,334,-6,-1
334,335,-6,-2
335,336,-6,-2
336,337,-6,-1
337,338,-6,-1
338,339,-6,-1
339,340,-6,0
340,341,-6,0
341,342,-6,0
342,343,-6,0
343,344,-6,-1
344,345,-6,-2
345,346,-6,-3
346,347,-6,-1
347,348,-6,-1
348,349,-6,-1
349,350,-6,0
350,351,-6,0
351,352,-6,0
352,353,-6,-1
353,354,-6,0
354,355,-6,-1
355,356,-6,-1
356,357,-6,0
357,358,-6,0
358,359,-6,0
359,360,-6,0
360,361,-6,0
361,362,-6,-1
362,363,-6,-1
363,364,-6,-1
364,365,-6,-4
365,366,-6,-2
366,367,-6,0
367,368,-6,0
368,369,-6,-1
369,370,-6,-2
370,371,-6,-2
371,372,-6,-2
372,373,-6,-1
373,374,-6,-1
374,375,-6,-2
375,376,-6,-2
376,377,-6,-1
377,378,-6,-1
378,379,-6,-1
379,380,-6,-1
380,381,-6,-2
381,382,-6,-1
382,383,-6,-2
383,384,-6,-2
384,385,-6,-1
385,386,-6,-2
386,387,-6,-2
387,388,-6,-1
388,389,-6,-1
389,390,-6,-1
390,391,-6,-1
391,392,-6,-1
392,393,-6,-3
393,394,-6,-2
394,395,-6,-3
395,396,-6,-2
396,397,-6,-2
397,398,-6,-4
398,399,-6,-2
399,400,-6,-2
400,401,-6,-2
401,402,-6,-1
402,403,-6,-1
403,404,-6,-2
404,405,-6,-1
405,406,-6,-2
406,407,-6,-1
407,408,-6,-3
408,409,-6,-3
409,410,-6,-2
410,411,-6,-1
411,412,-6,-1
412,413,-6,-2
413,414,-6,-2
414,415,-6,-2
415,416,-6,-2
416,417,-6,-2
417,418,-6,-1
418,419,-6,0
419,420,-6,-1
420,421,-6,-1
421,422,-6,0
422,423,-6,0
423,424,-6,0
424,425,-6,0
425,426,-6,0
426,427,-6,0
427,428,-6,0
428,429,-6,-1
429,430,-6,-2
430,431,-6,-2
431,432,-6,-2
432,433,-6,-2
433,434,-6,0
434,435,-6,0
435,436,-6,-1
436,437,-6,-3
437,438,-6,-2
438,439,-6,-3
439,440,-6,-1
440,441,-6,-2
441,442,-6,-3
442,443,-6,-3
443,444,-6,-4
444,445,-6,-3
445,446,-6,-3
446,447,-6,-2
447,448,-6,-2
448,449,-6,-2
449,450,-6,-2
450,451,-6,-2
451,452,-6,-2
452,453,-6,-1
453,454,-6,-1
454,455,-6,-1
455,456,-6,-1
456,457,-6,0
457,458,-6,-2
458,459,-6,0
459,460,-6,-2
460,461,-6,-2
461,462,-6,-2
462,463,-6,-2
463,464,-6,-2
464,465,-6,-2
465,466,-6,-2
466,467,-6,-2
467,468,-6,-2
468,469,-6,-2
469,470,-6,-1
470,471,-6,-1
471,472,-6,-2
472,473,-6,-2
473,474,-6,-2
474,475,-6,-2
475,476,-6,-2
476,477,-6,-3
477,478,-6,-2
478,479,-6,-1
479,480,-6,-2
480,481,-6,-3
481,482,-6,-2
482,483,-6,-2
483,484,-6,-2
484,485,-6,-2
485,486,-6,-3
486,487,-6,-5
487,488,-6,-1
488,489,-6,0
489,490,-6,0
490,491,-6,-1
491,492,-6,-2
492,493,-6,-1
493,494,-6,-1
494,495,-6,0
495,496,-6,-1
496,497,-6,-1
497,498,-6,-1
498,499,-6,-1
499,500,-6,-2
500,501,-6,-2
501,502,-6,-1
502,503,-6,-1
503,504,-6,-2
504,505,-6,-2
505,506,-6,-3
506,507,-6,-2
507,508,-6,-2
508,509,-6,-1
509,510,-6,-1
510,511,-6,-1
511,512,-6,-1
512,513,-6,-1
513,514,-6,0
514,515,-6,0
515,516,-6,-1
516,517,-6,-2
517,518,-6,-1
518,519,-6,-1
519,520,-6,-1
520,521,-6,-2
521,522,-6,-2
522,523,-6,0
523,524,-6,-1
524,525,-6,0
525,526,-6,0
526,527,-6,0
527,528,-6,0
528,529,-6,0
529,530,-6,0
530,531,-6,-1
531,532,-6,-1
532,533,-6,-1
533,534,-6,-1
534,535,-6,-1
535,536,-6,-1
536,537,-6,-2
537,538,-6,-1
538,539,-6,-2
539,540,-6,-3
540,541,-6,-3
541,542,-6,-4
542,543,-6,-1
543,544,-6,-1
544,545,-6,0
545,546,-6,-2
546,547,-6,-2
547,548,-6,-2
548,549,-6,-2
549,550,-6,-2
550,551,-6,-1
551,552,-6,-1
552,553,-6,-1
553,554,-6,-2
554,555,-6,-2
555,556,-6,-2
556,557,-6,-2
557,558,-6,-1
558,559,-6,0
559,560,-6,-1
560,561,-6,0
561,562,-6,-2
562,563,-6,-2
563,564,-6,-2
564,565,-6,-1
565,566,-6,-1
566,567,-6,-2
567,568,-6,-1
568,569,-6,-1
569,570,-6,-1
570,571,-6,-2
571,572,-6,-4
572,573,-6,-3
573,574,-6,-2
574,575,-6,-3
575,576,-6,0
576,577,-6,0
577,578,-6,-4
578,579,-6,-3
579,580,-6,-3
580,581,-6,-4
581,582,-6,-4
582,583,-6,-4
583,584,-6,-4
584,585,-6,-3
585,586,-6,-2
586,587,-6,-1
587,588,-6,-1
588,589,-6,-1
589,590,-6,-1
590,591,-6,-2
591,592,-6,-2
592,593,-6,-2
593,594,-6,-2
594,595,-6,-1
595,596,-6,0
596,597,-6,-1
597,598,-6,0
598,599,-6,0
599,600,-6,0
600,601,-6,0
601,602,-6,0
602,603,-6,0
603,604,-6,0
604,605,-6,0
605,606,-6,-1
606,607,-6,-2
607,608,-6,-1
608,609,-6,-1
609,610,-6,-1
610,611,-6,-2
611,612,-6,-2
612,613,-6,-2
613,614,-6,-2
614,615,-6,-3
615,616,-6,-2
616,617,-6,-2
617,618,-6,-3
618,619,-6,-2
619,620,-6,-2
620,621,-6,-3
621,622,-6,-2
622,623,-6,0
623,624,-6,0
624,625,-6,0
625,626,-6,-2
626,627,-6,-1
627,628,-6,-1
628,629,-6,-2
629,630,-6,-2
630,631,-6,-1
631,632,-6,-3
632,633,-6,-3
633,634,-6,-2
634,635,-6,-2
635,636,-6,-1
636,637,-6,-2
637,638,-6,-2
638,639,-6,-2
639,640,-6,-3
640,641,-6,-3
641,642,-6,-3
642,643,-6,-3
643,644,-6,-2
644,645,-6,-2
645,646,-6,-2
646,647,-6,-1
647,648,-6,-1
648,649,-6,-2
649,650,-6,-2
650,651,-6,-2
651,652,-6,-3
652,653,-6,-4
653,654,-6,-3
654,655,-6,-2
655,656,-6,-2
656,657,-6,-3
657,658,-6,-1
658,659,-6,-3
659,660,-6,-2
660,661,-6,-1
661,662,-6,0
662,663,-6,-1
663,664,-6,-2
664,665,-6,-2
665,666,-6,-1
666,667,-6,-2
667,668,-6,-2
668,669,-6,-2
669,670,-6,-2
670,671,-6,-2
671,672,-6,0
672,673,-6,-1
673,674,-6,0
674,675,-6,-1
675,676,-6,-1
676,677,-6,-1
677,678,-6,-3
678,679,-6,-5
679,680,-6,-3
680,681,-6,-5
681,682,-6,-5
682,683,-6,-1
683,684,-6,-2
684,685,-6,-2
685,686,-6,-2
686,687,-6,-2
687,688,-6,-2
688,689,-6,-2
689,690,-6,-1
690,691,-6,-2
691,692,-6,-1
692,693,-6,-3
693,694,-6,-1
694,695,-6,-1
695,696,-6,-3
696,697,-6,-1
697,698,-6,-1
698,699,-6,-1
699,700,-6,-2
700,701,-6,-2
701,702,-6,-1
702,703,-6,-2
703,704,-6,-1
704,705,-6,-1
705,706,-6,-2
706,707,-6,-1
707,708,-6,-1
708,709,-6,-1
709,710,-6,-2
710,711,-6,0
711,712,-6,-1
712,713,-6,-1
713,714,-6,-1
714,715,-6,-1
715,716,-6,-1
716,717,-6,-1
717,718,-6,-1
718,719,-6,0
719,720,-6,-1
720,721,-6,-2
721,722,-6,-1
722,723,-6,-1
723,724,-6,-2
724,725,-6,-2
725,726,-6,-1
726,727,-6,-3
727,728,-6,-1
728,729,-6,-1
729,730,-6,-1
730,731,-6,-1
731,732,-6,-1
732,733,-6,0
733,734,-6,-1
734,735,-6,-1
735,736,-6,-1
736,737,-6,-1
737,738,-6,-1
738,739,-6,-1
739,740,-6,-1
740,741,-6,-1
741,742,-6,-1
742,743,-6,-3
743,744,-6,-2
744,745,-6,-2
745,746,-6,-2
746,747,-6,-2
747,748,-6,-1
748,749,-6,-1
749,750,-6,-1
750,751,-6,-1
751,752,-6,-2
752,753,-6,-2
753,754,-6,-1
754,755,-6,-1
755,756,-6,-1
756,757,-6,-1
757,758,-6,-1
758,759,-6,-1
759,760,-6,-2
760,761,-6,-4
761,762,-6,-2
762,763,-6,-2
763,764,-6,-3
764,765,-6,-3
765,766,-6,-3
766,767,-6,-1
767,768,-6,-2
768,769,-6,-1
769,770,-6,-1
770,771,-6,-1
771,772,-6,-3
772,773,-6,-2
773,774,-6,-1
774,775,-6,-3
775,776,-6,-3
776,777,-6,-2
777,778,-6,-3
778,779,-6,-2
779,780,-6,-2
780,781,-6,-2
781,782,-6,-2
782,783,-6,-2
783,784,-6,-2
784,785,-6,-2
785,786,-6,-3
786,787,-6,-3
787,788,-6,-3
788,789,-6,-1
789,790,-6,-1
790,791,-6,-3
791,792,-6,-2
792,793,-6,-1
793,794,-6,-2
794,795,-6,-2
795,796,-6,-2
796,797,-6,-3
797,798,-6,-2
798,799,-6,-2
799,800,-6,-2
800,801,-6,-2
801,802,-6,-4
802,803,-6,-2
803,804,-6,-2
804,805,-6,-2
805,806,-6,-4
806,807,-6,-4
807,808,-6,-4
808,809,-6,-2
809,810,-6,-2
810,811,-6,-3
811,812,-6,-4
812,813,-6,-2
813,814,-6,-3
814,815,-6,-3
815,816,-6,-4
816,817,-6,-4
817,818,-6,-3
818,819,-6,-2
819,820,-6,-3
820,821,-6,-3
821,822,-6,-2
822,823,-6,-2
823,824,-6,-2
824,825,-6,-2
825,826,-6,-2
826,827,-6,-2
827,828,-6,-2
828,829,-6,-2
829,830,-6,-2
830,831,-6,-2
831,832,-6,-3
832,833,-6,-2
833,834,-6,-3
834,835,-6,-2
835,836,-6,-2
836,837,-6,-3
837,838,-6,-2
838,839,-6,-2
839,840,-6,-2
840,841,-6,-1
841,842,-6,-4
842,843,-6,-4
843,844,-6,-3
844,845,-6,-3
845,846,-6,-1
846,847,-6,-2
847,848,-6,-2
848,849,-6,-1
849,850,-6,0
850,851,-6,0
851,852,-6,-1
852,853,-6,-1
853,854,-6,-2
854,855,-6,-2
855,856,-6,-1
856,857,-6,-1
857,858,-6,-2
858,859,-6,-4
859,860,-6,-1
860,861,-6,-1
861,862,-6,-3
862,863,-6,-3
863,864,-6,-2
864,865,-6,-2
865,866,-6,-1
866,867,-6,-1
867,868,-6,-3
868,869,-6,-3
869,870,-6,-3
870,871,-6,-3
871,872,-6,-2
872,873,-6,-1
873,874,-6,-2
874,875,-6,-2
875,876,-6,-2
876,877,-6,-3
877,878,-6,-3
878,879,-6,-1
879,880,-6,-1
880,881,-6,-2
881,882,-6,-1
882,883,-6,0
883,884,-6,0
884,885,-6,0
885,886,-6,-1
886,887,-6,-1
887,888,-6,0
888,889,-6,0
889,890,-6,0
890,891,-6,0
891,892,-6,-1
892,893,-6,-1
893,894,-6,-1
894,895,-6,-2
895,896,-6,0
896,897,-6,0
897,898,-6,-3
898,899,-6,-4
899,900,-6,-2
900,901,-6,-4
901,902,-6,-1
902,903,-6,0
903,904,-6,0
904,905,-6,-2
905,906,-6,-2
906,907,-6,-2
907,908,-6,-1
908,909,-6,-2
909,910,-6,-2
910,911,-6,-2
911,912,-6,-2
912,913,-6,0
913,914,-6,0
914,915,-6,-1
915,916,-6,-1
916,917,-6,-3
917,918,-6,-4
918,919,-6,-2
919,920,-6,-1
920,921,-6,-1
921,922,-6,0
922,923,-6,-1
923,924,-6,-1
924,925,-6,-1
925,926,-6,0
926,927,-6,-2
927,928,-6,-2
928,929,-6,-2
929,930,-6,-4
930,931,-6,-2
931,932,-6,-3
932,933,-6,-3
933,934,-6,-3
934,935,-6,-3
935,936,-6,-2
936,937,-6,-1
937,938,-6,-1
938,939,-6,-1
939,940,-6,-1
940,941,-6,-1
941,942,-6,-1
942,943,-6,0
943,944,-6,-1
944,945,-6,0
945,946,-6,-2
946,947,-6,-1
947,948,-6,0
948,949,-6,0
949,950,-6,-2
950,951,-6,0
951,952,-6,0
952,953,-6,-2
953,954,-6,-2
954,955,-6,-3
955,956,-6,0
956,957,-6,-1
957,958,-6,-1
958,959,-6,-4
959,960,-6,-3
960,961,-6,-1
961,962,-6,-1
962,963,-6,0
963,964,-6,0
964,965,-6,-1
965,966,-6,-1
966,967,-6,-1
967,968,-6,-1
968,969,-6,-1
969,970,-6,-1
970,971,-6,-2
971,972,-6,-3
972,973,-6,-3
973,974,-6,-3
974,975,-6,-3
975,976,-6,-2
976,977,-6,-2
977,978,-6,-3
978,979,-6,-2
979,980,-6,-2
980,981,-6,-2
981,982,-6,-2
982,983,-6,-1
983,984,-6,-1
984,985,-6,-1
985,986,-6,-1
986,987,-6,0
987,988,-6,0
988,989,-6,0
989,990,-6,-1
990,991,-6,0
991,992,-6,-2
992,993,-6,-2
993,994,-6,-1
994,995,-6,0
995,996,-6,0
996,997,-6,-2
997,998,-6,-1
998,999,-6,0
999,1000,-6,-2
1000,1001,-6,-2
1001,1002,-6,-2
1002,1003,-6,0
1003,1004,-6,0
1004,1005,-6,0
1005,1006,-6,-3
1006,1007,-6,-2
1007,1008,-6,-2
1008,1009,-6,-4
1009,1010,-6,-1
1010,1011,-6,-1
1011,1012,-6,-1
1012,1013,-6,-2
1013,1014,-6,0
1014,1015,-6,-2
1015,1016,-6,-2
1016,1017,-6,-1
1017,1018,-6,-2
1018,1019,-6,-1
1019,1020,-6,-1
1020,1021,-6,-1
1021,1022,-6,0
1022,1023,-6,0
1023,1024,-6,-1
1024,1025,-6,-1
1025,1026,-6,-1
1026,1027,-6,-2
1027,1028,-6,-1
1028,1029,-6,-1
1029,1030,-6,-1
1030,1031,-6,-5
1031,1032,-6,-5
1032,1033,-6,-2
1033,1034,-6,-3
1034,1035,-6,-3
1035,1036,-6,-3
1036,1037,-6,-1
1037,1038,-6,0
1038,1039,-6,0
1039,1040,-6,-1
1040,1041,-6,-4
1041,1042,-6,-3
1042,1043,-6,-3
1043,1044,-6,-4
1044,1045,-6,-3
1045,1046,-6,-2
1046,1047,-6,-4
1047,1048,-6,-2
1048,1049,-6,-2
1049,1050,-6,-1
1050,1051,-6,0
1051,1052,-6,-2
1052,1053,-6,-2
1053,1054,-6,-2
1054,1055,-6,-1
1055,1056,-6,-2
1056,1057,-6,-2
1057,1058,-6,-1
1058,1059,-6,-1
1059,1060,-6,-1
1060,1061,-6,-2
1061,1062,-6,0
1062,1063,-6,-1
1063,1064,-6,0
1064,1065,-6,-2
1065,1066,-6,0
1066,1067,-6,-4
1067,1068,-6,-4
1068,1069,-6,-4
1069,1070,-6,-2
1070,1071,-6,-2
1071,1072,-6,-3
1072,1073,-6,-2
1073,1074,-6,-2
1074,1075,-6,-3
1075,1076,-6,0
1076,1077,-6,0
1077,1078,-6,-1
1078,1079,-6,-1
1079,1080,-6,-1
1080,1081,-6,-2
1081,1082,-6,-1
1082,1083,-6,-1
1083,1084,-6,-2
1084,1085,-6,-1
1085,1086,-6,-2
1086,1087,-6,-2
1087,1088,-6,-1
1088,1089,-6,0
1089,1090,-6,-1
1090,1091,-6,-2
1091,1092,-6,-2
1092,1093,-6,-1
1093,1094,-6,-1
1094,1095,-6,-1
1095,1096,-6,-1
1096,1097,-6,-2
1097,1098,-6,0
1098,1099,-6,0
1099,1100,-6,-1
1100,1101,-6,-2
1101,1102,-6,-1
1102,1103,-6,-2
1103,1104,-6,-1
1104,1105,-6,-2
1105,1106,-6,0
1106,1107,-6,0
1107,1108,-6,-1
1108,1109,-6,-1
1109,1110,-6,-1
1110,1111,-6,0
1111,1112,-6,-1
1112,1113,-6,-1
1113,1114,-6,0
1114,1115,-6,0
1115,1116,-6,0
1116,1117,-6,0
1117,1118,-6,-2
1118,1119,-6,-2
1119,1120,-6,0
1120,1121,-6,-2
1121,1122,-6,-1
1122,1123,-6,-2
1123,1124,-6,-1
1124,1125,-6,-1
1125,1126,-6,-2
1126,1127,-6,-2
1127,1128,-6,-2
1128,1129,-6,-4
1129,1130,-6,-3
1130,1131,-6,-4
1131,1132,-6,-4
1132,1133,-6,-4
1133,1134,-6,-3
1134,1135,-6,-2
1135,1136,-6,-2
1136,1137,-6,-1
1137,1138,-6,-4
1138,1139,-6,-5
1139,1140,-6,-2
1140,1141,-6,-1
1141,1142,-6,-1
1142,1143,-6,-2
1143,1144,-6,-3
1144,1145,-6,-1
1145,1146,-6,0
1146,1147,-6,0
1147,1148,-6,0
1148,1149,-6,-2
1149,1150,-6,-1
1150,1151,-6,-1
1151,1152,-6,-1
1152,1153,-6,-1
1153,1154,-6,-1
1154,1155,-6,-1
1155,1156,-6,0
1156,1157,-6,-1
1157,1158,-6,-1
1158,1159,-6,-1
1159,1160,-6,0
1160,1161,-6,0
1161,1162,-6,-2
1162,1163,-6,-2
1163,1164,-6,-2
1164,1165,-6,-2
1165,1166,-6,-2
1166,1167,-6,-2
1167,1168,-6,-3
1168,1169,-6,-1
1169,1170,-6,-2
1170,1171,-6,-2
1171,1172,-6,-1
1172,1173,-6,-2
1173,1174,-6,-3
1174,1175,-6,-2
1175,1176,-6,-2
1176,1177,-6,-3
1177,1178,-6,-1
1178,1179,-6,-1
1179,1180,-6,-2
1180,1181,-6,-1
1181,1182,-6,-1
1182,1183,-6,-1
1183,1184,-6,-3
1184,1185,-6,-3
1185,1186,-6,-1
1186,1187,-6,-1
1187,1188,-6,-1
1188,1189,-6,-1
1189,1190,-6,-2
1190,1191,-6,-2
1191,1192,-6,-2
1192,1193,-6,-2
1193,1194,-6,-3
1194,1195,-6,-2
1195,1196,-6,-1
1196,1197,-6,-4
1197,1198,-6,-4
1198,1199,-6,-3
1199,1200,-6,-4
1200,1201,-6,-3
1201,1202,-6,-3
1202,1203,-6,-3
1203,1204,-6,-2
1204,1205,-6,-1
1205,1206,-6,-2
1206,1207,-6,-2
1207,1208,-6,-2
1208,1209,-6,-1
1209,1210,-6,-1
1210,1211,-6,-2
1211,1212,-6,-3
1212,1213,-6,-3
1213,1214,-6,-3
1214,1215,-6,-2
1215,1216,-6,-1
1216,1217,-6,-1
1217,1218,-6,-1
1218,1219,-6,-1
1219,1220,-6,-1
1220,1221,-6,0
1221,1222,-6,0
1222,1223,-6,0
1223,1224,-6,-1
1224,1225,-6,-1
1225,1226,-6,-1
1226,1227,-6,-1
1227,1228,-6,0
1228,1229,-6,0
1229,1230,-6,-2
1230,1231,-6,-1
1231,1232,-6,-3
1232,1233,-6,-1
1233,1234,-6,0
1234,1235,-6,0
1235,1236,-6,-1
1236,1237,-6,-1
1237,1238,-6,0
1238,1239,-6,-1
1239,1240,-6,-1
1240,1241,-6,-2
1241,1242,-6,-2
1242,1243,-6,-1
1243,1244,-6,-1
1244,1245,-6,-1
1245,1246,-6,0
1246,1247,-6,0
1247,1248,-6,0
1248,1249,-6,-1
1249,1250,-6,0
1250,1251,-6,-2
1251,1252,-6,-1
1252,1253,-6,0
1253,1254,-6,0
1254,1255,-6,0
1255,1256,-6,-1
1256,1257,-6,-2
1257,1258,-6,-2
1258,1259,-6,0
1259,1260,-6,0
1260,1261,-6,-1
1261,1262,-6,-1
1262,1263,-6,-2
1263,1264,-6,-3
1264,1265,-6,-1
1265,1266,-6,-1
1266,1267,-6,-1
1267,1268,-6,0
1268,1269,-6,0
1269,1270,-6,0
1270,1271,-6,-1
1271,1272,-6,-2
1272,1273,-6,-2
1273,1274,-6,-2
1274,1275,-6,-2
1275,1276,-6,-2
1276,1277,-6,-1
1277,1278,-6,-1
1278,1279,-6,0
1279,1280,-6,0
1280,1281,-6,0
1281,1282,-6,-3
1282,1283,-6,-3
1283,1284,-6,-3
1284,1285,-6,-2
1285,1286,-6,-2
1286,1287,-6,-2
1287,1288,-6,-2
1288,1289,-6,-2
1289,1290,-6,-3
1290,1291,-6,-2
1291,1292,-6,-1
1292,1293,-6,-1
1293,1294,-6,-3
1294,1295,-6,-2
1295,1296,-6,0
1296,1297,-6,-1
1297,1298,-6,-2
1298,1299,-6,-1
1299,1300,-6,-1
1300,1301,-6,-1
1301,1302,-6,-2
1302,1303,-6,-1
1303,1304,-6,-1
1304,1305,-6,-1
1305,1306,-6,-1
1306,1307,-6,-2
1307,1308,-6,-3
1308,1309,-6,-3
1309,1310,-6,-2
1310,1311,-6,-3
1311,1312,-6,-2
1312,1313,-6,-2
1313,1314,-6,-1
1314,1315,-6,-1
1315,1316,-6,0
1316,1317,-6,-3
1317,1318,-6,-3
1318,1319,-6,-1
1319,1320,-6,-1
1320,1321,-6,-1
1321,1322,-6,-2
1322,1323,-6,-1
1323,1324,-6,-1
1324,1325,-6,-1
1325,1326,-6,-3
1326,1327,-6,-3
1327,1328,-6,-3
1328,1329,-6,-2
1329,1330,-6,-1
1330,1331,-6,-1
1331,1332,-6,-3
1332,1333,-6,-3
1333,1334,-6,-3
1334,1335,-6,0
1335,1336,-6,-1
1336,1337,-6,-1
1337,1338,-6,-1
1338,1339,-6,-1
1339,1340,-6,-1
1340,1341,-6,-2
1341,1342,-6,-3
1342,1343,-6,-4
1343,1344,-6,-4
1344,1345,-6,-2
1345,1346,-6,-2
1346,1347,-6,-1
1347,1348,-6,-1
1348,1349,-6,-2
1349,1350,-6,-2
1350,1351,-6,-1
1351,1352,-6,-1
1352,1353,-6,-2
1353,1354,-6,-2
1354,1355,-6,-1
1355,1356,-6,-1
1356,1357,-6,-1
1357,1358,-6,-2
1358,1359,-6,-1
1359,1360,-6,-2
1360,1361,-6,-2
1361,1362,-6,-1
1362,1363,-6,-1
1363,1364,-6,-1
1364,1365,-6,-1
1365,1366,-6,-2
1366,1367,-6,-1
1367,1368,-6,-2
1368,1369,-6,-1
1369,1370,-6,-3
1370,1371,-6,-1
1371,1372,-6,-2
1372,1373,-6,-1
1373,1374,-6,-1
1374,1375,-6,-1
1375,1376,-6,-1
1376,1377,-6,-1
1377,1378,-6,0
1378,1379,-6,-1
1379,1380,-6,-2
1380,1381,-6,-2
1381,1382,-6,-2
1382,1383,-6,-1
1383,1384,-6,-2
1384,1385,-6,-2
1385,1386,-6,-3
1386,1387,-6,-3
1387,1388,-6,-1
1388,1389,-6,-1
1389,1390,-6,-1
1390,1391,-6,-2
1391,1392,-6,-1
1392,1393,-6,0
1393,1394,-6,-1
1394,1395,-6,-2
1395,1396,-6,-2
1396,1397,-6,-3
1397,1398,-6,-3
1398,1399,-6,-3
1399,1400,-6,-2
1400,1401,-6,-3
1401,1402,-6,-3
1402,1403,-6,-4
1403,1404,-6,-1
1404,1405,-6,-1
1405,1406,-6,-1
1406,1407,-6,0
1407,1408,-6,0
1408,1409,-6,0
1409,1410,-6,-3
1410,1411,-6,-2
1411,1412,-6,-3
1412,1413,-6,-2
1413,1414,-6,-2
1414,1415,-6,-1
1415,1416,-6,-3
1416,1417,-6,-2
1417,1418,-6,-3
1418,1419,-6,-2
1419,1420,-6,-2
1420,1421,-6,-2
1421,1422,-6,-2
1422,1423,-6,-2
1423,1424,-6,-2
1424,1425,-6,-3
1425,1426,-6,-3
1426,1427,-6,-1
1427,1428,-6,-1
1428,1429,-6,-2
1429,1430,-6,-3
1430,1431,-6,-3
1431,1432,-6,-2
1432,1433,-6,-2
1433,1434,-6,-3
1434,1435,-6,-1
1435,1436,-6,-1
1436,1437,-6,-1
1437,1438,-6,-2
1438,1439,-6,-1
1439,1440,-6,-1
1440,1441,-6,-1
1441,1442,-6,-1
1442,1443,-6,-1
1443,1444,-6,-2
1444,1445,-6,0
1445,1446,-6,-1
1446,1447,-6,-1
1447,1448,-6,-1
1448,1449,-6,-1
1449,1450,-6,-2
1450,1451,-6,-2
1451,1452,-6,-1
1452,1453,-6,-1
1453,1454,-6,-1
1454,1455,-6,-1
1455,1456,-6,-2
1456,1457,-6,-2
1457,1458,-6,-2
1458,1459,-6,-1
1459,1460,-6,-2
1460,1461,-6,-3
1461,1462,-6,-1
1462,1463,-6,-1
1463,1464,-6,-1
1464,1465,-6,-2
1465,1466,-6,0
1466,1467,-6,-1
1467,1468,-6,0
1468,1469,-6,-1
1469,1470,-6,-2
1470,1471,-6,-1
1471,1472,-6,-1
1472,1473,-6,-1
1473,1474,-6,-1
1474,1475,-6,-1
1475,1476,-6,-1
1476,1477,-6,-1
1477,1478,-6,-2
1478,1479,-6,-1
1479,1480,-6,-4
1480,1481,-6,-2
1481,1482,-6,-1
1482,1483,-6,-1
1483,1484,-6,-1
1484,1485,-6,0
1485,1486,-6,-1
1486,1487,-6,-1
1487,1488,-6,-1
1488,1489,-6,-1
1489,1490,-6,-2
1490,1491,-6,-2
1491,1492,-6,0
1492,1493,-6,0
1493,1494,-6,-1
1494,1495,-6,0
1495,1496,-6,0
1496,1497,-6,0
1497,1498,-6,-1
1498,1499,-6,-1
1499,1500,-6,0
1500,1501,-6,-1
1501,1502,-6,-1
1502,1503,-6,-1
1503,1504,-6,-2
1504,1505,-6,-2
1505,1506,-6,-2
1506,1507,-6,-2
1507,1508,-6,-2
1508,1509,-6,-2
1509,1510,-6,-3
1510,1511,-6,-3
1511,1512,-6,-3
1512,1513,-6,-2
1513,1514,-6,0
1514,1515,-6,-1
1515,1516,-6,-1
1516,1517,-6,0
1517,1518,-6,0
1518,1519,-6,-1
1519,1520,-6,-1
1520,1521,-6,-1
1521,1522,-6,-1
1522,1523,-6,0
1523,1524,-6,-1
1524,1525,-6,-1
1525,1526,-6,-1
1526,1527,-6,-1
1527,1528,-6,-1
1528,1529,-6,-1
1529,1530,-6,-2
1530,1531,-6,-1
1531,1532,-6,-1
1532,1533,-6,-2
1533,1534,-6,-2
1534,1535,-6,-3
1535,1536,-6,-2
1536,1537,-6,-2
1537,1538,-6,-1
1538,1539,-6,-1
1539,1540,-6,-3
1540,1541,-6,-3
1541,1542,-6,-1
1542,1543,-6,-1
1543,1544,-6,-1
1544,1545,-6,-1
1545,1546,-6,-1
1546,1547,-6,0
1547,1548,-6,-3
1548,1549,-6,-1
1549,1550,-6,-1
1550,1551,-6,-3
1551,1552,-6,-3
1552,1553,-6,-1
1553,1554,-6,-2
1554,1555,-6,-1
1555,1556,-6,-1
1556,1557,-6,-1
1557,1558,-6,-1
1558,1559,-6,-1
1559,1560,-6,-1
1560,1561,-6,-1
1561,1562,-6,-2
1562,1563,-6,-1
1563,1564,-6,0
1564,1565,-6,0
1565,1566,-6,0
1566,1567,-6,0
1567,1568,-6,0
1568,1569,-6,-2
1569,1570,-6,-2
1570,1571,-6,-2
1571,1572,-6,-1
1572,1573,-6,-2
1573,1574,-6,-1
1574,1575,-6,-1
1575,1576,-6,0
1576,1577,-6,0
1577,1578,-6,0
1578,1579,-6,-2
1579,1580,-6,-2
1580,1581,-6,-2
1581,1582,-6,-2
1582,1583,-6,-2
1583,1584,-6,-2
1584,1585,-6,-1
1585,1586,-6,-2
1586,1587,-6,-2
1587,1588,-6,0
1588,1589,-6,-1
1589,1590,-6,-2
1590,1591,-6,-2
1591,1592,-6,-2
1592,1593,-6,-1
1593,1594,-6,-1
1594,1595,-6,-2
1595,1596,-6,-1
1596,1597,-6,-1
1597,1598,-6,-1
1598,1599,-6,-1
1599,1600,-6,-1
1600,1601,-6,-1
1601,1602,-6,-1
1602,1603,-6,-2
1603,1604,-6,-1
1604,1605,-6,-1
1605,1606,-6,-2
1606,1607,-6,-2
1607,1608,-6,-1
1608,1609,-6,-1
1609,1610,-6,-1
1610,1611,-6,-1
1611,1612,-6,-1
1612,1613,-6,-1
1613,1614,-6,-2
1614,1615,-6,-2
1615,1616,-6,-3
1616,1617,-6,-2
1617,1618,-6,-1
1618,1619,-6,-1
1619,1620,-6,-1
1620,1621,-6,-1
1621,1622,-6,-1
1622,1623,-6,-2
1623,1624,-6,-2
1624,1625,-6,-3
1625,1626,-6,-2
1626,1627,-6,0
1627,1628,-6,0
1628,1629,-6,-1
1629,1630,-6,-2
1630,1631,-6,-1
1631,1632,-6,-1
1632,1633,-6,-1
1633,1634,-6,-2
1634,1635,-6,-1
1635,1636,-6,-1
1636,1637,-6,-1
1637,1638,-6,-2
1638,1639,-6,-3
1639,1640,-6,-2
1640,1641,-6,-1
1641,1642,-6,-1
1642,1643,-6,0
1643,1644,-6,0
1644,1645,-6,0
1645,1646,-6,-1
1646,1647,-6,-2
1647,1648,-6,-1
1648,1649,-6,-1
1649,1650,-6,-2
1650,1651,-6,-1
1651,1652,-6,-2
1652,1653,-6,-1
1653,1654,-6,-1
1654,1655,-6,-1
1655,1656,-6,-2
1656,1657,-6,-2
1657,1658,-6,-1
1658,1659,-6,-1
1659,1660,-6,-1
1660,1661,-6,-1
1661,1662,-6,-1
1662,1663,-6,0
1663,1664,-6,-2
1664,1665,-6,-2
1665,1666,-6,-1
1666,1667,-6,0
1667,1668,-6,0
1668,1669,-6,-1
1669,1670,-6,-1
1670,1671,-6,-1
1671,1672,-6,-1
1672,1673,-6,-2
1673,1674,-6,-1
1674,1675,-6,-1
1675,1676,-6,-1
1676,1677,-6,-1
1677,1678,-6,-1
1678,1679,-6,-3
1679,1680,-6,-3
1680,1681,-6,-3
1681,1682,-6,-3
1682,1683,-6,-3
1683,1684,-6,-4
1684,1685,-6,-2
1685,1686,-6,-2
1686,1687,-6,-2
1687,1688,-6,-2
1688,1689,-6,-2
1689,1690,-6,-3
1690,1691,-6,-2
1691,1692,-6,-1
1692,1693,-6,-3
1693,1694,-6,-1
1694,1695,-6,-1
1695,1696,-6,-1
1696,1697,-6,-2
1697,1698,-6,0
1698,1699,-6,0
1699,1700,-6,-1
1700,1701,-6,-1
1701,1702,-6,-1
1702,1703,-6,-1
1703,1704,-6,-2
1704,1705,-6,-2
1705,1706,-6,-1
1706,1707,-6,-1
1707,1708,-6,-1
1708,1709,-6,0
1709,1710,-6,-1
1710,1711,-6,-3
1711,1712,-6,-3
1712,1713,-6,-1
1713,1714,-6,-1
1714,1715,-6,-1
1715,1716,-6,-3
1716,1717,-6,-1
1717,1718,-6,-1
1718,1719,-6,-1
1719,1720,-6,-2
1720,1721,-6,-1
1721,1722,-6,-2
1722,1723,-6,-1
1723,1724,-6,-1
1724,1725,-6,-1
1725,1726,-6,-1
1726,1727,-6,-2
1727,1728,-6,0
1728,1729,-6,0
1729,1730,-6,-1
1730,1731,-6,-1
1731,1732,-6,-1
1732,1733,-6,-2
1733,1734,-6,-2
1734,1735,-6,-1
1735,1736,-6,-1
1736,1737,-6,-1
1737,1738,-6,-1
1738,1739,-6,-1
1739,1740,-6,-2
1740,1741,-6,-3
1741,1742,-6,-2
1742,1743,-6,-4
1743,1744,-6,-3
1744,1745,-6,-3
1745,1746,-6,-2
1746,1747,-6,-3
1747,1748,-6,-2
1748,1749,-6,-2
1749,1750,-6,-1
1750,1751,-6,0
1751,1752,-6,0
1752,1753,-6,-1
1753,1754,-6,-2
1754,1755,-6,-1
1755,1756,-6,-1
1756,1757,-6,-1
1757,1758,-6,-1
1758,1759,-6,-2
1759,1760,-6,-1
1760,1761,-6,-1
1761,1762,-6,0
1762,1763,-6,0
1763,1764,-6,0
1764,1765,-6,0
1765,1766,-6,0
1766,1767,-6,-2
1767,1768,-6,-1
1768,1769,-6,-2
1769,1770,-6,-2
1770,1771,-6,-1
1771,1772,-6,-2
1772,1773,-6,-2
1773,1774,-6,-1
1774,1775,-6,-1
1775,1776,-6,-1
1776,1777,-6,-2
1777,1778,-6,-2
1778,1779,-6,-2
1779,1780,-6,-1
1780,1781,-6,-1
1781,1782,-6,-1
1782,1783,-6,-1
1783,1784,-6,-1
1784,1785,-6,-1
1785,1786,-6,-1
1786,1787,-6,-2
1787,1788,-6,-2
1788,1789,-6,-2
1789,1790,-6,-1
1790,1791,-6,-1
1791,1792,-6,-1
1792,1793,-6,-1
1793,1794,-6,0
1794,1795,-6,0
1795,1796,-6,0
1796,1797,-6,-2
1797,1798,-6,-1
1798,1799,-6,-2
1799,1800,-6,-1
1800,1801,-6,-3
1801,1802,-6,-1
1802,1803,-6,-3
1803,1804,-6,-3
1804,1805,-6,-3
1805,1806,-6,-2
1806,1807,-6,-1
1807,1808,-6,-1
1808,1809,-6,-1
1809,1810,-6,-1
1810,1811,-6,0
1811,1812,-6,0
1812,1813,-6,0
1813,1814,-6,0
1814,1815,-6,0
1815,1816,-6,0
1816,1817,-6,0
1817,1818,-6,0
1818,1819,-6,0
1819,1820,-6,0
1820,1821,-6,-1
1821,1822,-6,-1
1822,1823,-6,-2
1823,1824,-6,-1
1824,1825,-6,-1
1825,1826,-6,-1
1826,1827,-6,-2
1827,1828,-6,-1
1828,1829,-6,-1
1829,1830,-6,0
1830,1831,-6,0
1831,1832,-6,-1
1832,1833,-6,0
1833,1834,-6,0
1834,1835,-6,0
1835,1836,-6,-2
1836,1837,-6,-2
1837,1838,-6,-2
1838,1839,-6,-2
1839,1840,-6,-2
1840,1841,-6,-2
1841,1842,-6,-1
1842,1843,-6,0
1843,1844,-6,0
1844,1845,-6,0
1845,1846,-6,0
1846,1847,-6,-1
1847,1848,-6,-1
1848,1849,-6,-1
1849,1850,-6,0
1850,1851,-6,-1
1851,1852,-6,-1
1852,1853,-6,0
1853,1854,-6,0
1854,1855,-6,0
1855,1856,-6,-1
1856,1857,-6,0
1857,1858,-6,0
1858,1859,-6,0
1859,1860,-6,0
1860,1861,-6,0
1861,1862,-6,-3
1862,1863,-6,-4
1863,1864,-6,-4
1864,1865,-6,-1
1865,1866,-6,-3
1866,1867,-6,-4
1867,1868,-6,-3
1868,1869,-6,0
1869,1870,-6,-1
1870,1871,-6,-1
1871,1872,-6,-2
1872,1873,-6,-2
1873,1874,-6,-2
1874,1875,-6,-2
1875,1876,-6,-1
1876,1877,-6,-1
1877,1878,-6,-3
1878,1879,-6,0
1879,1880,-6,0
1880,1881,-6,0
1881,1882,-6,-1
1882,1883,-6,-2
1883,1884,-6,-2
1884,1885,-6,-1
1885,1886,-6,0
1886,1887,-6,0
1887,1888,-6,-1
1888,1889,-6,-1
1889,1890,-6,-1
1890,1891,-6,-1
1891,1892,-6,-3
1892,1893,-6,-3
1893,1894,-6,-2
1894,1895,-6,-4
1895,1896,-6,-3
1896,1897,-6,-3
1897,1898,-6,-2
1898,1899,-6,-3
1899,1900,-6,-2
1900,1901,-6,-2
1901,1902,-6,-1
1902,1903,-6,-2
1903,1904,-6,-2
1904,1905,-6,-1
1905,1906,-6,-2
1906,1907,-6,-2
1907,1908,-6,-1
1908,1909,-6,-2
1909,1910,-6,-3
1910,1911,-6,-1
1911,1912,-6,0
1912,1913,-6,0
1913,1914,-6,0
1914,1915,-6,0
1915,1916,-6,-2
1916,1917,-6,-1
1917,1918,-6,-1
1918,1919,-6,-1
1919,1920,-6,0
1920,1921,-6,0
1921,1922,-6,-1
1922,1923,-6,0
1923,1924,-6,-3
1924,1925,-6,-1
1925,1926,-6,-1
1926,1927,-6,-1
1927,1928,-6,-2
1928,1929,-6,-1
1929,1930,-6,0
1930,1931,-6,-2
1931,1932,-6,0
1932,1933,-6,0
1933,1934,-6,-1
1934,1935,-6,-2
1935,1936,-6,-1
1936,1937,-6,0
1937,1938,-6,0
1938,1939,-6,-1
1939,1940,-6,-1
1940,1941,-6,-1
1941,1942,-6,-1
1942,1943,-6,-1
1943,1944,-6,-1
1944,1945,-6,-1
1945,1946,-6,-1
1946,1947,-6,-2
1947,1948,-6,-2
1948,1949,-6,-1
1949,1950,-6,0
1950,1951,-6,-3
1951,1952,-6,-4
1952,1953,-6,-2
1953,1954,-6,0
1954,1955,-6,0
1955,1956,-6,0
1956,1957,-6,0
1957,1958,-6,0
1958,1959,-6,-2
1959,1960,-6,-2
1960,1961,-6,-2
1961,1962,-6,-3
1962,1963,-6,-2
1963,1964,-6,-1
1964,1965,-6,-1
1965,1966,-6,-3
1966,1967,-6,-3
1967,1968,-6,-2
1968,1969,-6,-3
1969,1970,-6,-2
1970,1971,-6,-2
1971,1972,-6,-1
1972,1973,-6,-1
1973,1974,-6,-1
1974,1975,-6,-1
1975,1976,-6,0
1976,1977,-6,-1
1977,1978,-6,0
1978,1979,-6,0
1979,1980,-6,-1
1980,1981,-6,-1
1981,1982,-6,-4
1982,1983,-6,-1
1983,1984,-6,-2
1984,1985,-6,-2
1985,1986,-6,-1
1986,1987,-6,-2
1987,1988,-6,-2
1988,1989,-6,-2
1989,1990,-6,-2
1990,1991,-6,0
1991,1992,-6,0
1992,1993,-6,-1
1993,1994,-6,-2
1994,1995,-6,-1
1995,1996,-6,-1
1996,1997,-6,-2
1997,1998,-6,-2
1998,1999,-6,-1
1999,2000,-6,-1
2000,2001,-6,-1
2001,2002,-6,-2
2002,2003,-6,0
2003,2004,-6,0
2004,2005,-6,-1
2005,2006,-6,0
2006,2007,-6,-2
2007,2008,-6,-3
2008,2009,-6,-3
2009,2010,-6,-3
2010,2011,-6,-4
2011,2012,-6,-3
2012,2013,-6,-1
2013,2014,-6,-1
2014,2015,-6,0
2015,2016,-6,0
2016,2017,-6,-1
2017,2018,-6,0
2018,2019,-6,-1
2019,2020,-6,-1
2020,2021,-6,-1
2021,2022,-6,-1
2022,2023,-6,-3
2023,2024,-6,-3
2024,2025,-6,-3
2025,2026,-6,-2
2026,2027,-6,-1
2027,2028,-6,-2
2028,2029,-6,-2
2029,2030,-6,-1
2030,2031,-6,-1
2031,2032,-6,-3
2032,2033,-6,-2
2033,2034,-6,-2
2034,2035,-6,-2
2035,2036,-6,-3
2036,2037,-6,-2
2037,2038,-6,-2
2038,2039,-6,-2
2039,2040,-6,-2
2040,2041,-6,-2
2041,2042,-6,-1
2042,2043,-6,-1
2043,2044,-6,0
2044,2045,-6,0
2045,2046,-6,-1
2046,2047,-6,-1
2047,2048,-6,-1
2048,2049,-6,0
2049,2050,-6,-1
2050,2051,-6,-1
2051,2052,-6,-1
2052,2053,-6,-1
2053,2054,-6,-2
2054,2055,-6,-2
2055,2056,-6,-1
2056,2057,-6,0
2057,2058,-6,-1
2058,2059,-6,-1
2059,2060,-6,-1
2060,2061,-6,-2
2061,2062,-6,-2
2062,2063,-6,-1
2063,2064,-6,0
2064,2065,-6,0
2065,2066,-6,0
2066,2067,-6,-1
2067,2068,-6,0
2068,2069,-6,-2
2069,2070,-6,-1
2070,2071,-6,-1
2071,2072,-6,-1
2072,2073,-6,-1
2073,2074,-6,-1
2074,2075,-6,-1
2075,2076,-6,-2
2076,2077,-6,-1
2077,2078,-6,-1
2078,2079,-6,-2
2079,2080,-6,-2
2080,2081,-6,-1
2081,2082,-6,-2
2082,2083,-6,-5
2083,2084,-6,-4
2084,2085,-6,-2
2085,2086,-6,-1
2086,2087,-6,-1
2087,2088,-6,-1
2088,2089,-6,-2
2089,2090,-6,-3
2090,2091,-6,-2
2091,2092,-6,-3
2092,2093,-6,-2
2093,2094,-6,-1
2094,2095,-6,-1
2095,2096,-6,-1
2096,2097,-6,-2
2097,2098,-6,0
2098,2099,-6,-1
2099,2100,-6,-2
2100,2101,-6,-2
2101,2102,-6,-2
2102,2103,-6,-2
2103,2104,-6,-2
2104,2105,-6,-1
2105,2106,-6,-1
2106,2107,-6,0
2107,2108,-6,-1
2108,2109,-6,-2
2109,2110,-6,-2
2110,2111,-6,-1
2111,2112,-6,-1
2112,2113,-6,-2
2113,2114,-6,-1
2114,2115,-6,-1
2115,2116,-6,0
2116,2117,-6,-1
2117,2118,-6,-2
2118,2119,-6,-1
2119,2120,-6,-1
2120,2121,-6,-1
2121,2122,-6,-2
2122,2123,-6,-3
2123,2124,-6,-2
2124,2125,-6,-3
2125,2126,-6,-3
2126,2127,-6,-3
2127,2128,-6,-2
2128,2129,-6,-1
2129,2130,-6,0
2130,2131,-6,0
2131,2132,-6,0
2132,2133,-6,0
2133,2134,-6,0
2134,2135,-6,-1
2135,2136,-6,0
2136,2137,-6,0
2137,2138,-6,-1
2138,2139,-6,-1
2139,2140,-6,0
2140,2141,-6,-2
2141,2142,-6,-4
2142,2143,-6,-4
2143,2144,-6,-2
2144,2145,-6,-2
2145,2146,-6,-2
2146,2147,-6,-2
2147,2148,-6,-2
2148,2149,-6,-2
2149,2150,-6,-2
2150,2151,-6,-3
2151,2152,-6,-3
2152,2153,-6,0
2153,2154,-6,-2
2154,2155,-6,-3
2155,2156,-6,-3
2156,2157,-6,-1
2157,2158,-6,-1
2158,2159,-6,-1
2159,2160,-6,-2
2160,2161,-6,-2
2161,2162,-6,-1
2162,2163,-6,-1
2163,2164,-6,-1
2164,2165,-6,0
2165,2166,-6,0
2166,2167,-6,0
2167,2168,-6,0
2168,2169,-6,-1
2169,2170,-6,-1
2170,2171,-6,-1
2171,2172,-6,-1
2172,2173,-6,-1
2173,2174,-6,-1
2174,2175,-6,-1
2175,2176,-6,-2
2176,2177,-6,-1
2177,2178,-6,-2
2178,2179,-6,-1
2179,2180,-6,-1
2180,2181,-6,-3
2181,2182,-6,-2
2182,2183,-6,-2
2183,2184,-6,-3
2184,2185,-6,-2
2185,2186,-6,-2
2186,2187,-6,-2
2187,2188,-6,-2
2188,2189,-6,0
2189,2190,-6,-4
2190,2191,-6,-3
2191,2192,-6,-4
2192,2193,-6,-4
2193,2194,-6,-4
2194,2195,-6,-4
2195,2196,-6,-2
2196,2197,-6,-2
2197,2198,-6,-1
2198,2199,-6,0
2199,2200,-6,-1
2200,2201,-6,-2
2201,2202,-6,-4
2202,2203,-6,-3
2203,2204,-6,-5
2204,2205,-6,-3
2205,2206,-6,-3
2206,2207,-6,-1
2207,2208,-6,-2
2208,2209,-6,-2
2209,2210,-6,-3
2210,2211,-6,-3
2211,2212,-6,-3
2212,2213,-6,-2
2213,2214,-6,-1
2214,2215,-6,-1
2215,2216,-6,0
2216,2217,-6,-1
2217,2218,-6,-2
2218,2219,-6,-2
2219,2220,-6,-3
2220,2221,-6,-3
2221,2222,-6,-1
2222,2223,-6,-3
2223,2224,-6,-2
2224,2225,-6,-2
2225,2226,-6,-2
2226,2227,-6,-2
2227,2228,-6,-1
2228,2229,-6,-3
2229,2230,-6,-2
2230,2231,-6,-1
2231,2232,-6,-1
2232,2233,-6,-2
2233,2234,-6,-1
2234,2235,-6,-1
2235,2236,-6,-2
2236,2237,-6,0
2237,2238,-6,0
2238,2239,-6,0
2239,2240,-6,0
2240,2241,-6,0
2241,2242,-6,0
2242,2243,-6,-1
2243,2244,-6,-1
2244,2245,-6,-1
2245,2246,-6,-2
2246,2247,-6,-1
2247,2248,-6,-1
2248,2249,-6,-2
2249,2250,-6,-2
2250,2251,-6,-1
2251,2252,-6,-2
2252,2253,-6,-2
2253,2254,-6,-2
2254,2255,-6,-2
2255,2256,-6,-2
2256,2257,-6,-2
2257,2258,-6,0
2258,2259,-6,-1
2259,2260,-6,-1
2260,2261,-6,-1
2261,2262,-6,-2
2262,2263,-6,-2
2263,2264,-6,-3
2264,2265,-6,-2
2265,2266,-6,-2
2266,2267,-6,-2
2267,2268,-6,-2
2268,2269,-6,-2
2269,2270,-6,-3
2270,2271,-6,-2
2271,2272,-6,-2
2272,2273,-6,-2
2273,2274,-6,-2
2274,2275,-6,-2
2275,2276,-6,-1
2276,2277,-6,-2
2277,2278,-6,-2
2278,2279,-6,-2
2279,2280,-6,-2
2280,2281,-6,-1
2281,2282,-6,-1
2282,2283,-6,-1
2283,2284,-6,-1
2284,2285,-6,-2
2285,2286,-6,-2
2286,2287,-6,-2
2287,2288,-6,-1
2288,2289,-6,-2
2289,2290,-6,0
2290,2291,-6,0
2291,2292,-6,-1
2292,2293,-6,-1
2293,2294,-6,-2
2294,2295,-6,-2
2295,2296,-6,-2
2296,2297,-6,-2
2297,2298,-6,-1
2298,2299,-6,0
2299,2300,-6,-1
2300,2301,-6,-1
2301,2302,-6,0
2302,2303,-6,-1
2303,2304,-6,0
2304,2305,-6,0
2305,2306,-6,0
2306,2307,-6,0
2307,2308,-6,-1
2308,2309,-6,-1
2309,2310,-6,-1
2310,2311,-6,-2
2311,2312,-6,-3
2312,2313,-6,-1
2313,2314,-6,0
2314,2315,-6,0
2315,2316,-6,-1
2316,2317,-6,-1
2317,2318,-6,-1
2318,2319,-6,0
2319,2320,-6,0
2320,2321,-6,0
2321,2322,-6,-1
2322,2323,-6,-1
2323,2324,-6,-2
2324,2325,-6,0
2325,2326,-6,-3
2326,2327,-6,-3
2327,2328,-6,0
2328,2329,-6,-2
2329,2330,-6,-2
2330,2331,-6,0
2331,2332,-6,0
2332,2333,-6,-2
2333,2334,-6,-3
2334,2335,-6,-2
2335,2336,-6,-2
2336,2337,-6,-2
2337,2338,-6,-3
2338,2339,-6,-2
2339,2340,-6,-3
2340,2341,-6,-3
2341,2342,-6,-3
2342,2343,-6,-3
2343,2344,-6,-3
2344,2345,-6,-3
2345,2346,-6,-3
2346,2347,-6,-4
2347,2348,-6,-3
2348,2349,-6,-2
2349,2350,-6,-3
2350,2351,-6,-3
2351,2352,-6,-3
2352,2353,-6,-2
2353,2354,-6,-2
2354,2355,-6,-2
2355,2356,-6,-2
2356,2357,-6,-3
2357,2358,-6,-2
2358,2359,-6,0
2359,2360,-6,-1
2360,2361,-6,-1
2361,2362,-6,-1
2362,2363,-6,-1
2363,2364,-6,-1
2364,2365,-6,-1
2365,2366,-6,-1
2366,2367,-6,-1
2367,2368,-6,-3
2368,2369,-6,-2
2369,2370,-6,-3
2370,2371,-6,-3
2371,2372,-6,-3
2372,2373,-6,-2
2373,2374,-6,-3
2374,2375,-6,-1
2375,2376,-6,-1
2376,2377,-6,-1
2377,2378,-6,-2
2378,2379,-6,-3
2379,2380,-6,-2
2380,2381,-6,-2
2381,2382,-6,-2
2382,2383,-6,-2
2383,2384,-6,-2
2384,2385,-6,-2
2385,2386,-6,-5
2386,2387,-6,-5
2387,2388,-6,-3
2388,2389,-6,-3
2389,2390,-6,-3
2390,2391,-6,-3
2391,2392,-6,-3
2392,2393,-6,-4
2393,2394,-6,-4
2394,2395,-6,-4
2395,2396,-6,-3
2396,2397,-6,-1
2397,2398,-6,0
2398,2399,-6,-4
2399,2400,-6,-2
2400,2401,-6,-1
2401,2402,-6,-1
2402,2403,-6,-1
2403,2404,-6,-1
2404,2405,-6,-1
2405,2406,-6,-2
2406,2407,-6,-3
2407,2408,-6,-3
2408,2409,-6,-3
2409,2410,-6,-3
2410,2411,-6,-2
2411,2412,-6,-2
2412,2413,-6,-3
2413,2414,-6,-3
2414,2415,-6,-3
2415,2416,-6,-4
2416,2417,-6,-3
2417,2418,-6,-1
2418,2419,-6,-2
2419,2420,-6,-2
2420,2421,-6,0
2421,2422,-6,-2
2422,2423,-6,-3
2423,2424,-6,0
2424,2425,-6,0
2425,2426,-6,-2
2426,2427,-6,-2
2427,2428,-6,-2
2428,2429,-6,-2
2429,2430,-6,-1
2430,2431,-6,-3
2431,2432,-6,-3
2432,2433,-6,-1
2433,2434,-6,-1
2434,2435,-6,-1
2435,2436,-6,-1
2436,2437,-6,-1
2437,2438,-6,0
2438,2439,-6,0
2439,2440,-6,-1
2440,2441,-6,-1
2441,2442,-6,0
2442,2443,-6,0
2443,2444,-6,-1
2444,2445,-6,-1
2445,2446,-6,0
2446,2447,-6,0
2447,2448,-6,-1
2448,2449,-6,-1
2449,2450,-6,-1
2450,2451,-6,-1
2451,2452,-6,-1
2452,2453,-6,0
2453,2454,-6,-1
2454,2455,-6,-2
2455,2456,-6,-2
2456,2457,-6,-2
2457,2458,-6,-1
2458,2459,-6,-1
2459,2460,-6,-1
2460,2461,-6,-1
2461,2462,-6,-1
2462,2463,-6,-1
2463,2464,-6,-1
2464,2465,-6,-3
2465,2466,-6,-1
2466,2467,-6,-1
2467,2468,-6,0
2468,2469,-6,-2
2469,2470,-6,-4
2470,2471,-6,-2
2471,2472,-6,-2
2472,2473,-6,-2
2473,2474,-6,-2
2474,2475,-6,-1
2475,2476,-6,-2
2476,2477,-6,-2
2477,2478,-6,-2
2478,2479,-6,-2
2479,2480,-6,-2
2480,2481,-6,-2
2481,2482,-6,-1
2482,2483,-6,-2
2483,2484,-6,-2
2484,2485,-6,-3
2485,2486,-6,-3
2486,2487,-6,-3
2487,2488,-6,-3
2488,2489,-6,-2
2489,2490,-6,-2
2490,2491,-6,-2
2491,2492,-6,-1
2492,2493,-6,-2
2493,2494,-6,-3
2494,2495,-6,-2
2495,2496,-6,-1
2496,2497,-6,-1
2497,2498,-6,-1
2498,2499,-6,-2
2499,2500,-6,-4
2500,2501,-6,-2
2501,2502,-6,-1
2502,2503,-6,-1
2503,2504,-6,-1
2504,2505,-6,-1
2505,2506,-6,-1
2506,2507,-6,-1
2507,2508,-6,-3
2508,2509,-6,-2
2509,2510,-6,-4
2510,2511,-6,-3
2511,2512,-6,-3
2512,2513,-6,-2
2513,2514,-6,-2
2514,2515,-6,-2
2515,2516,-6,-2
2516,2517,-6,-2
2517,2518,-6,-2
2518,2519,-6,-2
2519,2520,-6,-2
2520,2521,-6,-2
2521,2522,-6,-1
2522,2523,-6,0
2523,2524,-6,-2
2524,2525,-6,-2
2525,2526,-6,-2
2526,2527,-6,-2
2527,2528,-6,-4
2528,2529,-6,-3
2529,2530,-6,-2
2530,2531,-6,0
2531,2532,-6,0
2532,2533,-6,0
2533,2534,-6,0
2534,2535,-6,0
2535,2536,-6,-2
2536,2537,-6,0
2537,2538,-6,0
2538,2539,-6,0
2539,2540,-6,0
2540,2541,-6,0
2541,2542,-6,0
2542,2543,-6,-1
2543,2544,-6,-2
2544,2545,-6,-2
2545,2546,-6,-2
2546,2547,-6,-1
2547,2548,-6,-1
2548,2549,-6,-1
2549,2550,-6,-1
2550,2551,-6,-1
2551,2552,-6,-1
2552,2553,-6,-2
2553,2554,-6,-2
2554,2555,-6,-2
2555,2556,-6,-2
2556,2557,-6,-2
2557,2558,-6,-2
2558,2559,-6,-1
2559,2560,-6,0
2560,2561,-6,0
2561,2562,-6,0
2562,2563,-6,0
2563,2564,-6,-1
2564,2565,-6,-1
2565,2566,-6,-1
2566,2567,-6,0
2567,2568,-6,0
2568,2569,-6,0
2569,2570,-6,-1
2570,2571,-6,0
2571,2572,-6,-1
2572,2573,-6,-1
2573,2574,-6,-1
2574,2575,-6,0
2575,2576,-6,0
2576,2577,-6,-4
2577,2578,-6,-3
2578,2579,-6,-1
2579,2580,-6,0
2580,2581,-6,0
2581,2582,-6,-1
2582,2583,-6,0
2583,2584,-6,-1
2584,2585,-6,-1
2585,2586,-6,-1
2586,2587,-6,0
2587,2588,-6,-1
2588,2589,-6,-3
2589,2590,-6,-1
2590,2591,-6,-1
2591,2592,-6,-3
2592,2593,-6,-3
2593,2594,-6,-4
2594,2595,-6,-3
2595,2596,-6,-4
2596,2597,-6,-4
2597,2598,-6,-3
2598,2599,-6,-1
2599,2600,-6,-1
2600,2601,-6,-2
2601,2602,-6,-2
2602,2603,-6,-2
2603,2604,-6,0
2604,2605,-6,0
2605,2606,-6,-1
2606,2607,-6,-2
2607,2608,-6,-2
2608,2609,-6,-2
2609,2610,-6,-1
2610,2611,-6,-1
2611,2612,-6,-2
2612,2613,-6,0
2613,2614,-6,-1
2614,2615,-6,-1
2615,2616,-6,-1
2616,2617,-6,-1
2617,2618,-6,-3
2618,2619,-6,-1
2619,2620,-6,-1
2620,2621,-6,-1
2621,2622,-6,-2
2622,2623,-6,-2
2623,2624,-6,-3
2624,2625,-6,-2
2625,2626,-6,-3
2626,2627,-6,-4
2627,2628,-6,-3
2628,2629,-6,-3
2629,2630,-6,-3
2630,2631,-6,-2
2631,2632,-6,-3
2632,2633,-6,-2
2633,2634,-6,-2
2634,2635,-6,0
2635,2636,-6,-1
2636,2637,-6,-2
2637,2638,-6,-1
2638,2639,-6,-1
2639,2640,-6,-1
2640,2641,-6,-2
2641,2642,-6,-1
2642,2643,-6,0
2643,2644,-6,-1
2644,2645,-6,-2
2645,2646,-6,-1
2646,2647,-6,-2
2647,2648,-6,-1
2648,2649,-6,-1
2649,2650,-6,-4
2650,2651,-6,-2
2651,2652,-6,-2
2652,2653,-6,-3
2653,2654,-6,-3
2654,2655,-6,-2
2655,2656,-6,-2
2656,2657,-6,-3
2657,2658,-6,-1
2658,2659,-6,-1
2659,2660,-6,-2
2660,2661,-6,-2
2661,2662,-6,-1
2662,2663,-6,-1
2663,2664,-6,-1
2664,2665,-6,-1
2665,2666,-6,-1
2666,2667,-6,0
2667,2668,-6,-1
2668,2669,-6,-4
2669,2670,-6,-3
2670,2671,-6,-3
2671,2672,-6,-5
2672,2673,-6,-5
2673,2674,-6,-3
2674,2675,-6,-3
2675,2676,-6,-2
2676,2677,-6,-4
2677,2678,-6,-2
2678,2679,-6,-2
2679,2680,-6,-2
2680,2681,-6,-1
2681,2682,-6,-3
2682,2683,-6,-3
2683,2684,-6,-3
2684,2685,-6,-1
2685,2686,-6,-1
2686,2687,-6,0
2687,2688,-6,-1
2688,2689,-6,-1
2689,2690,-6,-1
2690,2691,-6,-1
2691,2692,-6,-1
2692,2693,-6,-1
2693,2694,-6,-1
2694,2695,-6,0
2695,2696,-6,-1
2696,2697,-6,-1
2697,2698,-6,0
2698,2699,-6,0
2699,2700,-6,-1
2700,2701,-6,-2
2701,2702,-6,-2
2702,2703,-6,-2
2703,2704,-6,-1
2704,2705,-6,-1
2705,2706,-6,-2
2706,2707,-6,-3
2707,2708,-6,-3
2708,2709,-6,-2
2709,2710,-6,0
2710,2711,-6,-1
2711,2712,-6,-1
2712,2713,-6,-4
2713,2714,-6,-4
2714,2715,-6,-3
2715,2716,-6,0
2716,2717,-6,-1
2717,2718,-6,0
2718,2719,-6,-4
2719,2720,-6,-3
2720,2721,-6,0
2721,2722,-6,0
2722,2723,-6,0
2723,2724,-6,0
2724,2725,-6,0
2725,2726,-6,-1
2726,2727,-6,-1
2727,2728,-6,-1
2728,2729,-6,-1
2729,2730,-6,0
2730,2731,-6,-1
2731,2732,-6,-1
2732,2733,-6,-1
2733,2734,-6,0
2734,2735,-6,-1
2735,2736,-6,0
2736,2737,-6,0
2737,2738,-6,-2
2738,2739,-6,-1
2739,2740,-6,-1
2740,2741,-6,-1
2741,2742,-6,-2
2742,2743,-6,0
2743,2744,-6,-1
2744,2745,-6,-1
2745,2746,-6,-2
2746,2747,-6,-1
2747,2748,-6,-1
2748,2749,-6,-1
2749,2750,-6,-1
2750,2751,-6,0
2751,2752,-6,-3
2752,2753,-6,-1
2753,2754,-6,-1
2754,2755,-6,0
2755,2756,-6,0
2756,2757,-6,0
2757,2758,-6,0
2758,2759,-6,-2
2759,2760,-6,-2
2760,2761,-6,-2
2761,2762,-6,-2
2762,2763,-6,-1
2763,2764,-6,0
2764,2765,-6,-1
2765,2766,-6,-2
2766,2767,-6,-2
2767,2768,-6,-1
2768,2769,-6,-1
2769,2770,-6,-1
2770,2771,-6,-1
2771,2772,-6,-1
2772,2773,-6,-2
2773,2774,-6,-3
2774,2775,-6,-2
2775,2776,-6,-2
2776,2777,-6,-2
2777,2778,-6,-2
2778,2779,-6,0
2779,2780,-6,-3
2780,2781,-6,-2
2781,2782,-6,-2
2782,2783,-6,-2
2783,2784,-6,-4
2784,2785,-6,-1
2785,2786,-6,-2
2786,2787,-6,-3
2787,2788,-6,-3
2788,2789,-6,-4
2789,2790,-6,-4
2790,2791,-6,-1
2791,2792,-6,-3
2792,2793,-6,-2
2793,2794,-6,-1
2794,2795,-6,-3
2795,2796,-6,-4
2796,2797,-6,-4
2797,2798,-6,-4
2798,2799,-6,-3
2799,2800,-6,-2
2800,2801,-6,-2
2801,2802,-6,-3
2802,2803,-6,-2
2803,2804,-6,-1
2804,2805,-6,-2
2805,2806,-6,-2
2806,2807,-6,-2
2807,2808,-6,-2
2808,2809,-6,0
2809,2810,-6,-2
2810,2811,-6,-3
2811,2812,-6,-2
2812,2813,-6,-2
2813,2814,-6,-3
2814,2815,-6,-4
2815,2816,-6,-3
2816,2817,-6,-2
2817,2818,-6,-2
2818,2819,-6,-1
2819,2820,-6,-2
2820,2821,-6,-2
2821,2822,-6,-1
2822,2823,-6,-1
2823,2824,-6,-1
2824,2825,-6,-1
2825,2826,-6,-1
2826,2827,-6,-1
2827,2828,-6,-1
2828,2829,-6,0
2829,2830,-6,-1
2830,2831,-6,0
2831,2832,-6,-3
2832,2833,-6,-1
2833,2834,-6,-2
2834,2835,-6,-2
2835,2836,-6,-2
2836,2837,-6,-2
2837,2838,-6,-3
2838,2839,-6,-2
2839,2840,-6,-4
2840,2841,-6,-2
2841,2842,-6,0
2842,2843,-6,0
2843,2844,-6,-3
2844,2845,-6,-2
2845,2846,-6,-1
2846,2847,-6,-2
2847,2848,-6,-1
2848,2849,-6,-1
2849,2850,-6,-2
2850,2851,-6,-2
2851,2852,-6,-1
2852,2853,-6,-2
2853,2854,-6,-1
2854,2855,-6,0
2855,2856,-6,-2
2856,2857,-6,-2
2857,2858,-6,-3
2858,2859,-6,-3
2859,2860,-6,-3
2860,2861,-6,-3
2861,2862,-6,-1
2862,2863,-6,-1
2863,2864,-6,-1
2864,2865,-6,-4
2865,2866,-6,-2
2866,2867,-6,0
2867,2868,-6,-1
2868,2869,-6,-1
2869,2870,-6,0
2870,2871,-6,0
2871,2872,-6,-2
2872,2873,-6,-3
2873,2874,-6,-1
2874,2875,-6,0
2875,2876,-6,0
2876,2877,-6,-1
2877,2878,-6,-1
2878,2879,-6,-2
2879,2880,-6,-2
2880,2881,-6,0
2881,2882,-6,-1
2882,2883,-6,-1
2883,2884,-6,-2
2884,2885,-6,-1
2885,2886,-6,-2
2886,2887,-6,-3
2887,2888,-6,-2
2888,2889,-6,-2
2889,2890,-6,-2
2890,2891,-6,-3
2891,2892,-6,-3
2892,2893,-6,-2
2893,2894,-6,-2
2894,2895,-6,-2
2895,2896,-6,-1
2896,2897,-6,-2
2897,2898,-6,-3
2898,2899,-6,-2
2899,2900,-6,-2
2900,2901,-6,-2
2901,2902,-6,-1
2902,2903,-6,-1
2903,2904,-6,-2
2904,2905,-6,-2
2905,2906,-6,-1
2906,2907,-6,-2
2907,2908,-6,-2
2908,2909,-6,-1
2909,2910,-6,-1
2910,2911,-6,-1
2911,2912,-6,-1
2912,2913,-6,-1
2913,2914,-6,-1
2914,2915,-6,-1
2915,2916,-6,-3
2916,2917,-6,0
2917,2918,-6,-1
2918,2919,-6,-2
2919,2920,-6,-3
2920,2921,-6,-1
2921,2922,-6,-2
2922,2923,-6,-2
2923,2924,-6,-1
2924,2925,-6,-1
2925,2926,-6,0
2926,2927,-6,-1
2927,2928,-6,-2
2928,2929,-6,-2
2929,2930,-6,-2
2930,2931,-6,0
2931,2932,-6,0
2932,2933,-6,0
2933,2934,-6,0
2934,2935,-6,0
2935,2936,-6,-1
2936,2937,-6,-1
2937,2938,-6,0
2938,2939,-6,0
2939,2940,-6,0
2940,2941,-6,0
2941,2942,-6,0
2942,2943,-6,0
2943,2944,-6,-2
2944,2945,-6,-2
2945,2946,-6,-1
2946,2947,-6,-1
2947,2948,-6,-2
2948,2949,-6,-1
2949,2950,-6,-2
2950,2951,-6,-2
2951,2952,-6,-1
2952,2953,-6,0
2953,2954,-6,0
2954,2955,-6,-2
2955,2956,-6,-2
2956,2957,-6,-2
2957,2958,-6,0
2958,2959,-6,0
2959,2960,-6,-1
2960,2961,-6,-2
2961,2962,-6,-2
2962,2963,-6,0
2963,2964,-6,0
2964,2965,-6,-1
2965,2966,-6,-1
2966,2967,-6,-1
2967,2968,-6,-2
2968,2969,-6,-2
2969,2970,-6,-2
2970,2971,-6,-1
2971,2972,-6,-1
2972,2973,-6,-2
2973,2974,-6,-1
2974,2975,-6,-2
2975,2976,-6,-1
2976,2977,-6,-1
2977,2978,-6,-1
2978,2979,-6,-1
2979,2980,-6,-1
2980,2981,-6,-1
2981,2982,-6,-2
2982,2983,-6,-2
2983,2984,-6,-2
2984,2985,-6,-2
2985,2986,-6,-3
2986,2987,-6,-2
2987,2988,-6,-2
2988,2989,-6,-2
2989,2990,-6,-2
2990,2991,-6,-1
2991,2992,-6,-1
2992,2993,-6,-3
2993,2994,-6,0
2994,2995,-6,-2
2995,2996,-6,0
2996,2997,-6,0
2997,2998,-6,-1
2998,2999,-6,-1
2999,3000,-6,-2
3000,3001,-6,-4
3001,3002,-6,0
3002,3003,-6,0
3003,3004,-6,-1
3004,3005,-6,-1
3005,3006,-6,0
3006,3007,-6,-1
3007,3008,-6,0
3008,3009,-6,-1
3009,3010,-6,-1
3010,3011,-6,-1
3011,3012,-6,-2
3012,3013,-6,-2
3013,3014,-6,-1
3014,3015,-6,-1
3015,3016,-6,-1
3016,3017,-6,0
3017,3018,-6,-1
3018,3019,-6,-2
3019,3020,-6,-2
3020,3021,-6,0
3021,3022,-6,0
3022,3023,-6,-1
3023,3024,-6,-2
3024,3025,-6,-1
3025,3026,-6,-1
3026,3027,-6,-1
3027,3028,-6,-1
3028,3029,-6,-1
3029,3030,-6,-1
3030,3031,-6,-4
3031,3032,-6,-3
3032,3033,-6,-1
3033,3034,-6,-1
3034,3035,-6,-3
3035,3036,-6,-4
3036,3037,-6,-1
3037,3038,-6,-1
3038,3039,-6,-1
3039,3040,-6,0
3040,3041,-6,0
3041,3042,-6,0
3042,3043,-6,0
3043,3044,-6,-1
3044,3045,-6,0
3045,3046,-6,0
3046,3047,-6,0
3047,3048,-6,-1
3048,3049,-6,-1
3049,3050,-6,-2
3050,3051,-6,-2
3051,3052,-6,-1
3052,3053,-6,-1
3053,3054,-6,-1
3054,3055,-6,-1
3055,3056,-6,-1
3056,3057,-6,0
3057,3058,-6,-1
3058,3059,-6,-1
3059,3060,-6,-1
3060,3061,-6,0
3061,3062,-6,0
3062,3063,-6,-2
3063,3064,-6,-2
3064,3065,-6,-4
3065,3066,-6,-4
3066,3067,-6,-4
3067,3068,-6,-2
3068,3069,-6,-2
3069,3070,-6,-3
3070,3071,-6,-1
3071,3072,-6,-2
3072,3073,-6,-1
3073,3074,-6,-3
3074,3075,-6,-3
3075,3076,-6,-3
3076,3077,-6,-3
3077,3078,-6,-2
3078,3079,-6,-2
3079,3080,-6,-2
3080,3081,-6,-2
3081,3082,-6,-1
3082,3083,-6,-2
3083,3084,-6,-2
3084,3085,-6,-1
3085,3086,-6,-1
3086,3087,-6,0
3087,3088,-6,0
3088,3089,-6,0
3089,3090,-6,-1
3090,3091,-6,-2
3091,3092,-6,-1
3092,3093,-6,-1
3093,3094,-6,-1
3094,3095,-6,-1
3095,3096,-6,-1
3096,3097,-6,-1
3097,3098,-6,-1
3098,3099,-6,-1
3099,3100,-6,-1
3100,3101,-6,-2
3101,3102,-6,-2
3102,3103,-6,-2
3103,3104,-6,-2
3104,3105,-6,-1
3105,3106,-6,-2
3106,3107,-6,-2
3107,3108,-6,-1
3108,3109,-6,-1
3109,3110,-6,-2
3110,3111,-6,-2
3111,3112,-6,-2
3112,3113,-6,-2
3113,3114,-6,-2
3114,3115,-6,-1
3115,3116,-6,-2
3116,3117,-6,-3
3117,3118,-6,-2
3118,3119,-6,-2
3119,3120,-6,-2
3120,3121,-6,-1
3121,3122,-6,-1
3122,3123,-6,-2
3123,3124,-6,-2
3124,3125,-6,-2
3125,3126,-6,-1
3126,3127,-6,-1
3127,3128,-6,-1
3128,3129,-6,-1
3129,3130,-6,-3
3130,3131,-6,-1
3131,3132,-6,-1
3132,3133,-6,-2
3133,3134,-6,-2
3134,3135,-6,-3
3135,3136,-6,-4
3136,3137,-6,-4
3137,3138,-6,-4
3138,3139,-6,-4
3139,3140,-6,-3
3140,3141,-6,-3
3141,3142,-6,-3
3142,3143,-6,-3
3143,3144,-6,-3
3144,3145,-6,-2
3145,3146,-6,-1
3146,3147,-6,-2
3147,3148,-6,-2
3148,3149,-6,-2
3149,3150,-6,-1
3150,3151,-6,-2
3151,3152,-6,0
3152,3153,-6,-1
3153,3154,-6,-1
3154,3155,-6,-1
3155,3156,-6,0
3156,3157,-6,0
3157,3158,-6,-1
3158,3159,-6,0
3159,3160,-6,-1
3160,3161,-6,-1
3161,3162,-6,0
3162,3163,-6,0
3163,3164,-6,0
3164,3165,-6,-1
3165,3166,-6,0
3166,3167,-6,0
3167,3168,-6,-2
3168,3169,-6,-2
3169,3170,-6,-1
3170,3171,-6,-2
3171,3172,-6,-2
3172,3173,-6,-1
3173,3174,-6,-1
3174,3175,-6,0
3175,3176,-6,0
3176,3177,-6,0
3177,3178,-6,-2
3178,3179,-6,0
3179,3180,-6,-1
3180,3181,-6,-2
3181,3182,-6,-1
3182,3183,-6,-1
3183,3184,-6,-2
3184,3185,-6,-2
3185,3186,-6,-1
3186,3187,-6,-1
3187,3188,-6,0
3188,3189,-6,0
3189,3190,-6,-1
3190,3191,-6,-1
3191,3192,-6,-1
3192,3193,-6,-1
3193,3194,-6,-1
3194,3195,-6,-1
3195,3196,-6,-1
3196,3197,-6,-1
3197,3198,-6,-2
3198,3199,-6,-2
3199,3200,-6,-2
3200,3201,-6,-2
3201,3202,-6,-3
3202,3203,-6,-3
3203,3204,-6,-1
3204,3205,-6,-2
3205,3206,-6,-1
3206,3207,-6,-1
3207,3208,-6,-1
3208,3209,-6,-1
3209,3210,-6,-1
3210,3211,-6,-1
3211,3212,-6,-1
3212,3213,-6,0
3213,3214,-6,-1
3214,3215,-6,-2
3215,3216,-6,-1
3216,3217,-6,-1
3217,3218,-6,-1
3218,3219,-6,-1
3219,3220,-6,-3
3220,3221,-6,-3
3221,3222,-6,-2
3222,3223,-6,-1
3223,3224,-6,0
3224,3225,-6,0
3225,3226,-6,0
3226,3227,-6,0
3227,3228,-6,0
3228,3229,-6,0
3229,3230,-6,-1
3230,3231,-6,-2
3231,3232,-6,-1
3232,3233,-6,-2
3233,3234,-6,0
3234,3235,-6,-2
3235,3236,-6,-2
3236,3237,-6,-2
3237,3238,-6,-2
3238,3239,-6,-2
3239,3240,-6,-3
3240,3241,-6,-5
3241,3242,-6,-3
3242,3243,-6,-3
3243,3244,-6,-3
3244,3245,-6,-2
3245,3246,-6,-3
3246,3247,-6,-3
3247,3248,-6,-4
3248,3249,-6,-2
3249,3250,-6,-2
3250,3251,-6,-2
3251,3252,-6,-2
3252,3253,-6,-3
3253,3254,-6,-2
3254,3255,-6,-2
3255,3256,-6,-2
3256,3257,-6,-2
3257,3258,-6,-2
3258,3259,-6,-2
3259,3260,-6,-3
3260,3261,-6,-2
3261,3262,-6,-1
3262,3263,-6,-2
3263,3264,-6,-3
3264,3265,-6,-3
3265,3266,-6,-3
3266,3267,-6,-3
3267,3268,-6,-3
3268,3269,-6,-2
3269,3270,-6,-1
3270,3271,-6,-1
3271,3272,-6,0
3272,3273,-6,-1
3273,3274,-6,-1
3274,3275,-6,-1
3275,3276,-6,-1
3276,3277,-6,-1
3277,3278,-6,-1
3278,3279,-6,-1
3279,3280,-6,-1
3280,3281,-6,-4
3281,3282,-6,-2
3282,3283,-6,-2
3283,3284,-6,-2
3284,3285,-6,-2
3285,3286,-6,0
3286,3287,-6,-1
3287,3288,-6,-2
3288,3289,-6,-1
3289,3290,-6,-2
3290,3291,-6,-3
3291,3292,-6,-1
3292,3293,-6,-1
3293,3294,-6,-1
3294,3295,-6,-1
3295,3296,-6,0
3296,3297,-6,0
3297,3298,-6,0
3298,3299,-6,0
3299,3300,-6,0
3300,3301,-6,-2
3301,3302,-6,0
3302,3303,-6,0
3303,3304,-6,-1
3304,3305,-6,-1
3305,3306,-6,-3
3306,3307,-6,-1
3307,3308,-6,-1
3308,3309,-6,-4
3309,3310,-6,-2
3310,3311,-6,-1
3311,3312,-6,-1
3312,3313,-6,0
3313,3314,-6,0
3314,3315,-6,0
3315,3316,-6,-1
3316,3317,-6,-1
3317,3318,-6,-1
3318,3319,-6,-2
3319,3320,-6,-2
3320,3321,-6,-3
3321,3322,-6,-3
3322,3323,-6,-3
3323,3324,-6,-2
3324,3325,-6,-3
3325,3326,-6,-2
3326,3327,-6,-2
3327,3328,-6,-2
3328,3329,-6,-2
3329,3330,-6,-2
3330,3331,-6,-2
3331,3332,-6,-2
3332,3333,-6,-4
3333,3334,-6,-2
3334,3335,-6,-1
3335,3336,-6,-2
3336,3337,-6,-2
3337,3338,-6,-3
3338,3339,-6,-1
3339,3340,-6,0
3340,3341,-6,-2
3341,3342,-6,-1
3342,3343,-6,-1
3343,3344,-6,-1
3344,3345,-6,-3
3345,3346,-6,-4
3346,3347,-6,-2
3347,3348,-6,-3
3348,3349,-6,-1
3349,3350,-6,-1
3350,3351,-6,-1
3351,3352,-6,-1
3352,3353,-6,-2
3353,3354,-6,0
3354,3355,-6,-2
3355,3356,-6,-2
3356,3357,-6,0
3357,3358,-6,0
3358,3359,-6,-2
3359,3360,-6,-1
3360,3361,-6,-1
3361,3362,-6,0
3362,3363,-6,-1
3363,3364,-6,-2
3364,3365,-6,-1
3365,3366,-6,-1
3366,3367,-6,-1
3367,3368,-6,-2
3368,3369,-6,-3
3369,3370,-6,-3
3370,3371,-6,-2
3371,3372,-6,-3
3372,3373,-6,-3
3373,3374,-6,-3
3374,3375,-6,-2
3375,3376,-6,-2
3376,3377,-6,-2
3377,3378,-6,-2
3378,3379,-6,-1
3379,3380,-6,0
3380,3381,-6,0
3381,3382,-6,0
3382,3383,-6,0
3383,3384,-6,-1
3384,3385,-6,-1
3385,3386,-6,-3
3386,3387,-6,-3
3387,3388,-6,-2
3388,3389,-6,-3
3389,3390,-6,-3
3390,3391,-6,-3
3391,3392,-6,-3
3392,3393,-6,-2
3393,3394,-6,-2
3394,3395,-6,-3
3395,3396,-6,-3
3396,3397,-6,-2
3397,3398,-6,-1
3398,3399,-6,0
3399,3400,-6,0
3400,3401,-6,-1
3401,3402,-6,-1
3402,3403,-6,-1
3403,3404,-6,-1
3404,3405,-6,-1
3405,3406,-6,-1
3406,3407,-6,-2
3407,3408,-6,-2
3408,3409,-6,-1
3409,3410,-6,-1
3410,3411,-6,-3
3411,3412,-6,-1
3412,3413,-6,-2
3413,3414,-6,-3
3414,3415,-6,-2
3415,3416,-6,-2
3416,3417,-6,-2
3417,3418,-6,-2
3418,3419,-6,-2
3419,3420,-6,-2
3420,3421,-6,-2
3421,3422,-6,-1
3422,3423,-6,-3
3423,3424,-6,-2
3424,3425,-6,-1
3425,3426,-6,-1
3426,3427,-6,-4
3427,3428,-6,-4
3428,3429,-6,-3
3429,3430,-6,-4
3430,3431,-6,-1
3431,3432,-6,-1
3432,3433,-6,-1
3433,3434,-6,-1
3434,3435,-6,-2
3435,3436,-6,-2
3436,3437,-6,-2
3437,3438,-6,-2
3438,3439,-6,-2
3439,3440,-6,-1
3440,3441,-6,-3
3441,3442,-6,-2
3442,3443,-6,-1
3443,3444,-6,-2
3444,3445,-6,-2
3445,3446,-6,-2
3446,3447,-6,-2
3447,3448,-6,-4
3448,3449,-6,-2
3449,3450,-6,-1
3450,3451,-6,-1
3451,3452,-6,-2
3452,3453,-6,-1
3453,3454,-6,-1
3454,3455,-6,0
3455,3456,-6,0
3456,3457,-6,0
3457,3458,-6,0
3458,3459,-6,0
3459,3460,-6,0
3460,3461,-6,0
3461,3462,-6,0
3462,3463,-6,0
3463,3464,-6,-1
3464,3465,-6,-1
3465,3466,-6,-2
3466,3467,-6,-1
3467,3468,-6,0
3468,3469,-6,-3
3469,3470,-6,-1
3470,3471,-6,-2
3471,3472,-6,-1
3472,3473,-6,-1
3473,3474,-6,-1
3474,3475,-6,-1
3475,3476,-6,0
3476,3477,-6,-3
3477,3478,-6,-2
3478,3479,-6,0
3479,3480,-6,-1
3480,3481,-6,-2
3481,3482,-6,-1
3482,3483,-6,-1
3483,3484,-6,-1
3484,3485,-6,-1
3485,3486,-6,-2
3486,3487,-6,-1
3487,3488,-6,-2
3488,3489,-6,-3
3489,3490,-6,-2
3490,3491,-6,-2
3491,3492,-6,-2
3492,3493,-6,-1
3493,3494,-6,0
3494,3495,-6,0
3495,3496,-6,0
3496,3497,-6,-2
3497,3498,-6,-2
3498,3499,-6,-1
3499,3500,-6,-2
3500,3501,-6,-1
3501,3502,-6,-1
3502,3503,-6,0
3503,3504,-6,-1
3504,3505,-6,-1
3505,3506,-6,-1
3506,3507,-6,-1
3507,3508,-6,-1
3508,3509,-6,0
3509,3510,-6,0
3510,3511,-6,0
3511,3512,-6,0
3512,3513,-6,-1
3513,3514,-6,-1
3514,3515,-6,-1
3515,3516,-6,-1
3516,3517,-6,-2
3517,3518,-6,0
3518,3519,-6,-1
3519,3520,-6,-3
3520,3521,-6,0
3521,3522,-6,-1
3522,3523,-6,0
3523,3524,-6,-1
3524,3525,-6,-1
3525,3526,-6,-2
3526,3527,-6,-2
3527,3528,-6,-4
3528,3529,-6,-3
3529,3530,-6,-2
3530,3531,-6,-4
3531,3532,-6,-4
3532,3533,-6,-3
3533,3534,-6,-1
3534,3535,-6,-2
3535,3536,-6,-2
3536,3537,-6,-2
3537,3538,-6,-1
3538,3539,-6,0
3539,3540,-6,-1
3540,3541,-6,-1
3541,3542,-6,-2
3542,3543,-6,-1
3543,3544,-6,-1
3544,3545,-6,-1
3545,3546,-6,-3
3546,3547,-6,-3
3547,3548,-6,-2
3548,3549,-6,-2
3549,3550,-6,-1
3550,3551,-6,0
3551,3552,-6,0
3552,3553,-6,-2
3553,3554,-6,0
3554,3555,-6,0
3555,3556,-6,0
3556,3557,-6,-2
3557,3558,-6,-2
3558,3559,-6,-1
3559,3560,-6,-2
3560,3561,-6,-3
3561,3562,-6,-2
3562,3563,-6,-1
3563,3564,-6,-2
3564,3565,-6,-2
3565,3566,-6,-2
3566,3567,-6,-2
3567,3568,-6,-1
3568,3569,-6,-1
3569,3570,-6,-2
3570,3571,-6,-3
3571,3572,-6,-1
3572,3573,-6,-1
3573,3574,-6,-4
3574,3575,-6,-1
3575,3576,-6,-2
3576,3577,-6,-1
3577,3578,-6,-1
3578,3579,-6,-1
3579,3580,-6,-1
3580,3581,-6,-3
3581,3582,-6,-3
3582,3583,-6,-2
3583,3584,-6,-2
3584,3585,-6,-2
3585,3586,-6,-2
3586,3587,-6,-3
3587,3588,-6,-2
3588,3589,-6,-2
3589,3590,-6,-2
3590,3591,-6,-2
3591,3592,-6,-2
3592,3593,-6,-1
3593,3594,-6,-1
3594,3595,-6,-2
3595,3596,-6,-3
3596,3597,-6,-3
3597,3598,-6,-3
3598,3599,-6,0
3599,3600,-6,0
3600,3601,-6,-3
3601,3602,-6,-1
3602,3603,-6,0
3603,3604,-6,-2
3604,3605,-6,-2
3605,3606,-6,-3
3606,3607,-6,-3
3607,3608,-6,-3
3608,3609,-6,-1
3609,3610,-6,-2
3610,3611,-6,-2
3611,3612,-6,-2
3612,3613,-6,-1
3613,3614,-6,-2
3614,3615,-6,-2
3615,3616,-6,-1
3616,3617,-6,-1
3617,3618,-6,-1
3618,3619,-6,-1
3619,3620,-6,-1
3620,3621,-6,0
3621,3622,-6,-1
3622,3623,-6,-2
3623,3624,-6,-1
3624,3625,-6,-2
3625,3626,-6,-1
3626,3627,-6,-2
3627,3628,-6,-1
3628,3629,-6,-1
3629,3630,-6,-1
3630,3631,-6,-2
3631,3632,-6,-2
3632,3633,-6,-1
3633,3634,-6,-1
3634,3635,-6,-1
3635,3636,-6,-1
3636,3637,-6,-1
3637,3638,-6,-1
3638,3639,-6,-1
3639,3640,-6,-1
3640,3641,-6,-2
3641,3642,-6,-3
3642,3643,-6,-1
3643,3644,-6,-1
3644,3645,-6,-1
3645,3646,-6,-2
3646,3647,-6,-2
3647,3648,-6,-2
3648,3649,-6,-3
3649,3650,-6,-3
3650,3651,-6,-2
3651,3652,-6,-2
3652,3653,-6,-2
3653,3654,-6,-1
3654,3655,-6,-2
3655,3656,-6,-2
3656,3657,-6,-3
3657,3658,-6,-1
3658,3659,-6,-2
3659,3660,-6,-2
3660,3661,-6,-2
3661,3662,-6,-2
3662,3663,-6,-1
3663,3664,-6,-2
3664,3665,-6,-3
3665,3666,-6,-1
3666,3667,-6,-1
3667,3668,-6,-1
3668,3669,-6,-1
3669,3670,-6,-2
3670,3671,-6,-3
3671,3672,-6,-1
3672,3673,-6,-4
3673,3674,-6,-4
3674,3675,-6,-5
3675,3676,-6,-4
3676,3677,-6,-2
3677,3678,-6,-1
3678,3679,-6,-2
3679,3680,-6,-2
3680,3681,-6,-2
3681,3682,-6,-2
3682,3683,-6,-1
3683,3684,-6,-1
3684,3685,-6,-1
3685,3686,-6,-1
3686,3687,-6,-1
3687,3688,-6,-1
3688,3689,-6,-1
3689,3690,-6,-1
3690,3691,-6,-1
3691,3692,-6,-1
3692,3693,-6,-1
3693,3694,-6,-1
3694,3695,-6,-1
3695,3696,-6,-1
3696,3697,-6,-1
3697,3698,-6,-1
3698,3699,-6,-1
3699,3700,-6,-1
3700,3701,-6,-3
3701,3702,-6,-2
3702,3703,-6,-2
3703,3704,-6,-3
3704,3705,-6,-2
3705,3706,-6,-1
3706,3707,-6,-2
3707,3708,-6,-1
3708,3709,-6,-2
3709,3710,-6,-2
3710,3711,-6,-3
3711,3712,-6,-3
3712,3713,-6,-1
3713,3714,-6,-2
3714,3715,-6,0
3715,3716,-6,-2
3716,3717,-6,-2
3717,3718,-6,-2
3718,3719,-6,-2
3719,3720,-6,-1
3720,3721,-6,-1
3721,3722,-6,-2
3722,3723,-6,-2
3723,3724,-6,-3
3724,3725,-6,-4
3725,3726,-6,-2
3726,3727,-6,-1
3727,3728,-6,-2
3728,3729,-6,0
3729,3730,-6,0
3730,3731,-6,0
3731,3732,-6,0
3732,3733,-6,-2
3733,3734,-6,-2
3734,3735,-6,-1
3735,3736,-6,-1
3736,3737,-6,-1
3737,3738,-6,-1
3738,3739,-6,-3
3739,3740,-6,-3
3740,3741,-6,-3
3741,3742,-6,-2
3742,3743,-6,-2
3743,3744,-6,-1
3744,3745,-6,-1
3745,3746,-6,-1
3746,3747,-6,-1
3747,3748,-6,-1
3748,3749,-6,-1
3749,3750,-6,-1
3750,3751,-6,-1
3751,3752,-6,0
3752,3753,-6,0
3753,3754,-6,0
3754,3755,-6,0
3755,3756,-6,-1
3756,3757,-6,-1
3757,3758,-6,-2
3758,3759,-6,-3
3759,3760,-6,0
3760,3761,-6,0
3761,3762,-6,-1
3762,3763,-6,-1
3763,3764,-6,-2
3764,3765,-6,-2
3765,3766,-6,-3
3766,3767,-6,-3
3767,3768,-6,-3
3768,3769,-6,-2
3769,3770,-6,-1
3770,3771,-6,-2
3771,3772,-6,-1
3772,3773,-6,-1
3773,3774,-6,0
3774,3775,-6,-1
3775,3776,-6,-2
3776,3777,-6,-3
3777,3778,-6,-2
3778,3779,-6,-1
3779,3780,-6,0
3780,3781,-6,-1
3781,3782,-6,-1
3782,3783,-6,-2
3783,3784,-6,-3
3784,3785,-6,-2
3785,3786,-6,-2
3786,3787,-6,-1
3787,3788,-6,-2
3788,3789,-6,-2
3789,3790,-6,-1
3790,3791,-6,-2
3791,3792,-6,-1
3792,3793,-6,-1
3793,3794,-6,-2
3794,3795,-6,-1
3795,3796,-6,0
3796,3797,-6,0
3797,3798,-6,-2
3798,3799,-6,-1
3799,3800,-6,-2
3800,3801,-6,-1
3801,3802,-6,0
3802,3803,-6,-3
3803,3804,-6,-1
3804,3805,-6,-1
3805,3806,-6,-1
3806,3807,-6,-2
3807,3808,-6,-1
3808,3809,-6,-2
3809,3810,-6,-1
3810,3811,-6,-2
3811,3812,-6,-1
3812,3813,-6,0
3813,3814,-6,0
3814,3815,-6,0
3815,3816,-6,0
3816,3817,-6,0
3817,3818,-6,0
3818,3819,-6,0
3819,3820,-6,-1
3820,3821,-6,-1
3821,3822,-6,-2
3822,3823,-6,-2
3823,3824,-6,-2
3824,3825,-6,-1
3825,3826,-6,0
3826,3827,-6,0
3827,3828,-6,0
3828,3829,-6,0
3829,3830,-6,-1
3830,3831,-6,-2
3831,3832,-6,-1
3832,3833,-6,-1
3833,3834,-6,-1
3834,3835,-6,-1
3835,3836,-6,-1
3836,3837,-6,-1
3837,3838,-6,-1
3838,3839,-6,-1
3839,3840,-6,-1
3840,3841,-6,-1
3841,3842,-6,-2
3842,3843,-6,-2
3843,3844,-6,-2
3844,3845,-6,-2
3845,3846,-6,-1
3846,3847,-6,-1
3847,3848,-6,-2
3848,3849,-6,-1
3849,3850,-6,-1
3850,3851,-6,-1
3851,3852,-6,-1
3852,3853,-6,-1
3853,3854,-6,-2
3854,3855,-6,-2
3855,3856,-6,-2
3856,3857,-6,-3
3857,3858,-6,-2
3858,3859,-6,-2
3859,3860,-6,-1
3860,3861,-6,-1
3861,3862,-6,-1
3862,3863,-6,0
3863,3864,-6,-1
3864,3865,-6,0
3865,3866,-6,0
3866,3867,-6,-2
3867,3868,-6,-1
3868,3869,-6,0
3869,3870,-6,0
3870,3871,-6,0
3871,3872,-6,-2
3872,3873,-6,0
3873,3874,-6,-1
3874,3875,-6,-2
3875,3876,-6,-2
3876,3877,-6,-2
3877,3878,-6,-1
3878,3879,-6,0
3879,3880,-6,0
3880,3881,-6,-2
3881,3882,-6,-2
3882,3883,-6,-2
3883,3884,-6,-2
3884,3885,-6,0
3885,3886,-6,-2
3886,3887,-6,-1
3887,3888,-6,-1
3888,3889,-6,-1
3889,3890,-6,-2
3890,3891,-6,-2
3891,3892,-6,-2
3892,3893,-6,-3
3893,3894,-6,-3
3894,3895,-6,-1
3895,3896,-6,-1
3896,3897,-6,0
3897,3898,-6,-1
3898,3899,-6,-1
3899,3900,-6,-1
3900,3901,-6,-2
3901,3902,-6,-1
3902,3903,-6,0
3903,3904,-6,-1
3904,3905,-6,-1
3905,3906,-6,-1
3906,3907,-6,0
3907,3908,-6,0
3908,3909,-6,0
3909,3910,-6,0
3910,3911,-6,-1
3911,3912,-6,-2
3912,3913,-6,-2
3913,3914,-6,-2
3914,3915,-6,-2
3915,3916,-6,-2
3916,3917,-6,-2
3917,3918,-6,-2
3918,3919,-6,-2
3919,3920,-6,-2
3920,3921,-6,-2
3921,3922,-6,-3
3922,3923,-6,0
3923,3924,-6,-1
3924,3925,-6,-1
3925,3926,-6,0
3926,3927,-6,-1
3927,3928,-6,-1
3928,3929,-6,-1
3929,3930,-6,0
3930,3931,-6,-1
3931,3932,-6,0
3932,3933,-6,-1
3933,3934,-6,-1
3934,3935,-6,0
3935,3936,-6,-1
3936,3937,-6,0
3937,3938,-6,0
3938,3939,-6,-1
3939,3940,-6,-1
3940,3941,-6,0
3941,3942,-6,-2
3942,3943,-6,-2
3943,3944,-6,-1
3944,3945,-6,-2
3945,3946,-6,-1
3946,3947,-6,-1
3947,3948,-6,-1
3948,3949,-6,-2
3949,3950,-6,-2
3950,3951,-6,-2
3951,3952,-6,-4
3952,3953,-6,-4
3953,3954,-6,-4
3954,3955,-6,-2
3955,3956,-6,-2
3956,3957,-6,-2
3957,3958,-6,-2
3958,3959,-6,-2
3959,3960,-6,0
3960,3961,-6,0
3961,3962,-6,-3
3962,3963,-6,-1
3963,3964,-6,-1
3964,3965,-6,0
3965,3966,-6,0
3966,3967,-6,-1
3967,3968,-6,-1
3968,3969,-6,-1
3969,3970,-6,-2
3970,3971,-6,-2
3971,3972,-6,-2
3972,3973,-6,-2
3973,3974,-6,-2
3974,3975,-6,0
3975,3976,-6,-1
3976,3977,-6,-2
3977,3978,-6,-3
3978,3979,-6,-2
3979,3980,-6,-2
3980,3981,-6,-2
3981,3982,-6,-2
3982,3983,-6,-1
3983,3984,-6,-3
3984,3985,-6,-3
3985,3986,-6,-1
3986,3987,-6,-1
3987,3988,-6,-1
3988,3989,-6,-2
3989,3990,-6,-2
3990,3991,-6,-4
3991,3992,-6,-4
3992,3993,-6,-1
3993,3994,-6,-1
3994,3995,-6,-2
3995,3996,-6,-1
3996,3997,-6,-1
3997,3998,-6,0
3998,3999,-6,-1
3999,4000,-6,-1
4000,4001,-6,-1
4001,4002,-6,-1
4002,4003,-6,0
4003,4004,-6,0
4004,4005,-6,-1
4005,4006,-6,-1
4006,4007,-6,-1
4007,4008,-6,-1
4008,4009,-6,-2
4009,4010,-6,-2
4010,4011,-6,-1
4011,4012,-6,-1
4012,4013,-6,-1
4013,4014,-6,0
4014,4015,-6,0
4015,4016,-6,-1
4016,4017,-6,-1
4017,4018,-6,-1
4018,4019,-6,-1
4019,4020,-6,-2
4020,4021,-6,-1
4021,4022,-6,-3
4022,4023,-6,-2
4023,4024,-6,-2
4024,4025,-6,-4
4025,4026,-6,-1
4026,4027,-6,-3
4027,4028,-6,-1
4028,4029,-6,-1
4029,4030,-6,-1
4030,4031,-6,-1
4031,4032,-6,0
4032,4033,-6,-2
4033,4034,-6,-2
4034,4035,-6,-1
4035,4036,-6,-1
4036,4037,-6,-2
4037,4038,-6,-2
4038,4039,-6,-2
4039,4040,-6,-2
4040,4041,-6,-3
4041,4042,-6,-5
4042,4043,-6,-1
4043,4044,-6,-2
4044,4045,-6,-2
4045,4046,-6,-2
4046,4047,-6,-3
4047,4048,-6,-3
4048,4049,-6,-1
4049,4050,-6,0
4050,4051,-6,0
4051,4052,-6,0
4052,4053,-6,0
4053,4054,-6,-1
4054,4055,-6,-2
4055,4056,-6,-1
4056,4057,-6,-1
4057,4058,-6,0
4058,4059,-6,-4
4059,4060,-6,-2
4060,4061,-6,-2
4061,4062,-6,-2
4062,4063,-6,-2
4063,4064,-6,-1
4064,4065,-6,-2
4065,4066,-6,-1
4066,4067,-6,-2
4067,4068,-6,-1
4068,4069,-6,-1
4069,4070,-6,-1
4070,4071,-6,-1
4071,4072,-6,-1
4072,4073,-6,0
4073,4074,-6,-1
4074,4075,-6,-1
4075,4076,-6,0
4076,4077,-6,-2
4077,4078,-6,-2
4078,4079,-6,-1
4079,4080,-6,0
4080,4081,-6,0
4081,4082,-6,0
4082,4083,-6,-1
4083,4084,-6,-2
4084,4085,-6,-2
4085,4086,-6,-2
4086,4087,-6,-1
4087,4088,-6,-1
4088,4089,-6,0
4089,4090,-6,-2
4090,4091,-6,-2
4091,4092,-6,-3
4092,4093,-6,-3
4093,4094,-6,0
4094,4095,-6,0
4095,4096,-6,0
4096,4097,-6,-3
4097,4098,-6,-1
4098,4099,-6,-1
4099,4100,-6,-2
4100,4101,-6,-2
4101,4102,-6,-3
4102,4103,-6,-2
4103,4104,-6,-3
4104,4105,-6,-3
4105,4106,-6,-3
4106,4107,-6,-1
4107,4108,-6,-1
4108,4109,-6,-2
4109,4110,-6,-2
4110,4111,-6,-1
4111,4112,-6,0
4112,4113,-6,0
4113,4114,-6,-1
4114,4115,-6,-1
4115,4116,-6,0
4116,4117,-6,-1
4117,4118,-6,-2
4118,4119,-6,0
4119,4120,-6,-1
4120,4121,-6,-2
4121,4122,-6,-3
4122,4123,-6,-1
4123,4124,-6,-1
4124,4125,-6,-1
4125,4126,-6,-1
4126,4127,-6,-1
4127,4128,-6,-1
4128,4129,-6,-1
4129,4130,-6,-4
4130,4131,-6,-2
4131,4132,-6,-1
4132,4133,-6,-1
4133,4134,-6,-3
4134,4135,-6,-1
4135,4136,-6,-1
4136,4137,-6,-1
4137,4138,-6,-2
4138,4139,-6,-3
4139,4140,-6,-3
4140,4141,-6,-2
4141,4142,-6,-3
4142,4143,-6,-2
4143,4144,-6,-3
4144,4145,-6,-3
4145,4146,-6,-3
4146,4147,-6,-2
4147,4148,-6,-2
4148,4149,-6,0
4149,4150,-6,-2
4150,4151,-6,0
4151,4152,-6,-3
4152,4153,-6,0
4153,4154,-6,0
4154,4155,-6,0
4155,4156,-6,0
4156,4157,-6,0
4157,4158,-6,-1
4158,4159,-6,-2
4159,4160,-6,-2
4160,4161,-6,-2
4161,4162,-6,-4
4162,4163,-6,-4
4163,4164,-6,-4
4164,4165,-6,-2
4165,4166,-6,-3
4166,4167,-6,-2
4167,4168,-6,-2
4168,4169,-6,-1
4169,4170,-6,-1
4170,4171,-6,0
4171,4172,-6,0
4172,4173,-6,0
4173,4174,-6,0
4174,4175,-6,-1
4175,4176,-6,0
4176,4177,-6,-1
4177,4178,-6,-1
4178,4179,-6,-2
4179,4180,-6,-2
4180,4181,-6,-1
4181,4182,-6,-1
4182,4183,-6,-1
4183,4184,-6,-1
4184,4185,-6,-5
4185,4186,-6,-3
4186,4187,-6,-1
4187,4188,-6,-1
4188,4189,-6,-1
4189,4190,-6,-2
4190,4191,-6,-3
4191,4192,-6,-3
4192,4193,-6,-1
4193,4194,-6,-2
4194,4195,-6,-2
4195,4196,-6,-1
4196,4197,-6,-2
4197,4198,-6,-1
4198,4199,-6,-2
4199,4200,-6,-1
4200,4201,-6,-2
4201,4202,-6,-2
4202,4203,-6,-3
4203,4204,-6,-2
4204,4205,-6,-1
4205,4206,-6,-1
4206,4207,-6,-2
4207,4208,-6,-2
4208,4209,-6,-1
4209,4210,-6,-1
4210,4211,-6,-1
4211,4212,-6,-1
4212,4213,-6,0
4213,4214,-6,0
4214,4215,-6,0
4215,4216,-6,-1
4216,4217,-6,0
4217,4218,-6,0
4218,4219,-6,0
4219,4220,-6,0
4220,4221,-6,-1
4221,4222,-6,-1
4222,4223,-6,0
4223,4224,-6,-1
4224,4225,-6,-1
4225,4226,-6,-2
4226,4227,-6,-2
4227,4228,-6,-2
4228,4229,-6,-2
4229,4230,-6,-3
4230,4231,-6,-3
4231,4232,-6,-4
4232,4233,-6,-2
4233,4234,-6,-1
4234,4235,-6,0
4235,4236,-6,0
4236,4237,-6,-1
4237,4238,-6,-1
4238,4239,-6,-1
4239,4240,-6,-1
4240,4241,-6,-1
4241,4242,-6,-1
4242,4243,-6,-1
4243,4244,-6,-2
4244,4245,-6,-1
4245,4246,-6,-1
4246,4247,-6,-2
4247,4248,-6,-2
4248,4249,-6,-2
4249,4250,-6,-2
4250,4251,-6,-2
4251,4252,-6,0
4252,4253,-6,0
4253,4254,-6,-1
4254,4255,-6,-3
4255,4256,-6,-1
4256,4257,-6,-2
4257,4258,-6,-3
4258,4259,-6,-3
4259,4260,-6,-3
4260,4261,-6,-3
4261,4262,-6,-2
4262,4263,-6,-1
4263,4264,-6,-2
4264,4265,-6,-1
4265,4266,-6,-2
4266,4267,-6,-1
4267,4268,-6,-1
4268,4269,-6,-2
4269,4270,-6,-2
4270,4271,-6,-1
4271,4272,-6,-1
4272,4273,-6,-4
4273,4274,-6,-2
4274,4275,-6,-2
4275,4276,-6,-2
4276,4277,-6,-2
4277,4278,-6,-1
4278,4279,-6,-1
4279,4280,-6,-1
4280,4281,-6,-1
4281,4282,-6,-1
4282,4283,-6,-1
4283,4284,-6,-1
4284,4285,-6,-2
4285,4286,-6,-2
4286,4287,-6,-2
4287,4288,-6,-2
4288,4289,-6,-1
4289,4290,-6,-2
4290,4291,-6,-1
4291,4292,-6,-1
4292,4293,-6,-2
4293,4294,-6,-1
4294,4295,-6,-3
4295,4296,-6,-3
4296,4297,-6,-3
4297,4298,-6,-4
4298,4299,-6,-2
4299,4300,-6,-3
4300,4301,-6,0
4301,4302,-6,0
4302,4303,-6,0
4303,4304,-6,0
4304,4305,-6,0
4305,4306,-6,-2
4306,4307,-6,-4
4307,4308,-6,-4
4308,4309,-6,-1
4309,4310,-6,-4
4310,4311,-6,-2
4311,4312,-6,-2
4312,4313,-6,-2
4313,4314,-6,-2
4314,4315,-6,-3
4315,4316,-6,-2
4316,4317,-6,-2
4317,4318,-6,-2
4318,4319,-6,-1
4319,4320,-6,-3
4320,4321,-6,-1
4321,4322,-6,-1
4322,4323,-6,-3
4323,4324,-6,-3
4324,4325,-6,-3
4325,4326,-6,-4
4326,4327,-6,-2
4327,4328,-6,-5
4328,4329,-6,-1
4329,4330,-6,-1
4330,4331,-6,0
4331,4332,-6,0
4332,4333,-6,-1
4333,4334,-6,0
4334,4335,-6,-1
4335,4336,-6,-3
4336,4337,-6,-1
4337,4338,-6,-2
4338,4339,-6,-3
4339,4340,-6,-5
4340,4341,-6,-4
4341,4342,-6,-3
4342,4343,-6,-2
4343,4344,-6,-2
4344,4345,-6,-1
4345,4346,-6,-3
4346,4347,-6,-2
4347,4348,-6,-1
4348,4349,-6,-1
4349,4350,-6,-2
4350,4351,-6,-1
4351,4352,-6,-1
4352,4353,-6,-3
4353,4354,-6,-2
4354,4355,-6,-1
4355,4356,-6,-1
4356,4357,-6,-2
4357,4358,-6,-4
4358,4359,-6,-5
4359,4360,-6,-4
4360,4361,-6,-3
4361,4362,-6,-3
4362,4363,-6,-4
4363,4364,-6,-2
4364,4365,-6,-2
4365,4366,-6,-2
4366,4367,-6,0
4367,4368,-6,-1
4368,4369,-6,-1
4369,4370,-6,-1
4370,4371,-6,-1
4371,4372,-6,-1
4372,4373,-6,-1
4373,4374,-6,-1
4374,4375,-6,-1
4375,4376,-6,-1
4376,4377,-6,-1
4377,4378,-6,0
4378,4379,-6,-1
4379,4380,-6,-1
4380,4381,-6,-1
4381,4382,-6,0
4382,4383,-6,-1
4383,4384,-6,-1
4384,4385,-6,-1
4385,4386,-6,-1
4386,4387,-6,-1
4387,4388,-6,0
4388,4389,-6,0
4389,4390,-6,-1
4390,4391,-6,-2
4391,4392,-6,-1
4392,4393,-6,-1
4393,4394,-6,-5
4394,4395,-6,-5
4395,4396,-6,-3
4396,4397,-6,-1
4397,4398,-6,0
4398,4399,-6,0
4399,4400,-6,0
4400,4401,-6,0
4401,4402,-6,0
4402,4403,-6,0
4403,4404,-6,-1
4404,4405,-6,0
4405,4406,-6,-1
4406,4407,-6,0
4407,4408,-6,0
4408,4409,-6,-1
4409,4410,-6,0
4410,4411,-6,-1
4411,4412,-6,0
4412,4413,-6,0
4413,4414,-6,-1
4414,4415,-6,0
4415,4416,-6,-2
4416,4417,-6,-3
4417,4418,-6,-2
4418,4419,-6,-1
4419,4420,-6,0
4420,4421,-6,-1
4421,4422,-6,-1
4422,4423,-6,-3
4423,4424,-6,-3
4424,4425,-6,-2
4425,4426,-6,-2
4426,4427,-6,-4
4427,4428,-6,-4
4428,4429,-6,-3
4429,4430,-6,-2
4430,4431,-6,-2
4431,4432,-6,-2
4432,4433,-6,-2
4433,4434,-6,-3
4434,4435,-6,-3
4435,4436,-6,-2
4436,4437,-6,-2
4437,4438,-6,-1
4438,4439,-6,-2
4439,4440,-6,-1
4440,4441,-6,-1
4441,4442,-6,-1
4442,4443,-6,-2
4443,4444,-6,-1
4444,4445,-6,-3
4445,4446,-6,-3
4446,4447,-6,-3
4447,4448,-6,-4
4448,4449,-6,-5
4449,4450,-6,-2
4450,4451,-6,-3
4451,4452,-6,-1
4452,4453,-6,-1
4453,4454,-6,-1
4454,4455,-6,-1
4455,4456,-6,-1
4456,4457,-6,-2
4457,4458,-6,0
4458,4459,-6,-1
4459,4460,-6,-1
4460,4461,-6,-1
4461,4462,-6,0
4462,4463,-6,-1
4463,4464,-6,0
4464,4465,-6,-1
4465,4466,-6,-2
4466,4467,-6,-1
4467,4468,-6,-2
4468,4469,-6,-2
4469,4470,-6,-1
4470,4471,-6,-1
4471,4472,-6,0
4472,4473,-6,0
4473,4474,-6,-2
4474,4475,-6,-1
4475,4476,-6,-1
4476,4477,-6,-2
4477,4478,-6,-3
4478,4479,-6,-3
4479,4480,-6,-1
4480,4481,-6,-4
4481,4482,-6,-2
4482,4483,-6,-2
4483,4484,-6,-2
4484,4485,-6,-1
4485,4486,-6,-1
4486,4487,-6,-1
4487,4488,-6,-2
4488,4489,-6,-1
4489,4490,-6,-2
4490,4491,-6,-1
4491,4492,-6,-1
4492,4493,-6,-1
4493,4494,-6,0
4494,4495,-6,0
4495,4496,-6,0
4496,4497,-6,-1
4497,4498,-6,-1
4498,4499,-6,-1
4499,4500,-6,-2
4500,4501,-6,-2
4501,4502,-6,-2
4502,4503,-6,-2
4503,4504,-6,-1
4504,4505,-6,-1
4505,4506,-6,0
4506,4507,-6,-1
4507,4508,-6,-1
4508,4509,-6,-2
4509,4510,-6,-2
4510,4511,-6,-4
4511,4512,-6,-4
4512,4513,-6,-4
4513,4514,-6,-5
4514,4515,-6,-3
4515,4516,-6,-3
4516,4517,-6,-2
4517,4518,-6,-2
4518,4519,-6,-3
4519,4520,-6,-2
4520,4521,-6,-1
4521,4522,-6,0
4522,4523,-6,0
4523,4524,-6,-3
4524,4525,-6,-2
4525,4526,-6,-2
4526,4527,-6,0
4527,4528,-6,-2
4528,4529,-6,-1
4529,4530,-6,0
4530,4531,-6,-3
4531,4532,-6,-3
4532,4533,-6,-1
4533,4534,-6,-1
4534,4535,-6,-1
4535,4536,-6,-3
4536,4537,-6,-2
4537,4538,-6,-3
4538,4539,-6,-3
4539,4540,-6,-3
4540,4541,-6,-2
4541,4542,-6,-2
4542,4543,-6,-2
4543,4544,-6,-3
4544,4545,-6,-3
4545,4546,-6,-1
4546,4547,-6,-2
4547,4548,-6,-3
4548,4549,-6,-1
4549,4550,-6,-2
4550,4551,-6,0
4551,4552,-6,0
4552,4553,-6,-1
4553,4554,-6,-1
4554,4555,-6,-1
4555,4556,-6,-2
4556,4557,-6,-2
4557,4558,-6,-2
4558,4559,-6,-2
4559,4560,-6,-2
4560,4561,-6,-1
4561,4562,-6,-1
4562,4563,-6,-1
4563,4564,-6,-1
4564,4565,-6,-2
4565,4566,-6,-2
4566,4567,-6,-1
4567,4568,-6,-1
4568,4569,-6,0
4569,4570,-6,0
4570,4571,-6,0
4571,4572,-6,-1
4572,4573,-6,-1
4573,4574,-6,-2
4574,4575,-6,-1
4575,4576,-6,-1
4576,4577,-6,-1
4577,4578,-6,-4
4578,4579,-6,-2
4579,4580,-6,-2
4580,4581,-6,0
4581,4582,-6,-1
4582,4583,-6,-2
4583,4584,-6,-2
4584,4585,-6,-1
4585,4586,-6,0
4586,4587,-6,-1
4587,4588,-6,-2
4588,4589,-6,-1
4589,4590,-6,-2
4590,4591,-6,-2
4591,4592,-6,-1
4592,4593,-6,-1
4593,4594,-6,-1
4594,4595,-6,-2
4595,4596,-6,0
4596,4597,-6,-1
4597,4598,-6,-1
4598,4599,-6,-2
4599,4600,-6,-2
4600,4601,-6,-2
4601,4602,-6,-3
4602,4603,-6,-3
4603,4604,-6,-2
4604,4605,-6,-1
4605,4606,-6,-2
4606,4607,-6,-2
4607,4608,-6,-3
4608,4609,-6,-3
4609,4610,-6,-3
4610,4611,-6,-3
4611,4612,-6,-4
4612,4613,-6,-2
4613,4614,-6,-2
4614,4615,-6,-3
4615,4616,-6,-3
4616,4617,-6,-2
4617,4618,-6,-2
4618,4619,-6,-2
4619,4620,-6,-2
4620,4621,-6,-3
4621,4622,-6,-3
4622,4623,-6,-2
4623,4624,-6,-5
4624,4625,-6,-5
4625,4626,-6,-2
4626,4627,-6,0
4627,4628,-6,-1
4628,4629,-6,0
4629,4630,-6,-3
4630,4631,-6,-2
4631,4632,-6,-3
4632,4633,-6,-3
4633,4634,-6,-4
4634,4635,-6,-3
4635,4636,-6,-1
4636,4637,-6,-3
4637,4638,-6,-2
4638,4639,-6,-1
4639,4640,-6,-1
4640,4641,-6,-2
4641,4642,-6,-2
4642,4643,-6,-1
4643,4644,-6,-1
4644,4645,-6,-4
4645,4646,-6,-2
4646,4647,-6,-3
4647,4648,-6,-2
4648,4649,-6,-1
4649,4650,-6,-2
4650,4651,-6,-2
4651,4652,-6,-2
4652,4653,-6,-2
4653,4654,-6,-2
4654,4655,-6,-2
4655,4656,-6,-2
4656,4657,-6,-2
4657,4658,-6,-2
4658,4659,-6,-1
4659,4660,-6,0
4660,4661,-6,0
4661,4662,-6,-2
4662,4663,-6,-2
4663,4664,-6,0
4664,4665,-6,0
4665,4666,-6,0
4666,4667,-6,-1
4667,4668,-6,-1
4668,4669,-6,-2
4669,4670,-6,-2
4670,4671,-6,-1
4671,4672,-6,-2
4672,4673,-6,-3
4673,4674,-6,-3
4674,4675,-6,-1
4675,4676,-6,-2
4676,4677,-6,-2
4677,4678,-6,-1
4678,4679,-6,-1
4679,4680,-6,0
4680,4681,-6,0
4681,4682,-6,-1
4682,4683,-6,-3
4683,4684,-6,-2
4684,4685,-6,-2
4685,4686,-6,-1
4686,4687,-6,-3
4687,4688,-6,-2
4688,4689,-6,-2
4689,4690,-6,-2
4690,4691,-6,-2
4691,4692,-6,-3
4692,4693,-6,-1
4693,4694,-6,0
4694,4695,-6,-1
4695,4696,-6,-2
4696,4697,-6,-2
4697,4698,-6,-1
4698,4699,-6,-1
4699,4700,-6,-2
4700,4701,-6,-2
4701,4702,-6,-2
4702,4703,-6,-2
4703,4704,-6,-2
4704,4705,-6,-2
4705,4706,-6,-1
4706,4707,-6,0
4707,4708,-6,0
4708,4709,-6,-3
4709,4710,-6,-3
4710,4711,-6,-2
4711,4712,-6,-1
4712,4713,-6,-2
4713,4714,-6,-2
4714,4715,-6,-1
4715,4716,-6,-3
4716,4717,-6,-2
4717,4718,-6,-2
4718,4719,-6,-1
4719,4720,-6,-1
4720,4721,-6,-2
4721,4722,-6,-1
4722,4723,-6,-2
4723,4724,-6,-1
4724,4725,-6,-1
4725,4726,-6,-2
4726,4727,-6,-2
4727,4728,-6,-2
4728,4729,-6,-3
4729,4730,-6,-2
4730,4731,-6,-3
4731,4732,-6,-3
4732,4733,-6,-2
4733,4734,-6,-2
4734,4735,-6,-2
4735,4736,-6,-3
4736,4737,-6,-1
4737,4738,-6,0
4738,4739,-6,0
4739,4740,-6,0
4740,4741,-6,-1
4741,4742,-6,0
4742,4743,-6,0
4743,4744,-6,0
4744,4745,-6,0
4745,4746,-6,-1
4746,4747,-6,-1
4747,4748,-6,-1
4748,4749,-6,-4
4749,4750,-6,-3
4750,4751,-6,-4
4751,4752,-6,-2
4752,4753,-6,-1
4753,4754,-6,-1
4754,4755,-6,0
4755,4756,-6,-1
4756,4757,-6,-1
4757,4758,-6,-1
4758,4759,-6,-1
4759,4760,-6,-2
4760,4761,-6,-2
4761,4762,-6,-2
4762,4763,-6,-2
4763,4764,-6,-1
4764,4765,-6,-2
4765,4766,-6,-2
4766,4767,-6,-1
4767,4768,-6,-1
4768,4769,-6,-2
4769,4770,-6,-2
4770,4771,-6,-2
4771,4772,-6,-1
4772,4773,-6,0
4773,4774,-6,-1
4774,4775,-6,-2
4775,4776,-6,-2
4776,4777,-6,-1
4777,4778,-6,-1
4778,4779,-6,-1
4779,4780,-6,-1
4780,4781,-6,-3
4781,4782,-6,-5
4782,4783,-6,-4
4783,4784,-6,-1
4784,4785,-6,-2
4785,4786,-6,-2
4786,4787,-6,-1
4787,4788,-6,-1
4788,4789,-6,-1
4789,4790,-6,0
4790,4791,-6,0
4791,4792,-6,0
4792,4793,-6,-1
4793,4794,-6,-1
4794,4795,-6,-1
4795,4796,-6,0
4796,4797,-6,-1
4797,4798,-6,-1
4798,4799,-6,-2
4799,4800,-6,-2
4800,4801,-6,-1
4801,4802,-6,-2
4802,4803,-6,-2
4803,4804,-6,-2
4804,4805,-6,-2
4805,4806,-6,-2
4806,4807,-6,-1
4807,4808,-6,-4
4808,4809,-6,-2
4809,4810,-6,-2
4810,4811,-6,-2
4811,4812,-6,-2
4812,4813,-6,-1
4813,4814,-6,-2
4814,4815,-6,-2
4815,4816,-6,-1
4816,4817,-6,-2
4817,4818,-6,-1
4818,4819,-6,-1
4819,4820,-6,-1
4820,4821,-6,-3
4821,4822,-6,-3
4822,4823,-6,-2
4823,4824,-6,0
4824,4825,-6,-1
4825,4826,-6,0
4826,4827,-6,-2
4827,4828,-6,-2
4828,4829,-6,-2
4829,4830,-6,-2
4830,4831,-6,-2
4831,4832,-6,-3
4832,4833,-6,-3
4833,4834,-6,-1
4834,4835,-6,-1
4835,4836,-6,-1
4836,4837,-6,-1
4837,4838,-6,-2
4838,4839,-6,-4
4839,4840,-6,-1
4840,4841,-6,-1
4841,4842,-6,-3
4842,4843,-6,-3
4843,4844,-6,-1
4844,4845,-6,-2
4845,4846,-6,-2
4846,4847,-6,-2
4847,4848,-6,-2
4848,4849,-6,-1
4849,4850,-6,-1
4850,4851,-6,-1
4851,4852,-6,-2
4852,4853,-6,-1
4853,4854,-6,-1
4854,4855,-6,-1
4855,4856,-6,-2
4856,4857,-6,-1
4857,4858,-6,-1
4858,4859,-6,0
4859,4860,-6,-1
4860,4861,-6,-2
4861,4862,-6,-2
4862,4863,-6,-2
4863,4864,-6,-3
4864,4865,-6,-2
4865,4866,-6,0
4866,4867,-6,-1
4867,4868,-6,-2
4868,4869,-6,-1
4869,4870,-6,-1
4870,4871,-6,-1
4871,4872,-6,-1
4872,4873,-6,-1
4873,4874,-6,0
4874,4875,-6,-2
4875,4876,-6,-1
4876,4877,-6,-1
4877,4878,-6,-2
4878,4879,-6,-1
4879,4880,-6,-1
4880,4881,-6,0
4881,4882,-6,-1
4882,4883,-6,-1
4883,4884,-6,-2
4884,4885,-6,-2
4885,4886,-6,-1
4886,4887,-6,-3
4887,4888,-6,-3
4888,4889,-6,-2
4889,4890,-6,-2
4890,4891,-6,-1
4891,4892,-6,-1
4892,4893,-6,-1
4893,4894,-6,-1
4894,4895,-6,-1
4895,4896,-6,-2
4896,4897,-6,-2
4897,4898,-6,-2
4898,4899,-6,-3
4899,4900,-6,-3
4900,4901,-6,-4
4901,4902,-6,-3
4902,4903,-6,-4
4903,4904,-6,-4
4904,4905,-6,-3
4905,4906,-6,-3
4906,4907,-6,-3
4907,4908,-6,-3
4908,4909,-6,-2
4909,4910,-6,-2
4910,4911,-6,-2
4911,4912,-6,-1
4912,4913,-6,-1
4913,4914,-6,-2
4914,4915,-6,-2
4915,4916,-6,-1
4916,4917,-6,0
4917,4918,-6,-1
4918,4919,-6,-1
4919,4920,-6,-2
4920,4921,-6,-1
4921,4922,-6,-2
4922,4923,-6,-2
4923,4924,-6,-2
4924,4925,-6,-1
4925,4926,-6,-1
4926,4927,-6,-1
4927,4928,-6,-1
4928,4929,-6,0
4929,4930,-6,0
4930,4931,-6,-1
4931,4932,-6,0
4932,4933,-6,0
4933,4934,-6,-2
4934,4935,-6,-1
4935,4936,-6,0
4936,4937,-6,0
4937,4938,-6,-1
4938,4939,-6,-1
4939,4940,-6,-1
4940,4941,-6,-2
4941,4942,-6,-2
4942,4943,-6,-1
4943,4944,-6,-2
4944,4945,-6,-2
4945,4946,-6,-4
4946,4947,-6,-2
4947,4948,-6,-2
4948,4949,-6,-2
4949,4950,-6,-2
4950,4951,-6,-2
4951,4952,-6,-3
4952,4953,-6,-5
4953,4954,-6,-3
4954,4955,-6,-2
4955,4956,-6,-4
4956,4957,-6,-2
4957,4958,-6,-2
4958,4959,-6,-2
4959,4960,-6,0
4960,4961,-6,0
4961,4962,-6,-1
4962,4963,-6,0
4963,4964,-6,-2
4964,4965,-6,-2
4965,4966,-6,-2
4966,4967,-6,-2
4967,4968,-6,-2
4968,4969,-6,-1
4969,4970,-6,-4
4970,4971,-6,-2
4971,4972,-6,-4
4972,4973,-6,-4
4973,4974,-6,-2
4974,4975,-6,-1
4975,4976,-6,-2
4976,4977,-6,-1
4977,4978,-6,-1
4978,4979,-6,0
4979,4980,-6,0
4980,4981,-6,0
4981,4982,-6,0
4982,4983,-6,-2
4983,4984,-6,-4
4984,4985,-6,-2
4985,4986,-6,-2
4986,4987,-6,-1
4987,4988,-6,-2
4988,4989,-6,-2
4989,4990,-6,-1
4990,4991,-6,0
4991,4992,-6,-1
4992,4993,-6,-1
4993,4994,-6,-1
4994,4995,-6,-1
4995,4996,-6,-1
4996,4997,-6,-2
4997,4998,-6,-2
4998,4999,-6,-2
4999,5000,-6,-2
5000,5001,-6,-4
5001,5002,-6,-3
