1,2,8,9
2,3,8,9
3,4,8,8
4,5,8,9
5,6,8,8
6,7,8,8
7,8,8,8
8,9,8,9
9,10,8,10
10,11,8,8
11,12,8,8
12,13,8,8
13,14,8,8
14,15,8,8
15,16,8,8
16,17,8,9
17,18,8,9
18,19,8,9
19,20,8,10
20,21,8,10
21,22,8,9
22,23,8,10
23,24,8,10
24,25,8,9
25,26,8,10
26,27,8,9
27,28,8,8
28,29,8,10
29,30,8,8
30,31,8,7
31,32,7,8
32,33,7,8
33,34,7,9
34,35,7,9
35,36,7,9
36,37,7,9
37,38,7,10
38,39,7,10
39,40,7,9
40,41,7,9
41,42,7,8
42,43,7,7
43,44,7,7
44,45,7,9
45,46,7,10
46,47,7,9
47,48,7,8
48,49,7,8
49,50,7,8
50,51,7,8
51,52,7,9
52,53,7,7
53,54,7,9
54,55,7,8
55,56,7,8
56,57,7,9
57,58,7,9
58,59,7,10
59,60,7,8
60,61,7,8
61,62,7,9
62,63,7,9
63,64,7,10
64,65,7,10
65,66,7,10
66,67,7,10
67,68,7,10
68,69,7,9
69,70,7,7
70,71,7,8
71,72,7,9
72,73,7,8
73,74,7,8
74,75,7,8
75,76,7,7
76,77,7,8
77,78,7,8
78,79,7,8
79,80,7,8
80,81,7,9
81,82,7,9
82,83,7,9
83,84,7,8
84,85,7,8
85,86,7,8
86,87,7,8
87,88,7,9
88,89,7,8
89,90,7,7
90,91,7,8
91,92,7,8
92,93,7,9
93,94,7,9
94,95,7,9
95,96,7,8
96,97,7,9
97,98,7,9
98,99,7,8
99,100,7,8
100,101,7,9
101,102,7,9
102,103,7,9
103,104,7,9
104,105,7,9
105,106,7,9
106,107,7,9
107,108,7,9
108,109,7,9
109,110,7,9
110,111,7,8
111,112,7,10
112,113,7,9
113,114,7,9
114,115,7,9
115,116,7,8
116,117,7,9
117,118,7,8
118,119,7,9
119,120,7,9
120,121,7,9
121,122,7,9
122,123,7,8
123,124,7,8
124,125,7,8
125,126,7,9
126,127,7,8
127,128,7,9
128,129,7,10
129,130,7,9
130,131,7,9
131,132,7,8
132,133,7,9
133,134,7,9
134,135,7,10
135,136,7,9
136,137,7,8
137,138,7,8
138,139,7,9
139,140,7,9
140,141,7,9
141,142,7,9
142,143,7,9
143,144,7,9
144,145,7,9
145,146,7,8
146,147,7,7
147,148,7,8
148,149,7,8
149,150,7,7
150,151,7,8
151,152,7,8
152,153,7,8
153,154,7,9
154,155,7,10
155,156,7,10
156,157,7,10
157,158,7,9
158,159,7,9
159,160,7,9
160,161,7,9
161,162,7,9
162,163,7,9
163,164,7,8
164,165,7,7
165,166,7,9
166,167,7,8
167,168,7,7
168,169,7,7
169,170,7,7
170,171,7,8
171,172,7,8
172,173,7,8
173,174,7,8
174,175,7,8
175,176,7,9
176,177,7,8
177,178,7,8
178,179,7,9
179,180,7,9
180,181,7,8
181,182,7,9
182,183,7,10
183,184,7,9
184,185,7,9
185,186,7,9
186,187,7,10
187,188,7,10
188,189,7,9
189,190,7,7
190,191,7,8
191,192,7,8
192,193,7,8
193,194,7,8
194,195,7,8
195,196,7,8
196,197,7,9
197,198,7,9
198,199,7,8
199,200,7,9
200,201,7,10
201,202,7,9
202,203,7,9
203,204,7,8
204,205,7,8
205,206,7,8
206,207,7,7
207,208,7,8
208,209,7,8
209,210,7,8
210,211,7,8
211,212,7,8
212,213,7,8
213,214,7,8
214,215,7,8
215,216,7,8
216,217,7,9
217,218,7,9
218,219,7,9
219,220,7,8
220,221,7,9
221,222,7,8
222,223,7,9
223,224,7,9
224,225,7,8
225,226,7,8
226,227,7,9
227,228,7,9
228,229,7,8
229,230,7,8
230,231,7,8
231,232,7,8
232,233,7,8
233,234,7,9
234,235,7,9
235,236,7,8
236,237,7,9
237,238,7,9
238,239,7,8
239,240,7,9
240,241,7,8
241,242,7,8
242,243,7,8
243,244,7,8
244,245,7,8
245,246,7,8
246,247,7,9
247,248,7,9
248,249,7,8
249,250,7,8
250,251,7,8
251,252,7,8
252,253,7,8
253,254,7,8
254,255,7,9
255,256,7,9
256,257,7,9
257,258,7,9
258,259,7,8
259,260,7,9
260,261,7,8
261,262,7,9
262,263,7,8
263,264,7,9
264,265,7,8
265,266,7,9
266,267,7,9
267,268,7,9
268,269,7,9
269,270,7,9
270,271,7,8
271,272,7,9
272,273,7,8
273,274,7,8
274,275,7,7
275,276,7,8
276,277,7,8
277,278,7,8
278,279,7,8
279,280,7,8
280,281,7,9
281,282,7,9
282,283,7,9
283,284,7,8
284,285,7,9
285,286,7,9
286,287,7,9
287,288,7,8
288,289,7,8
289,290,7,8
290,291,7,9
291,292,7,7
292,293,7,10
293,294,7,8
294,295,7,9
295,296,7,8
296,297,7,8
297,298,7,9
298,299,7,9
299,300,7,10
300,301,7,9
301,302,7,9
302,303,7,10
303,304,7,9
304,305,7,8
305,306,7,8
306,307,7,9
307,308,7,9
308,309,7,8
309,310,7,8
310,311,7,9
311,312,7,9
312,313,7,9
313,314,7,9
314,315,7,8
315,316,7,10
316,317,7,8
317,318,7,8
318,319,7,9
319,320,7,8
320,321,7,8
321,322,7,9
322,323,7,9
323,324,7,8
324,325,7,8
325,326,7,7
326,327,7,7
327,328,7,8
328,329,7,8
329,330,7,8
330,331,7,8
331,332,7,8
332,333,7,10
333,334,7,10
334,335,7,9
335,336,7,9
336,337,7,10
337,338,7,10
338,339,7,8
339,340,7,8
340,341,7,9
341,342,7,9
342,343,7,9
343,344,7,9
344,345,7,9
345,346,7,9
346,347,7,8
347,348,7,9
348,349,7,8
349,350,7,8
350,351,7,9
351,352,7,9
352,353,7,9
353,354,7,8
354,355,7,8
355,356,7,8
356,357,7,8
357,358,7,9
358,359,7,9
359,360,7,9
360,361,7,8
361,362,7,9
362,363,7,8
363,364,7,8
364,365,7,9
365,366,7,8
366,367,7,9
367,368,7,10
368,369,7,8
369,370,7,8
370,371,7,10
371,372,7,9
372,373,7,9
373,374,7,8
374,375,7,8
375,376,7,9
376,377,7,8
377,378,7,8
378,379,7,9
379,380,7,10
380,381,7,10
381,382,7,9
382,383,7,9
383,384,7,9
384,385,7,9
385,386,7,9
386,387,7,9
387,388,7,9
388,389,7,8
389,390,7,8
390,391,7,8
391,392,7,7
392,393,7,8
393,394,7,8
394,395,7,8
395,396,7,8
396,397,7,8
397,398,7,10
398,399,7,10
399,400,7,10
400,401,7,10
401,402,7,8
402,403,7,8
403,404,7,9
404,405,7,8
405,406,7,8
406,407,7,7
407,408,7,8
408,409,7,8
409,410,7,8
410,411,7,8
411,412,7,8
412,413,7,8
413,414,7,8
414,415,7,8
415,416,7,9
416,417,7,10
417,418,7,8
418,419,7,8
419,420,7,8
420,421,7,9
421,422,7,9
422,423,7,8
423,424,7,8
424,425,7,8
425,426,7,9
426,427,7,9
427,428,7,8
428,429,7,9
429,430,7,9
430,431,7,9
431,432,7,8
432,433,7,10
433,434,7,10
434,435,7,9
435,436,7,8
436,437,7,10
437,438,7,9
438,439,7,9
439,440,7,8
440,441,7,8
441,442,7,8
442,443,7,8
443,444,7,8
444,445,7,9
445,446,7,9
446,447,7,8
447,448,7,8
448,449,7,8
449,450,7,7
450,451,7,8
451,452,7,8
452,453,7,8
453,454,7,8
454,455,7,8
455,456,7,8
456,457,7,8
457,458,7,9
458,459,7,8
459,460,7,8
460,461,7,8
461,462,7,8
462,463,7,8
463,464,7,8
464,465,7,9
465,466,7,9
466,467,7,8
467,468,7,8
468,469,7,8
469,470,7,8
470,471,7,8
471,472,7,8
472,473,7,9
473,474,7,8
474,475,7,8
475,476,7,9
476,477,7,8
477,478,7,9
478,479,7,9
479,480,7,9
480,481,7,8
481,482,7,8
482,483,7,9
483,484,7,10
484,485,7,8
485,486,7,8
486,487,7,9
487,488,7,9
488,489,7,10
489,490,7,9
490,491,7,8
491,492,7,9
492,493,7,9
493,494,7,8
494,495,7,9
495,496,7,9
496,497,7,10
497,498,7,9
498,499,7,9
499,500,7,9
500,501,7,8
501,502,7,9
502,503,7,9
503,504,7,9
504,505,7,9
505,506,7,10
506,507,7,9
507,508,7,9
508,509,7,9
509,510,7,9
510,511,7,9
511,512,7,8
512,513,7,9
513,514,7,9
514,515,7,9
515,516,7,8
516,517,7,8
517,518,7,8
518,519,7,9
519,520,7,8
520,521,7,8
521,522,7,8
522,523,7,8
523,524,7,8
524,525,7,8
525,526,7,8
526,527,7,9
527,528,7,9
528,529,7,9
529,530,7,9
530,531,7,9
531,532,7,8
532,533,7,8
533,534,7,9
534,535,7,8
535,536,7,8
536,537,7,9
537,538,7,10
538,539,7,10
539,540,7,10
540,541,7,9
541,542,7,8
542,543,7,9
543,544,7,9
544,545,7,8
545,546,7,9
546,547,7,9
547,548,7,9
548,549,7,9
549,550,7,8
550,551,7,8
551,552,7,8
552,553,7,10
553,554,7,9
554,555,7,9
555,556,7,9
556,557,7,10
557,558,7,9
558,559,7,9
559,560,7,10
560,561,7,10
561,562,7,10
562,563,7,10
563,564,7,9
564,565,7,9
565,566,7,8
566,567,7,9
567,568,7,9
568,569,7,9
569,570,7,9
570,571,7,9
571,572,7,10
572,573,7,10
573,574,7,10
574,575,7,9
575,576,7,9
576,577,7,9
577,578,7,9
578,579,7,9
579,580,7,9
580,581,7,8
581,582,7,7
582,583,7,8
583,584,7,8
584,585,7,9
585,586,7,8
586,587,7,9
587,588,7,8
588,589,7,8
589,590,7,9
590,591,7,8
591,592,7,8
592,593,7,9
593,594,7,9
594,595,7,9
595,596,7,8
596,597,7,9
597,598,7,9
598,599,7,8
599,600,7,10
600,601,7,9
601,602,7,9
602,603,7,8
603,604,7,8
604,605,7,8
605,606,7,9
606,607,7,10
607,608,7,9
608,609,7,9
609,610,7,9
610,611,7,9
611,612,7,9
612,613,7,9
613,614,7,9
614,615,7,9
615,616,7,9
616,617,7,9
617,618,7,8
618,619,7,8
619,620,7,8
620,621,7,8
621,622,7,8
622,623,7,7
623,624,7,8
624,625,7,8
625,626,7,8
626,627,7,9
627,628,7,9
628,629,7,8
629,630,7,8
630,631,7,8
631,632,7,9
632,633,7,8
633,634,7,8
634,635,7,9
635,636,7,9
636,637,7,9
637,638,7,8
638,639,7,9
639,640,7,8
640,641,7,9
641,642,7,8
642,643,7,8
643,644,7,7
644,645,7,8
645,646,7,7
646,647,7,7
647,648,7,9
648,649,7,9
649,650,7,9
650,651,7,9
651,652,7,9
652,653,7,8
653,654,7,9
654,655,7,8
655,656,7,8
656,657,7,8
657,658,7,9
658,659,7,8
659,660,7,9
660,661,7,8
661,662,7,9
662,663,7,8
663,664,7,8
664,665,7,8
665,666,7,9
666,667,7,9
667,668,7,9
668,669,7,10
669,670,7,9
670,671,7,9
671,672,7,10
672,673,7,9
673,674,7,9
674,675,7,10
675,676,7,8
676,677,7,8
677,678,7,8
678,679,7,7
679,680,7,8
680,681,7,9
681,682,7,8
682,683,7,7
683,684,7,9
684,685,7,9
685,686,7,9
686,687,7,8
687,688,7,8
688,689,7,8
689,690,7,9
690,691,7,8
691,692,7,7
692,693,7,8
693,694,7,8
694,695,7,9
695,696,7,8
696,697,7,8
697,698,7,8
698,699,7,9
699,700,7,8
700,701,7,7
701,702,7,8
702,703,7,8
703,704,7,8
704,705,7,9
705,706,7,9
706,707,7,8
707,708,7,8
708,709,7,7
709,710,7,8
710,711,7,8
711,712,7,9
712,713,7,10
713,714,7,10
714,715,7,10
715,716,7,9
716,717,7,9
717,718,7,9
718,719,7,9
719,720,7,9
720,721,7,9
721,722,7,9
722,723,7,8
723,724,7,8
724,725,7,8
725,726,7,8
726,727,7,9
727,728,7,9
728,729,7,9
729,730,7,9
730,731,7,8
731,732,7,8
732,733,7,8
733,734,7,9
734,735,7,8
735,736,7,9
736,737,7,8
737,738,7,8
738,739,7,8
739,740,7,8
740,741,7,9
741,742,7,9
742,743,7,9
743,744,7,9
744,745,7,8
745,746,7,9
746,747,7,9
747,748,7,10
748,749,7,10
749,750,7,8
750,751,7,10
751,752,7,10
752,753,7,10
753,754,7,9
754,755,7,8
755,756,7,9
756,757,7,8
757,758,7,9
758,759,7,10
759,760,7,9
760,761,7,9
761,762,7,9
762,763,7,9
763,764,7,8
764,765,7,9
765,766,7,9
766,767,7,8
767,768,7,8
768,769,7,9
769,770,7,9
770,771,7,9
771,772,7,8
772,773,7,9
773,774,7,8
774,775,7,8
775,776,7,8
776,777,7,10
777,778,7,10
778,779,7,8
779,780,7,9
780,781,7,9
781,782,7,9
782,783,7,9
783,784,7,8
784,785,7,8
785,786,7,9
786,787,7,8
787,788,7,8
788,789,7,8
789,790,7,9
790,791,7,9
791,792,7,9
792,793,7,8
793,794,7,10
794,795,7,10
795,796,7,8
796,797,7,8
797,798,7,8
798,799,7,9
799,800,7,8
800,801,7,9
801,802,7,8
802,803,7,8
803,804,7,8
804,805,7,8
805,806,7,8
806,807,7,8
807,808,7,9
808,809,7,9
809,810,7,9
810,811,7,9
811,812,7,9
812,813,7,9
813,814,7,8
814,815,7,8
815,816,7,8
816,817,7,8
817,818,7,9
818,819,7,8
819,820,7,8
820,821,7,8
821,822,7,9
822,823,7,9
823,824,7,10
824,825,7,10
825,826,7,8
826,827,7,7
827,828,7,8
828,829,7,7
829,830,7,7
830,831,7,8
831,832,7,7
832,833,7,8
833,834,7,8
834,835,7,8
835,836,7,9
836,837,7,9
837,838,7,9
838,839,7,8
839,840,7,8
840,841,7,9
841,842,7,8
842,843,7,8
843,844,7,8
844,845,7,9
845,846,7,9
846,847,7,9
847,848,7,9
848,849,7,8
849,850,7,9
850,851,7,8
851,852,7,8
852,853,7,9
853,854,7,8
854,855,7,9
855,856,7,9
856,857,7,10
857,858,7,10
858,859,7,8
859,860,7,8
860,861,7,8
861,862,7,8
862,863,7,10
863,864,7,10
864,865,7,9
865,866,7,10
866,867,7,10
867,868,7,10
868,869,7,8
869,870,7,9
870,871,7,8
871,872,7,7
872,873,7,8
873,874,7,10
874,875,7,9
875,876,7,8
876,877,7,8
877,878,7,8
878,879,7,8
879,880,7,8
880,881,7,8
881,882,7,9
882,883,7,9
883,884,7,8
884,885,7,8
885,886,7,9
886,887,7,9
887,888,7,9
888,889,7,8
889,890,7,8
890,891,7,8
891,892,7,8
892,893,7,8
893,894,7,8
894,895,7,8
895,896,7,8
896,897,7,7
897,898,7,7
898,899,7,7
899,900,7,9
900,901,7,9
901,902,7,8
902,903,7,7
903,904,7,7
904,905,7,8
905,906,7,8
906,907,7,8
907,908,7,8
908,909,7,9
909,910,7,8
910,911,7,9
911,912,7,8
912,913,7,8
913,914,7,7
914,915,7,7
915,916,7,7
916,917,7,7
917,918,7,7
918,919,7,7
919,920,7,8
920,921,7,8
921,922,7,9
922,923,7,9
923,924,7,9
924,925,7,9
925,926,7,9
926,927,7,8
927,928,7,8
928,929,7,8
929,930,7,8
930,931,7,8
931,932,7,8
932,933,7,8
933,934,7,9
934,935,7,9
935,936,7,9
936,937,7,10
937,938,7,9
938,939,7,8
939,940,7,8
940,941,7,9
941,942,7,8
942,943,7,10
943,944,7,9
944,945,7,9
945,946,7,9
946,947,7,8
947,948,7,9
948,949,7,9
949,950,7,8
950,951,7,8
951,952,7,8
952,953,7,9
953,954,7,9
954,955,7,9
955,956,7,9
956,957,7,9
957,958,7,8
958,959,7,9
959,960,7,8
960,961,7,8
961,962,7,8
962,963,7,8
963,964,7,9
964,965,7,9
965,966,7,9
966,967,7,9
967,968,7,9
968,969,7,8
969,970,7,9
970,971,7,9
971,972,7,9
972,973,7,9
973,974,7,9
974,975,7,9
975,976,7,8
976,977,7,8
977,978,7,8
978,979,7,8
979,980,7,9
980,981,7,8
981,982,7,8
982,983,7,8
983,984,7,7
984,985,7,7
985,986,7,9
986,987,7,8
987,988,7,7
988,989,7,7
989,990,7,7
990,991,7,8
991,992,7,8
992,993,7,10
993,994,7,8
994,995,7,9
995,996,7,7
996,997,7,9
997,998,7,9
998,999,7,9
999,1000,7,9
1000,1001,7,9
1001,1002,7,7
1002,1003,7,9
1003,1004,7,9
1004,1005,7,9
1005,1006,7,9
1006,1007,7,8
1007,1008,7,9
1008,1009,7,9
1009,1010,7,8
1010,1011,7,9
1011,1012,7,9
1012,1013,7,9
1013,1014,7,9
1014,1015,7,9
1015,1016,7,9
1016,1017,7,9
1017,1018,7,9
1018,1019,7,9
1019,1020,7,9
1020,1021,7,9
1021,1022,7,10
1022,1023,7,9
1023,1024,7,9
1024,1025,7,9
1025,1026,7,8
1026,1027,7,10
1027,1028,7,8
1028,1029,7,8
1029,1030,7,8
1030,1031,7,8
1031,1032,7,8
1032,1033,7,8
1033,1034,7,9
1034,1035,7,10
1035,1036,7,9
1036,1037,7,8
1037,1038,7,9
1038,1039,7,9
1039,1040,7,9
1040,1041,7,9
1041,1042,7,10
1042,1043,7,9
1043,1044,7,10
1044,1045,7,10
1045,1046,7,8
1046,1047,7,8
1047,1048,7,8
1048,1049,7,8
1049,1050,7,8
1050,1051,7,8
1051,1052,7,7
1052,1053,7,8
1053,1054,7,8
1054,1055,7,8
1055,1056,7,8
1056,1057,7,8
1057,1058,7,8
1058,1059,7,8
1059,1060,7,8
1060,1061,7,7
1061,1062,7,9
1062,1063,7,10
1063,1064,7,9
1064,1065,7,9
1065,1066,7,9
1066,1067,7,10
1067,1068,7,9
1068,1069,7,8
1069,1070,7,9
1070,1071,7,9
1071,1072,7,8
1072,1073,7,9
1073,1074,7,9
1074,1075,7,10
1075,1076,7,10
1076,1077,7,10
1077,1078,7,10
1078,1079,7,9
1079,1080,7,9
1080,1081,7,9
1081,1082,7,9
1082,1083,7,9
1083,1084,7,9
1084,1085,7,9
1085,1086,7,9
1086,1087,7,9
1087,1088,7,8
1088,1089,7,8
1089,1090,7,8
1090,1091,7,9
1091,1092,7,9
1092,1093,7,8
1093,1094,7,9
1094,1095,7,9
1095,1096,7,9
1096,1097,7,8
1097,1098,7,8
1098,1099,7,8
1099,1100,7,8
1100,1101,7,8
1101,1102,7,8
1102,1103,7,9
1103,1104,7,8
1104,1105,7,8
1105,1106,7,9
1106,1107,7,9
1107,1108,7,9
1108,1109,7,10
1109,1110,7,9
1110,1111,7,9
1111,1112,7,10
1112,1113,7,10
1113,1114,7,8
1114,1115,7,9
1115,1116,7,9
1116,1117,7,9
1117,1118,7,9
1118,1119,7,10
1119,1120,7,9
1120,1121,7,9
1121,1122,7,8
1122,1123,7,9
1123,1124,7,8
1124,1125,7,8
1125,1126,7,9
1126,1127,7,9
1127,1128,7,9
1128,1129,7,10
1129,1130,7,10
1130,1131,7,10
1131,1132,7,8
1132,1133,7,9
1133,1134,7,9
1134,1135,7,8
1135,1136,7,8
1136,1137,7,7
1137,1138,7,8
1138,1139,7,9
1139,1140,7,9
1140,1141,7,10
1141,1142,7,10
1142,1143,7,9
1143,1144,7,9
1144,1145,7,9
1145,1146,7,9
1146,1147,7,8
1147,1148,7,8
1148,1149,7,8
1149,1150,7,8
1150,1151,7,8
1151,1152,7,8
1152,1153,7,9
1153,1154,7,8
1154,1155,7,9
1155,1156,7,10
1156,1157,7,10
1157,1158,7,9
1158,1159,7,9
1159,1160,7,9
1160,1161,7,9
1161,1162,7,10
1162,1163,7,9
1163,1164,7,9
1164,1165,7,8
1165,1166,7,8
1166,1167,7,8
1167,1168,7,8
1168,1169,7,8
1169,1170,7,8
1170,1171,7,9
1171,1172,7,8
1172,1173,7,8
1173,1174,7,9
1174,1175,7,9
1175,1176,7,8
1176,1177,7,8
1177,1178,7,8
1178,1179,7,9
1179,1180,7,8
1180,1181,7,8
1181,1182,7,8
1182,1183,7,10
1183,1184,7,9
1184,1185,7,8
1185,1186,7,8
1186,1187,7,9
1187,1188,7,9
1188,1189,7,9
1189,1190,7,9
1190,1191,7,9
1191,1192,7,9
1192,1193,7,9
1193,1194,7,9
1194,1195,7,9
1195,1196,7,8
1196,1197,7,8
1197,1198,7,8
1198,1199,7,8
1199,1200,7,8
1200,1201,7,9
1201,1202,7,9
1202,1203,7,9
1203,1204,7,9
1204,1205,7,8
1205,1206,7,8
1206,1207,7,8
1207,1208,7,8
1208,1209,7,8
1209,1210,7,7
1210,1211,7,8
1211,1212,7,8
1212,1213,7,9
1213,1214,7,9
1214,1215,7,8
1215,1216,7,9
1216,1217,7,9
1217,1218,7,8
1218,1219,7,8
1219,1220,7,8
1220,1221,7,9
1221,1222,7,10
1222,1223,7,10
1223,1224,7,9
1224,1225,7,9
1225,1226,7,8
1226,1227,7,9
1227,1228,7,8
1228,1229,7,10
1229,1230,7,9
1230,1231,7,9
1231,1232,7,8
1232,1233,7,8
1233,1234,7,8
1234,1235,7,8
1235,1236,7,8
1236,1237,7,8
1237,1238,7,9
1238,1239,7,8
1239,1240,7,9
1240,1241,7,9
1241,1242,7,10
1242,1243,7,9
1243,1244,7,9
1244,1245,7,8
1245,1246,7,9
1246,1247,7,9
1247,1248,7,9
1248,1249,7,9
1249,1250,7,8
1250,1251,7,9
1251,1252,7,8
1252,1253,7,8
1253,1254,7,8
1254,1255,7,9
1255,1256,7,9
1256,1257,7,9
1257,1258,7,10
1258,1259,7,10
1259,1260,7,10
1260,1261,7,9
1261,1262,7,8
1262,1263,7,9
1263,1264,7,8
1264,1265,7,8
1265,1266,7,9
1266,1267,7,8
1267,1268,7,8
1268,1269,7,9
1269,1270,7,8
1270,1271,7,10
1271,1272,7,10
1272,1273,7,9
1273,1274,7,9
1274,1275,7,9
1275,1276,7,8
1276,1277,7,8
1277,1278,7,8
1278,1279,7,8
1279,1280,7,9
1280,1281,7,9
1281,1282,7,9
1282,1283,7,9
1283,1284,7,8
1284,1285,7,9
1285,1286,7,9
1286,1287,7,9
1287,1288,7,10
1288,1289,7,8
1289,1290,7,8
1290,1291,7,8
1291,1292,7,10
1292,1293,7,9
1293,1294,7,10
1294,1295,7,10
1295,1296,7,9
1296,1297,7,8
1297,1298,7,9
1298,1299,7,8
1299,1300,7,8
1300,1301,7,9
1301,1302,7,9
1302,1303,7,8
1303,1304,7,9
1304,1305,7,9
1305,1306,7,10
1306,1307,7,8
1307,1308,7,9
1308,1309,7,9
1309,1310,7,8
1310,1311,7,10
1311,1312,7,10
1312,1313,7,8
1313,1314,7,9
1314,1315,7,8
1315,1316,7,8
1316,1317,7,8
1317,1318,7,9
1318,1319,7,9
1319,1320,7,9
1320,1321,7,9
1321,1322,7,9
1322,1323,7,10
1323,1324,7,10
1324,1325,7,9
1325,1326,7,9
1326,1327,7,8
1327,1328,7,8
1328,1329,7,8
1329,1330,7,8
1330,1331,7,8
1331,1332,7,8
1332,1333,7,9
1333,1334,7,9
1334,1335,7,9
1335,1336,7,8
1336,1337,7,8
1337,1338,7,8
1338,1339,7,8
1339,1340,7,9
1340,1341,7,9
1341,1342,7,10
1342,1343,7,9
1343,1344,7,9
1344,1345,7,9
1345,1346,7,10
1346,1347,7,10
1347,1348,7,9
1348,1349,7,9
1349,1350,7,10
1350,1351,7,10
1351,1352,7,10
1352,1353,7,9
1353,1354,7,10
1354,1355,7,9
1355,1356,7,9
1356,1357,7,8
1357,1358,7,8
1358,1359,7,8
1359,1360,7,9
1360,1361,7,9
1361,1362,7,9
1362,1363,7,8
1363,1364,7,10
1364,1365,7,10
1365,1366,7,10
1366,1367,7,9
1367,1368,7,9
1368,1369,7,8
1369,1370,7,8
1370,1371,7,8
1371,1372,7,9
1372,1373,7,7
1373,1374,7,8
1374,1375,7,8
1375,1376,7,9
1376,1377,7,7
1377,1378,7,8
1378,1379,7,8
1379,1380,7,9
1380,1381,7,9
1381,1382,7,9
1382,1383,7,7
1383,1384,7,8
1384,1385,7,8
1385,1386,7,7
1386,1387,7,9
1387,1388,7,9
1388,1389,7,9
1389,1390,7,10
1390,1391,7,10
1391,1392,7,9
1392,1393,7,9
1393,1394,7,9
1394,1395,7,8
1395,1396,7,9
1396,1397,7,8
1397,1398,7,8
1398,1399,7,9
1399,1400,7,8
1400,1401,7,8
1401,1402,7,9
1402,1403,7,7
1403,1404,7,9
1404,1405,7,8
1405,1406,7,8
1406,1407,7,9
1407,1408,7,10
1408,1409,7,9
1409,1410,7,8
1410,1411,7,8
1411,1412,7,9
1412,1413,7,8
1413,1414,7,8
1414,1415,7,9
1415,1416,7,9
1416,1417,7,9
1417,1418,7,9
1418,1419,7,8
1419,1420,7,8
1420,1421,7,8
1421,1422,7,9
1422,1423,7,10
1423,1424,7,8
1424,1425,7,9
1425,1426,7,8
1426,1427,7,8
1427,1428,7,9
1428,1429,7,9
1429,1430,7,9
1430,1431,7,9
1431,1432,7,9
1432,1433,7,7
1433,1434,7,7
1434,1435,7,7
1435,1436,7,8
1436,1437,7,8
1437,1438,7,8
1438,1439,7,10
1439,1440,7,9
1440,1441,7,9
1441,1442,7,8
1442,1443,7,10
1443,1444,7,8
1444,1445,7,8
1445,1446,7,9
1446,1447,7,9
1447,1448,7,8
1448,1449,7,9
1449,1450,7,8
1450,1451,7,8
1451,1452,7,8
1452,1453,7,8
1453,1454,7,8
1454,1455,7,10
1455,1456,7,10
1456,1457,7,10
1457,1458,7,9
1458,1459,7,8
1459,1460,7,10
1460,1461,7,10
1461,1462,7,10
1462,1463,7,8
1463,1464,7,9
1464,1465,7,10
1465,1466,7,9
1466,1467,7,8
1467,1468,7,8
1468,1469,7,8
1469,1470,7,9
1470,1471,7,9
1471,1472,7,9
1472,1473,7,8
1473,1474,7,9
1474,1475,7,9
1475,1476,7,8
1476,1477,7,9
1477,1478,7,8
1478,1479,7,8
1479,1480,7,9
1480,1481,7,9
1481,1482,7,9
1482,1483,7,9
1483,1484,7,9
1484,1485,7,9
1485,1486,7,8
1486,1487,7,8
1487,1488,7,8
1488,1489,7,9
1489,1490,7,9
1490,1491,7,9
1491,1492,7,9
1492,1493,7,9
1493,1494,7,8
1494,1495,7,8
1495,1496,7,8
1496,1497,7,8
1497,1498,7,8
1498,1499,7,10
1499,1500,7,8
1500,1501,7,9
1501,1502,7,9
1502,1503,7,8
1503,1504,7,8
1504,1505,7,8
1505,1506,7,9
1506,1507,7,10
1507,1508,7,9
1508,1509,7,8
1509,1510,7,8
1510,1511,7,9
1511,1512,7,9
1512,1513,7,8
1513,1514,7,8
1514,1515,7,8
1515,1516,7,9
1516,1517,7,9
1517,1518,7,9
1518,1519,7,9
1519,1520,7,9
1520,1521,7,8
1521,1522,7,9
1522,1523,7,7
1523,1524,7,8
1524,1525,7,8
1525,1526,7,8
1526,1527,7,9
1527,1528,7,9
1528,1529,7,8
1529,1530,7,9
1530,1531,7,8
1531,1532,7,8
1532,1533,7,9
1533,1534,7,10
1534,1535,7,10
1535,1536,7,9
1536,1537,7,10
1537,1538,7,10
1538,1539,7,9
1539,1540,7,8
1540,1541,7,8
1541,1542,7,7
1542,1543,7,8
1543,1544,7,8
1544,1545,7,8
1545,1546,7,9
1546,1547,7,9
1547,1548,7,8
1548,1549,7,9
1549,1550,7,9
1550,1551,7,8
1551,1552,7,8
1552,1553,7,8
1553,1554,7,8
1554,1555,7,8
1555,1556,7,8
1556,1557,7,8
1557,1558,7,9
1558,1559,7,9
1559,1560,7,9
1560,1561,7,9
1561,1562,7,9
1562,1563,7,9
1563,1564,7,9
1564,1565,7,9
1565,1566,7,9
1566,1567,7,9
1567,1568,7,8
1568,1569,7,8
1569,1570,7,8
1570,1571,7,8
1571,1572,7,9
1572,1573,7,8
1573,1574,7,8
1574,1575,7,9
1575,1576,7,10
1576,1577,7,10
1577,1578,7,10
1578,1579,7,8
1579,1580,7,9
1580,1581,7,9
1581,1582,7,10
1582,1583,7,9
1583,1584,7,9
1584,1585,7,9
1585,1586,7,9
1586,1587,7,9
1587,1588,7,9
1588,1589,7,9
1589,1590,7,8
1590,1591,7,9
1591,1592,7,8
1592,1593,7,9
1593,1594,7,8
1594,1595,7,8
1595,1596,7,9
1596,1597,7,8
1597,1598,7,8
1598,1599,7,8
1599,1600,7,9
1600,1601,7,9
1601,1602,7,9
1602,1603,7,10
1603,1604,7,10
1604,1605,7,10
1605,1606,7,10
1606,1607,7,9
1607,1608,7,8
1608,1609,7,9
1609,1610,7,10
1610,1611,7,8
1611,1612,7,8
1612,1613,7,9
1613,1614,7,9
1614,1615,7,9
1615,1616,7,9
1616,1617,7,9
1617,1618,7,9
1618,1619,7,8
1619,1620,7,8
1620,1621,7,8
1621,1622,7,9
1622,1623,7,9
1623,1624,7,9
1624,1625,7,9
1625,1626,7,8
1626,1627,7,8
1627,1628,7,8
1628,1629,7,8
1629,1630,7,9
1630,1631,7,9
1631,1632,7,8
1632,1633,7,8
1633,1634,7,8
1634,1635,7,8
1635,1636,7,9
1636,1637,7,7
1637,1638,7,8
1638,1639,7,8
1639,1640,7,10
1640,1641,7,8
1641,1642,7,8
1642,1643,7,8
1643,1644,7,8
1644,1645,7,9
1645,1646,7,10
1646,1647,7,10
1647,1648,7,10
1648,1649,7,9
1649,1650,7,9
1650,1651,7,9
1651,1652,7,8
1652,1653,7,9
1653,1654,7,8
1654,1655,7,9
1655,1656,7,9
1656,1657,7,10
1657,1658,7,9
1658,1659,7,9
1659,1660,7,8
1660,1661,7,9
1661,1662,7,9
1662,1663,7,9
1663,1664,7,10
1664,1665,7,9
1665,1666,7,9
1666,1667,7,9
1667,1668,7,8
1668,1669,7,8
1669,1670,7,9
1670,1671,7,10
1671,1672,7,9
1672,1673,7,9
1673,1674,7,9
1674,1675,7,8
1675,1676,7,8
1676,1677,7,8
1677,1678,7,8
1678,1679,7,8
1679,1680,7,9
1680,1681,7,10
1681,1682,7,10
1682,1683,7,9
1683,1684,7,9
1684,1685,7,9
1685,1686,7,9
1686,1687,7,9
1687,1688,7,9
1688,1689,7,8
1689,1690,7,8
1690,1691,7,8
1691,1692,7,8
1692,1693,7,8
1693,1694,7,8
1694,1695,7,9
1695,1696,7,9
1696,1697,7,9
1697,1698,7,10
1698,1699,7,10
1699,1700,7,9
1700,1701,7,9
1701,1702,7,8
1702,1703,7,8
1703,1704,7,9
1704,1705,7,9
1705,1706,7,9
1706,1707,7,9
1707,1708,7,9
1708,1709,7,9
1709,1710,7,10
1710,1711,7,8
1711,1712,7,10
1712,1713,7,8
1713,1714,7,8
1714,1715,7,8
1715,1716,7,9
1716,1717,7,8
1717,1718,7,7
1718,1719,7,8
1719,1720,7,9
1720,1721,7,9
1721,1722,7,8
1722,1723,7,9
1723,1724,7,9
1724,1725,7,9
1725,1726,7,8
1726,1727,7,8
1727,1728,7,9
1728,1729,7,8
1729,1730,7,8
1730,1731,7,9
1731,1732,7,9
1732,1733,7,8
1733,1734,7,9
1734,1735,7,7
1735,1736,7,8
1736,1737,7,8
1737,1738,7,8
1738,1739,7,7
1739,1740,7,8
1740,1741,7,10
1741,1742,7,9
1742,1743,7,9
1743,1744,7,9
1744,1745,7,9
1745,1746,7,7
1746,1747,7,8
1747,1748,7,8
1748,1749,7,8
1749,1750,7,8
1750,1751,7,8
1751,1752,7,8
1752,1753,7,8
1753,1754,7,8
1754,1755,7,9
1755,1756,7,9
1756,1757,7,9
1757,1758,7,9
1758,1759,7,9
1759,1760,7,9
1760,1761,7,9
1761,1762,7,9
1762,1763,7,9
1763,1764,7,9
1764,1765,7,9
1765,1766,7,8
1766,1767,7,8
1767,1768,7,8
1768,1769,7,9
1769,1770,7,9
1770,1771,7,9
1771,1772,7,8
1772,1773,7,8
1773,1774,7,8
1774,1775,7,9
1775,1776,7,9
1776,1777,7,8
1777,1778,7,8
1778,1779,7,9
1779,1780,7,9
1780,1781,7,9
1781,1782,7,10
1782,1783,7,10
1783,1784,7,10
1784,1785,7,9
1785,1786,7,9
1786,1787,7,8
1787,1788,7,9
1788,1789,7,9
1789,1790,7,9
1790,1791,7,9
1791,1792,7,9
1792,1793,7,8
1793,1794,7,8
1794,1795,7,8
1795,1796,7,10
1796,1797,7,10
1797,1798,7,8
1798,1799,7,8
1799,1800,7,9
1800,1801,7,8
1801,1802,7,9
1802,1803,7,9
1803,1804,7,9
1804,1805,7,8
1805,1806,7,9
1806,1807,7,8
1807,1808,7,8
1808,1809,7,9
1809,1810,7,8
1810,1811,7,9
1811,1812,7,9
1812,1813,7,9
1813,1814,7,9
1814,1815,7,9
1815,1816,7,8
1816,1817,7,9
1817,1818,7,9
1818,1819,7,9
1819,1820,7,9
1820,1821,7,8
1821,1822,7,8
1822,1823,7,9
1823,1824,7,9
1824,1825,7,9
1825,1826,7,7
1826,1827,7,7
1827,1828,7,8
1828,1829,7,8
1829,1830,7,8
1830,1831,7,10
1831,1832,7,8
1832,1833,7,9
1833,1834,7,9
1834,1835,7,8
1835,1836,7,9
1836,1837,7,7
1837,1838,7,8
1838,1839,7,9
1839,1840,7,9
1840,1841,7,9
1841,1842,7,9
1842,1843,7,10
1843,1844,7,9
1844,1845,7,9
1845,1846,7,9
1846,1847,7,9
1847,1848,7,10
1848,1849,7,10
1849,1850,7,8
1850,1851,7,9
1851,1852,7,10
1852,1853,7,9
1853,1854,7,9
1854,1855,7,9
1855,1856,7,9
1856,1857,7,8
1857,1858,7,9
1858,1859,7,9
1859,1860,7,9
1860,1861,7,8
1861,1862,7,9
1862,1863,7,8
1863,1864,7,7
1864,1865,7,7
1865,1866,7,9
1866,1867,7,9
1867,1868,7,8
1868,1869,7,8
1869,1870,7,9
1870,1871,7,9
1871,1872,7,9
1872,1873,7,8
1873,1874,7,9
1874,1875,7,9
1875,1876,7,9
1876,1877,7,9
1877,1878,7,8
1878,1879,7,9
1879,1880,7,9
1880,1881,7,9
1881,1882,7,8
1882,1883,7,8
1883,1884,7,10
1884,1885,7,10
1885,1886,7,10
1886,1887,7,10
1887,1888,7,8
1888,1889,7,9
1889,1890,7,8
1890,1891,7,8
1891,1892,7,8
1892,1893,7,9
1893,1894,7,8
1894,1895,7,9
1895,1896,7,9
1896,1897,7,9
1897,1898,7,8
1898,1899,7,8
1899,1900,7,8
1900,1901,7,9
1901,1902,7,9
1902,1903,7,9
1903,1904,7,8
1904,1905,7,9
1905,1906,7,9
1906,1907,7,8
1907,1908,7,8
1908,1909,7,9
1909,1910,7,9
1910,1911,7,9
1911,1912,7,8
1912,1913,7,10
1913,1914,7,10
1914,1915,7,9
1915,1916,7,9
1916,1917,7,9
1917,1918,7,9
1918,1919,7,8
1919,1920,7,8
1920,1921,7,9
1921,1922,7,9
1922,1923,7,9
1923,1924,7,9
1924,1925,7,10
1925,1926,7,9
1926,1927,7,9
1927,1928,7,9
1928,1929,7,9
1929,1930,7,8
1930,1931,7,8
1931,1932,7,10
1932,1933,7,9
1933,1934,7,8
1934,1935,7,9
1935,1936,7,8
1936,1937,7,9
1937,1938,7,9
1938,1939,7,8
1939,1940,7,8
1940,1941,7,8
1941,1942,7,8
1942,1943,7,8
1943,1944,7,10
1944,1945,7,9
1945,1946,7,9
1946,1947,7,8
1947,1948,7,8
1948,1949,7,8
1949,1950,7,9
1950,1951,7,9
1951,1952,7,9
1952,1953,7,9
1953,1954,7,9
1954,1955,7,9
1955,1956,7,8
1956,1957,7,8
1957,1958,7,8
1958,1959,7,8
1959,1960,7,9
1960,1961,7,9
1961,1962,7,9
1962,1963,7,9
1963,1964,7,8
1964,1965,7,9
1965,1966,7,8
1966,1967,7,9
1967,1968,7,9
1968,1969,7,8
1969,1970,7,9
1970,1971,7,9
1971,1972,7,8
1972,1973,7,8
1973,1974,7,8
1974,1975,7,9
1975,1976,7,9
1976,1977,7,9
1977,1978,7,8
1978,1979,7,7
1979,1980,7,8
1980,1981,7,9
1981,1982,7,9
1982,1983,7,9
1983,1984,7,8
1984,1985,7,8
1985,1986,7,9
1986,1987,7,9
1987,1988,7,9
1988,1989,7,8
1989,1990,7,8
1990,1991,7,8
1991,1992,7,8
1992,1993,7,8
1993,1994,7,8
1994,1995,7,8
1995,1996,7,8
1996,1997,7,8
1997,1998,7,9
1998,1999,7,9
1999,2000,7,9
2000,2001,7,8
2001,2002,7,8
2002,2003,7,8
2003,2004,7,8
2004,2005,7,8
2005,2006,7,9
2006,2007,7,8
2007,2008,7,8
2008,2009,7,9
2009,2010,7,9
2010,2011,7,9
2011,2012,7,9
2012,2013,7,8
2013,2014,7,9
2014,2015,7,10
2015,2016,7,10
2016,2017,7,9
2017,2018,7,9
2018,2019,7,9
2019,2020,7,9
2020,2021,7,8
2021,2022,7,8
2022,2023,7,8
2023,2024,7,8
2024,2025,7,7
2025,2026,7,7
2026,2027,7,8
2027,2028,7,8
2028,2029,7,9
2029,2030,7,9
2030,2031,7,8
2031,2032,7,8
2032,2033,7,8
2033,2034,7,9
2034,2035,7,9
2035,2036,7,8
2036,2037,7,9
2037,2038,7,9
2038,2039,7,10
2039,2040,7,9
2040,2041,7,9
2041,2042,7,8
2042,2043,7,9
2043,2044,7,9
2044,2045,7,8
2045,2046,7,8
2046,2047,7,8
2047,2048,7,8
2048,2049,7,8
2049,2050,7,8
2050,2051,7,7
2051,2052,7,9
2052,2053,7,9
2053,2054,7,8
2054,2055,7,8
2055,2056,7,9
2056,2057,7,9
2057,2058,7,9
2058,2059,7,9
2059,2060,7,9
2060,2061,7,10
2061,2062,7,9
2062,2063,7,9
2063,2064,7,9
2064,2065,7,9
2065,2066,7,10
2066,2067,7,9
2067,2068,7,9
2068,2069,7,9
2069,2070,7,9
2070,2071,7,8
2071,2072,7,9
2072,2073,7,9
2073,2074,7,9
2074,2075,7,8
2075,2076,7,9
2076,2077,7,10
2077,2078,7,9
2078,2079,7,9
2079,2080,7,8
2080,2081,7,8
2081,2082,7,9
2082,2083,7,8
2083,2084,7,8
2084,2085,7,9
2085,2086,7,9
2086,2087,7,9
2087,2088,7,9
2088,2089,7,10
2089,2090,7,10
2090,2091,7,9
2091,2092,7,9
2092,2093,7,9
2093,2094,7,9
2094,2095,7,9
2095,2096,7,9
2096,2097,7,9
2097,2098,7,9
2098,2099,7,9
2099,2100,7,9
2100,2101,7,9
2101,2102,7,10
2102,2103,7,8
2103,2104,7,7
2104,2105,7,9
2105,2106,7,9
2106,2107,7,9
2107,2108,7,9
2108,2109,7,8
2109,2110,7,7
2110,2111,7,8
2111,2112,7,9
2112,2113,7,8
2113,2114,7,9
2114,2115,7,8
2115,2116,7,8
2116,2117,7,8
2117,2118,7,9
2118,2119,7,9
2119,2120,7,9
2120,2121,7,8
2121,2122,7,8
2122,2123,7,9
2123,2124,7,7
2124,2125,7,7
2125,2126,7,8
2126,2127,7,7
2127,2128,7,9
2128,2129,7,9
2129,2130,7,9
2130,2131,7,9
2131,2132,7,9
2132,2133,7,9
2133,2134,7,9
2134,2135,7,10
2135,2136,7,10
2136,2137,7,10
2137,2138,7,10
2138,2139,7,9
2139,2140,7,8
2140,2141,7,8
2141,2142,7,9
2142,2143,7,8
2143,2144,7,8
2144,2145,7,9
2145,2146,7,9
2146,2147,7,8
2147,2148,7,8
2148,2149,7,9
2149,2150,7,9
2150,2151,7,8
2151,2152,7,8
2152,2153,7,8
2153,2154,7,9
2154,2155,7,9
2155,2156,7,8
2156,2157,7,8
2157,2158,7,9
2158,2159,7,9
2159,2160,7,8
2160,2161,7,8
2161,2162,7,8
2162,2163,7,7
2163,2164,7,7
2164,2165,7,7
2165,2166,7,7
2166,2167,7,7
2167,2168,7,9
2168,2169,7,9
2169,2170,7,8
2170,2171,7,8
2171,2172,7,8
2172,2173,7,8
2173,2174,7,8
2174,2175,7,9
2175,2176,7,9
2176,2177,7,10
2177,2178,7,9
2178,2179,7,9
2179,2180,7,9
2180,2181,7,10
2181,2182,7,10
2182,2183,7,9
2183,2184,7,9
2184,2185,7,10
2185,2186,7,10
2186,2187,7,8
2187,2188,7,8
2188,2189,7,9
2189,2190,7,8
2190,2191,7,8
2191,2192,7,8
2192,2193,7,7
2193,2194,7,7
2194,2195,7,7
2195,2196,7,8
2196,2197,7,8
2197,2198,7,10
2198,2199,7,9
2199,2200,7,9
2200,2201,7,10
2201,2202,7,9
2202,2203,7,9
2203,2204,7,8
2204,2205,7,8
2205,2206,7,8
2206,2207,7,7
2207,2208,7,8
2208,2209,7,7
2209,2210,7,8
2210,2211,7,8
2211,2212,7,10
2212,2213,7,9
2213,2214,7,9
2214,2215,7,9
2215,2216,7,9
2216,2217,7,9
2217,2218,7,9
2218,2219,7,8
2219,2220,7,9
2220,2221,7,7
2221,2222,7,7
2222,2223,7,8
2223,2224,7,8
2224,2225,7,9
2225,2226,7,9
2226,2227,7,9
2227,2228,7,9
2228,2229,7,8
2229,2230,7,9
2230,2231,7,9
2231,2232,7,9
2232,2233,7,9
2233,2234,7,9
2234,2235,7,8
2235,2236,7,9
2236,2237,7,8
2237,2238,7,8
2238,2239,7,9
2239,2240,7,9
2240,2241,7,8
2241,2242,7,9
2242,2243,7,9
2243,2244,7,9
2244,2245,7,9
2245,2246,7,10
2246,2247,7,7
2247,2248,7,7
2248,2249,7,8
2249,2250,7,8
2250,2251,7,8
2251,2252,7,8
2252,2253,7,9
2253,2254,7,8
2254,2255,7,9
2255,2256,7,9
2256,2257,7,9
2257,2258,7,9
2258,2259,7,9
2259,2260,7,9
2260,2261,7,8
2261,2262,7,8
2262,2263,7,8
2263,2264,7,8
2264,2265,7,9
2265,2266,7,8
2266,2267,7,8
2267,2268,7,10
2268,2269,7,10
2269,2270,7,10
2270,2271,7,10
2271,2272,7,9
2272,2273,7,9
2273,2274,7,9
2274,2275,7,9
2275,2276,7,8
2276,2277,7,8
2277,2278,7,10
2278,2279,7,10
2279,2280,7,9
2280,2281,7,9
2281,2282,7,9
2282,2283,7,9
2283,2284,7,10
2284,2285,7,8
2285,2286,7,8
2286,2287,7,10
2287,2288,7,10
2288,2289,7,9
2289,2290,7,8
2290,2291,7,9
2291,2292,7,9
2292,2293,7,9
2293,2294,7,9
2294,2295,7,9
2295,2296,7,9
2296,2297,7,9
2297,2298,7,9
2298,2299,7,9
2299,2300,7,9
2300,2301,7,9
2301,2302,7,9
2302,2303,7,9
2303,2304,7,9
2304,2305,7,9
2305,2306,7,9
2306,2307,7,9
2307,2308,7,9
2308,2309,7,9
2309,2310,7,9
2310,2311,7,9
2311,2312,7,9
2312,2313,7,9
2313,2314,7,9
2314,2315,7,9
2315,2316,7,9
2316,2317,7,10
2317,2318,7,10
2318,2319,7,10
2319,2320,7,10
2320,2321,7,10
2321,2322,7,9
2322,2323,7,8
2323,2324,7,8
2324,2325,7,9
2325,2326,7,8
2326,2327,7,8
2327,2328,7,8
2328,2329,7,8
2329,2330,7,8
2330,2331,7,9
2331,2332,7,7
2332,2333,7,9
2333,2334,7,10
2334,2335,7,10
2335,2336,7,10
2336,2337,7,9
2337,2338,7,9
2338,2339,7,8
2339,2340,7,8
2340,2341,7,8
2341,2342,7,9
2342,2343,7,9
2343,2344,7,9
2344,2345,7,8
2345,2346,7,8
2346,2347,7,8
2347,2348,7,9
2348,2349,7,10
2349,2350,7,8
2350,2351,7,8
2351,2352,7,8
2352,2353,7,8
2353,2354,7,8
2354,2355,7,8
2355,2356,7,8
2356,2357,7,8
2357,2358,7,8
2358,2359,7,8
2359,2360,7,9
2360,2361,7,9
2361,2362,7,8
2362,2363,7,8
2363,2364,7,8
2364,2365,7,9
2365,2366,7,9
2366,2367,7,9
2367,2368,7,9
2368,2369,7,8
2369,2370,7,8
2370,2371,7,9
2371,2372,7,9
2372,2373,7,9
2373,2374,7,9
2374,2375,7,8
2375,2376,7,9
2376,2377,7,9
2377,2378,7,9
2378,2379,7,8
2379,2380,7,9
2380,2381,7,9
2381,2382,7,8
2382,2383,7,7
2383,2384,7,8
2384,2385,7,8
2385,2386,7,7
2386,2387,7,8
2387,2388,7,9
2388,2389,7,9
2389,2390,7,9
2390,2391,7,8
2391,2392,7,8
2392,2393,7,8
2393,2394,7,8
2394,2395,7,9
2395,2396,7,9
2396,2397,7,8
2397,2398,7,8
2398,2399,7,8
2399,2400,7,8
2400,2401,7,9
2401,2402,7,10
2402,2403,7,10
2403,2404,7,10
2404,2405,7,10
2405,2406,7,8
2406,2407,7,8
2407,2408,7,8
2408,2409,7,8
2409,2410,7,8
2410,2411,7,8
2411,2412,7,9
2412,2413,7,8
2413,2414,7,9
2414,2415,7,9
2415,2416,7,8
2416,2417,7,9
2417,2418,7,8
2418,2419,7,9
2419,2420,7,9
2420,2421,7,9
2421,2422,7,8
2422,2423,7,8
2423,2424,7,9
2424,2425,7,9
2425,2426,7,8
2426,2427,7,8
2427,2428,7,8
2428,2429,7,8
2429,2430,7,9
2430,2431,7,9
2431,2432,7,9
2432,2433,7,10
2433,2434,7,10
2434,2435,7,9
2435,2436,7,9
2436,2437,7,9
2437,2438,7,7
2438,2439,7,8
2439,2440,7,8
2440,2441,7,8
2441,2442,7,9
2442,2443,7,9
2443,2444,7,8
2444,2445,7,9
2445,2446,7,9
2446,2447,7,8
2447,2448,7,8
2448,2449,7,8
2449,2450,7,8
2450,2451,7,9
2451,2452,7,10
2452,2453,7,9
2453,2454,7,9
2454,2455,7,9
2455,2456,7,8
2456,2457,7,9
2457,2458,7,9
2458,2459,7,9
2459,2460,7,9
2460,2461,7,9
2461,2462,7,9
2462,2463,7,10
2463,2464,7,10
2464,2465,7,10
2465,2466,7,8
2466,2467,7,9
2467,2468,7,9
2468,2469,7,9
2469,2470,7,9
2470,2471,7,8
2471,2472,7,8
2472,2473,7,9
2473,2474,7,9
2474,2475,7,9
2475,2476,7,8
2476,2477,7,9
2477,2478,7,8
2478,2479,7,9
2479,2480,7,8
2480,2481,7,9
2481,2482,7,8
2482,2483,7,9
2483,2484,7,10
2484,2485,7,10
2485,2486,7,9
2486,2487,7,9
2487,2488,7,8
2488,2489,7,8
2489,2490,7,8
2490,2491,7,8
2491,2492,7,9
2492,2493,7,9
2493,2494,7,8
2494,2495,7,9
2495,2496,7,9
2496,2497,7,9
2497,2498,7,10
2498,2499,7,10
2499,2500,7,9
2500,2501,7,8
2501,2502,7,9
2502,2503,7,9
2503,2504,7,9
2504,2505,7,8
2505,2506,7,8
2506,2507,7,8
2507,2508,7,10
2508,2509,7,8
2509,2510,7,8
2510,2511,7,7
2511,2512,7,7
2512,2513,7,8
2513,2514,7,7
2514,2515,7,8
2515,2516,7,8
2516,2517,7,8
2517,2518,7,9
2518,2519,7,9
2519,2520,7,10
2520,2521,7,10
2521,2522,7,10
2522,2523,7,9
2523,2524,7,9
2524,2525,7,9
2525,2526,7,8
2526,2527,7,8
2527,2528,7,9
2528,2529,7,10
2529,2530,7,10
2530,2531,7,10
2531,2532,7,8
2532,2533,7,9
2533,2534,7,8
2534,2535,7,8
2535,2536,7,8
2536,2537,7,8
2537,2538,7,9
2538,2539,7,8
2539,2540,7,7
2540,2541,7,7
2541,2542,7,7
2542,2543,7,7
2543,2544,7,8
2544,2545,7,9
2545,2546,7,9
2546,2547,7,9
2547,2548,7,9
2548,2549,7,9
2549,2550,7,9
2550,2551,7,9
2551,2552,7,9
2552,2553,7,10
2553,2554,7,10
2554,2555,7,9
2555,2556,7,10
2556,2557,7,10
2557,2558,7,10
2558,2559,7,10
2559,2560,7,10
2560,2561,7,8
2561,2562,7,8
2562,2563,7,9
2563,2564,7,9
2564,2565,7,8
2565,2566,7,8
2566,2567,7,10
2567,2568,7,9
2568,2569,7,8
2569,2570,7,8
2570,2571,7,8
2571,2572,7,8
2572,2573,7,8
2573,2574,7,8
2574,2575,7,8
2575,2576,7,9
2576,2577,7,8
2577,2578,7,8
2578,2579,7,9
2579,2580,7,8
2580,2581,7,9
2581,2582,7,8
2582,2583,7,8
2583,2584,7,8
2584,2585,7,8
2585,2586,7,9
2586,2587,7,8
2587,2588,7,8
2588,2589,7,9
2589,2590,7,10
2590,2591,7,9
2591,2592,7,9
2592,2593,7,9
2593,2594,7,8
2594,2595,7,8
2595,2596,7,9
2596,2597,7,9
2597,2598,7,10
2598,2599,7,9
2599,2600,7,9
2600,2601,7,9
2601,2602,7,9
2602,2603,7,10
2603,2604,7,10
2604,2605,7,10
2605,2606,7,10
2606,2607,7,9
2607,2608,7,8
2608,2609,7,9
2609,2610,7,9
2610,2611,7,8
2611,2612,7,9
2612,2613,7,10
2613,2614,7,10
2614,2615,7,9
2615,2616,7,9
2616,2617,7,10
2617,2618,7,10
2618,2619,7,9
2619,2620,7,8
2620,2621,7,8
2621,2622,7,9
2622,2623,7,9
2623,2624,7,9
2624,2625,7,10
2625,2626,7,9
2626,2627,7,10
2627,2628,7,10
2628,2629,7,9
2629,2630,7,8
2630,2631,7,9
2631,2632,7,9
2632,2633,7,8
2633,2634,7,9
2634,2635,7,8
2635,2636,7,9
2636,2637,7,8
2637,2638,7,10
2638,2639,7,9
2639,2640,7,8
2640,2641,7,9
2641,2642,7,9
2642,2643,7,9
2643,2644,7,9
2644,2645,7,9
2645,2646,7,9
2646,2647,7,8
2647,2648,7,8
2648,2649,7,8
2649,2650,7,10
2650,2651,7,8
2651,2652,7,9
2652,2653,7,10
2653,2654,7,10
2654,2655,7,9
2655,2656,7,9
2656,2657,7,9
2657,2658,7,9
2658,2659,7,8
2659,2660,7,7
2660,2661,7,9
2661,2662,7,9
2662,2663,7,9
2663,2664,7,9
2664,2665,7,9
2665,2666,7,7
2666,2667,7,8
2667,2668,7,9
2668,2669,7,9
2669,2670,7,9
2670,2671,7,9
2671,2672,7,9
2672,2673,7,8
2673,2674,7,9
2674,2675,7,10
2675,2676,7,9
2676,2677,7,9
2677,2678,7,8
2678,2679,7,8
2679,2680,7,8
2680,2681,7,8
2681,2682,7,8
2682,2683,7,8
2683,2684,7,9
2684,2685,7,9
2685,2686,7,8
2686,2687,7,9
2687,2688,7,8
2688,2689,7,8
2689,2690,7,9
2690,2691,7,9
2691,2692,7,9
2692,2693,7,8
2693,2694,7,10
2694,2695,7,9
2695,2696,7,9
2696,2697,7,8
2697,2698,7,9
2698,2699,7,8
2699,2700,7,8
2700,2701,7,8
2701,2702,7,8
2702,2703,7,8
2703,2704,7,8
2704,2705,7,8
2705,2706,7,10
2706,2707,7,9
2707,2708,7,9
2708,2709,7,8
2709,2710,7,9
2710,2711,7,9
2711,2712,7,9
2712,2713,7,9
2713,2714,7,9
2714,2715,7,8
2715,2716,7,7
2716,2717,7,8
2717,2718,7,8
2718,2719,7,8
2719,2720,7,8
2720,2721,7,8
2721,2722,7,8
2722,2723,7,8
2723,2724,7,8
2724,2725,7,8
2725,2726,7,8
2726,2727,7,9
2727,2728,7,10
2728,2729,7,10
2729,2730,7,8
2730,2731,7,8
2731,2732,7,9
2732,2733,7,8
2733,2734,7,9
2734,2735,7,8
2735,2736,7,8
2736,2737,7,9
2737,2738,7,9
2738,2739,7,8
2739,2740,7,8
2740,2741,7,9
2741,2742,7,9
2742,2743,7,9
2743,2744,7,9
2744,2745,7,9
2745,2746,7,9
2746,2747,7,9
2747,2748,7,8
2748,2749,7,8
2749,2750,7,8
2750,2751,7,8
2751,2752,7,8
2752,2753,7,8
2753,2754,7,7
2754,2755,7,9
2755,2756,7,9
2756,2757,7,8
2757,2758,7,8
2758,2759,7,8
2759,2760,7,9
2760,2761,7,9
2761,2762,7,9
2762,2763,7,9
2763,2764,7,8
2764,2765,7,9
2765,2766,7,8
2766,2767,7,8
2767,2768,7,8
2768,2769,7,9
2769,2770,7,9
2770,2771,7,9
2771,2772,7,8
2772,2773,7,8
2773,2774,7,8
2774,2775,7,9
2775,2776,7,8
2776,2777,7,8
2777,2778,7,10
2778,2779,7,9
2779,2780,7,8
2780,2781,7,7
2781,2782,7,9
2782,2783,7,9
2783,2784,7,10
2784,2785,7,9
2785,2786,7,9
2786,2787,7,8
2787,2788,7,9
2788,2789,7,9
2789,2790,7,8
2790,2791,7,8
2791,2792,7,8
2792,2793,7,8
2793,2794,7,9
2794,2795,7,9
2795,2796,7,8
2796,2797,7,8
2797,2798,7,8
2798,2799,7,8
2799,2800,7,8
2800,2801,7,8
2801,2802,7,8
2802,2803,7,8
2803,2804,7,8
2804,2805,7,8
2805,2806,7,9
2806,2807,7,8
2807,2808,7,9
2808,2809,7,8
2809,2810,7,8
2810,2811,7,8
2811,2812,7,8
2812,2813,7,8
2813,2814,7,9
2814,2815,7,9
2815,2816,7,9
2816,2817,7,8
2817,2818,7,8
2818,2819,7,9
2819,2820,7,9
2820,2821,7,8
2821,2822,7,8
2822,2823,7,9
2823,2824,7,9
2824,2825,7,9
2825,2826,7,9
2826,2827,7,9
2827,2828,7,8
2828,2829,7,8
2829,2830,7,9
2830,2831,7,9
2831,2832,7,9
2832,2833,7,9
2833,2834,7,9
2834,2835,7,9
2835,2836,7,8
2836,2837,7,9
2837,2838,7,9
2838,2839,7,8
2839,2840,7,10
2840,2841,7,10
2841,2842,7,10
2842,2843,7,9
2843,2844,7,8
2844,2845,7,8
2845,2846,7,8
2846,2847,7,8
2847,2848,7,9
2848,2849,7,9
2849,2850,7,10
2850,2851,7,9
2851,2852,7,7
2852,2853,7,9
2853,2854,7,9
2854,2855,7,9
2855,2856,7,8
2856,2857,7,8
2857,2858,7,10
2858,2859,7,10
2859,2860,7,10
2860,2861,7,9
2861,2862,7,9
2862,2863,7,9
2863,2864,7,8
2864,2865,7,9
2865,2866,7,10
2866,2867,7,9
2867,2868,7,9
2868,2869,7,9
2869,2870,7,9
2870,2871,7,9
2871,2872,7,8
2872,2873,7,8
2873,2874,7,10
2874,2875,7,10
2875,2876,7,9
2876,2877,7,10
2877,2878,7,9
2878,2879,7,9
2879,2880,7,9
2880,2881,7,9
2881,2882,7,9
2882,2883,7,9
2883,2884,7,9
2884,2885,7,9
2885,2886,7,9
2886,2887,7,9
2887,2888,7,9
2888,2889,7,9
2889,2890,7,10
2890,2891,7,9
2891,2892,7,9
2892,2893,7,8
2893,2894,7,8
2894,2895,7,8
2895,2896,7,8
2896,2897,7,9
2897,2898,7,8
2898,2899,7,8
2899,2900,7,8
2900,2901,7,8
2901,2902,7,8
2902,2903,7,7
2903,2904,7,9
2904,2905,7,9
2905,2906,7,10
2906,2907,7,9
2907,2908,7,9
2908,2909,7,9
2909,2910,7,7
2910,2911,7,7
2911,2912,7,9
2912,2913,7,10
2913,2914,7,9
2914,2915,7,8
2915,2916,7,8
2916,2917,7,9
2917,2918,7,8
2918,2919,7,9
2919,2920,7,8
2920,2921,7,8
2921,2922,7,9
2922,2923,7,8
2923,2924,7,8
2924,2925,7,9
2925,2926,7,10
2926,2927,7,10
2927,2928,7,8
2928,2929,7,9
2929,2930,7,9
2930,2931,7,8
2931,2932,7,8
2932,2933,7,10
2933,2934,7,9
2934,2935,7,10
2935,2936,7,10
2936,2937,7,10
2937,2938,7,9
2938,2939,7,9
2939,2940,7,8
2940,2941,7,7
2941,2942,7,8
2942,2943,7,8
2943,2944,7,8
2944,2945,7,8
2945,2946,7,9
2946,2947,7,9
2947,2948,7,9
2948,2949,7,9
2949,2950,7,9
2950,2951,7,9
2951,2952,7,10
2952,2953,7,8
2953,2954,7,7
2954,2955,7,7
2955,2956,7,7
2956,2957,7,7
2957,2958,7,8
2958,2959,7,8
2959,2960,7,8
2960,2961,7,7
2961,2962,7,8
2962,2963,7,8
2963,2964,7,8
2964,2965,7,9
2965,2966,7,10
2966,2967,7,9
2967,2968,7,9
2968,2969,7,9
2969,2970,7,9
2970,2971,7,8
2971,2972,7,8
2972,2973,7,9
2973,2974,7,9
2974,2975,7,9
2975,2976,7,8
2976,2977,7,8
2977,2978,7,10
2978,2979,7,9
2979,2980,7,9
2980,2981,7,9
2981,2982,7,8
2982,2983,7,9
2983,2984,7,9
2984,2985,7,8
2985,2986,7,8
2986,2987,7,8
2987,2988,7,9
2988,2989,7,9
2989,2990,7,8
2990,2991,7,8
2991,2992,7,8
2992,2993,7,8
2993,2994,7,8
2994,2995,7,8
2995,2996,7,9
2996,2997,7,8
2997,2998,7,9
2998,2999,7,8
2999,3000,7,8
3000,3001,7,8
3001,3002,7,8
3002,3003,7,8
3003,3004,7,10
3004,3005,7,10
3005,3006,7,9
3006,3007,7,9
3007,3008,7,9
3008,3009,7,9
3009,3010,7,8
3010,3011,7,10
3011,3012,7,9
3012,3013,7,10
3013,3014,7,10
3014,3015,7,8
3015,3016,7,8
3016,3017,7,8
3017,3018,7,8
3018,3019,7,8
3019,3020,7,8
3020,3021,7,8
3021,3022,7,9
3022,3023,7,9
3023,3024,7,9
3024,3025,7,9
3025,3026,7,8
3026,3027,7,8
3027,3028,7,9
3028,3029,7,10
3029,3030,7,9
3030,3031,7,7
3031,3032,7,9
3032,3033,7,9
3033,3034,7,9
3034,3035,7,9
3035,3036,7,9
3036,3037,7,9
3037,3038,7,9
3038,3039,7,9
3039,3040,7,9
3040,3041,7,8
3041,3042,7,9
3042,3043,7,8
3043,3044,7,8
3044,3045,7,8
3045,3046,7,8
3046,3047,7,9
3047,3048,7,9
3048,3049,7,9
3049,3050,7,9
3050,3051,7,8
3051,3052,7,8
3052,3053,7,10
3053,3054,7,9
3054,3055,7,9
3055,3056,7,10
3056,3057,7,10
3057,3058,7,7
3058,3059,7,9
3059,3060,7,9
3060,3061,7,9
3061,3062,7,9
3062,3063,7,9
3063,3064,7,8
3064,3065,7,9
3065,3066,7,9
3066,3067,7,9
3067,3068,7,9
3068,3069,7,9
3069,3070,7,9
3070,3071,7,8
3071,3072,7,9
3072,3073,7,9
3073,3074,7,8
3074,3075,7,8
3075,3076,7,8
3076,3077,7,8
3077,3078,7,8
3078,3079,7,9
3079,3080,7,8
3080,3081,7,9
3081,3082,7,9
3082,3083,7,9
3083,3084,7,9
3084,3085,7,9
3085,3086,7,8
3086,3087,7,7
3087,3088,7,8
3088,3089,7,8
3089,3090,7,9
3090,3091,7,8
3091,3092,7,9
3092,3093,7,9
3093,3094,7,10
3094,3095,7,8
3095,3096,7,8
3096,3097,7,9
3097,3098,7,9
3098,3099,7,9
3099,3100,7,8
3100,3101,7,9
3101,3102,7,8
3102,3103,7,8
3103,3104,7,9
3104,3105,7,8
3105,3106,7,9
3106,3107,7,8
3107,3108,7,8
3108,3109,7,9
3109,3110,7,9
3110,3111,7,8
3111,3112,7,10
3112,3113,7,9
3113,3114,7,9
3114,3115,7,8
3115,3116,7,8
3116,3117,7,7
3117,3118,7,7
3118,3119,7,8
3119,3120,7,7
3120,3121,7,8
3121,3122,7,8
3122,3123,7,9
3123,3124,7,9
3124,3125,7,9
3125,3126,7,8
3126,3127,7,8
3127,3128,7,8
3128,3129,7,8
3129,3130,7,9
3130,3131,7,8
3131,3132,7,7
3132,3133,7,7
3133,3134,7,8
3134,3135,7,8
3135,3136,7,8
3136,3137,7,9
3137,3138,7,9
3138,3139,7,9
3139,3140,7,9
3140,3141,7,8
3141,3142,7,8
3142,3143,7,9
3143,3144,7,7
3144,3145,7,8
3145,3146,7,8
3146,3147,7,9
3147,3148,7,9
3148,3149,7,8
3149,3150,7,9
3150,3151,7,10
3151,3152,7,8
3152,3153,7,8
3153,3154,7,8
3154,3155,7,7
3155,3156,7,9
3156,3157,7,8
3157,3158,7,9
3158,3159,7,8
3159,3160,7,8
3160,3161,7,7
3161,3162,7,8
3162,3163,7,8
3163,3164,7,8
3164,3165,7,8
3165,3166,7,8
3166,3167,7,10
3167,3168,7,8
3168,3169,7,9
3169,3170,7,8
3170,3171,7,9
3171,3172,7,9
3172,3173,7,8
3173,3174,7,8
3174,3175,7,8
3175,3176,7,8
3176,3177,7,8
3177,3178,7,8
3178,3179,7,9
3179,3180,7,10
3180,3181,7,9
3181,3182,7,9
3182,3183,7,10
3183,3184,7,8
3184,3185,7,8
3185,3186,7,8
3186,3187,7,8
3187,3188,7,9
3188,3189,7,10
3189,3190,7,10
3190,3191,7,9
3191,3192,7,8
3192,3193,7,9
3193,3194,7,9
3194,3195,7,9
3195,3196,7,9
3196,3197,7,8
3197,3198,7,9
3198,3199,7,9
3199,3200,7,9
3200,3201,7,10
3201,3202,7,9
3202,3203,7,9
3203,3204,7,10
3204,3205,7,9
3205,3206,7,10
3206,3207,7,9
3207,3208,7,9
3208,3209,7,8
3209,3210,7,8
3210,3211,7,8
3211,3212,7,9
3212,3213,7,10
3213,3214,7,10
3214,3215,7,9
3215,3216,7,8
3216,3217,7,8
3217,3218,7,8
3218,3219,7,9
3219,3220,7,8
3220,3221,7,8
3221,3222,7,8
3222,3223,7,9
3223,3224,7,9
3224,3225,7,8
3225,3226,7,9
3226,3227,7,9
3227,3228,7,9
3228,3229,7,9
3229,3230,7,9
3230,3231,7,8
3231,3232,7,8
3232,3233,7,9
3233,3234,7,9
3234,3235,7,9
3235,3236,7,8
3236,3237,7,8
3237,3238,7,9
3238,3239,7,9
3239,3240,7,9
3240,3241,7,9
3241,3242,7,9
3242,3243,7,8
3243,3244,7,8
3244,3245,7,9
3245,3246,7,10
3246,3247,7,9
3247,3248,7,9
3248,3249,7,9
3249,3250,7,9
3250,3251,7,8
3251,3252,7,9
3252,3253,7,9
3253,3254,7,8
3254,3255,7,9
3255,3256,7,9
3256,3257,7,9
3257,3258,7,9
3258,3259,7,10
3259,3260,7,10
3260,3261,7,9
3261,3262,7,10
3262,3263,7,10
3263,3264,7,9
3264,3265,7,9
3265,3266,7,9
3266,3267,7,8
3267,3268,7,7
3268,3269,7,8
3269,3270,7,9
3270,3271,7,8
3271,3272,7,8
3272,3273,7,8
3273,3274,7,8
3274,3275,7,8
3275,3276,7,8
3276,3277,7,8
3277,3278,7,8
3278,3279,7,8
3279,3280,7,8
3280,3281,7,9
3281,3282,7,8
3282,3283,7,9
3283,3284,7,10
3284,3285,7,9
3285,3286,7,8
3286,3287,7,8
3287,3288,7,8
3288,3289,7,8
3289,3290,7,9
3290,3291,7,9
3291,3292,7,9
3292,3293,7,8
3293,3294,7,8
3294,3295,7,8
3295,3296,7,8
3296,3297,7,8
3297,3298,7,8
3298,3299,7,8
3299,3300,7,9
3300,3301,7,9
3301,3302,7,9
3302,3303,7,10
3303,3304,7,10
3304,3305,7,10
3305,3306,7,8
3306,3307,7,9
3307,3308,7,8
3308,3309,7,8
3309,3310,7,8
3310,3311,7,8
3311,3312,7,9
3312,3313,7,8
3313,3314,7,10
3314,3315,7,10
3315,3316,7,10
3316,3317,7,10
3317,3318,7,9
3318,3319,7,9
3319,3320,7,9
3320,3321,7,9
3321,3322,7,9
3322,3323,7,9
3323,3324,7,9
3324,3325,7,9
3325,3326,7,9
3326,3327,7,9
3327,3328,7,9
3328,3329,7,8
3329,3330,7,8
3330,3331,7,9
3331,3332,7,9
3332,3333,7,8
3333,3334,7,8
3334,3335,7,9
3335,3336,7,8
3336,3337,7,9
3337,3338,7,8
3338,3339,7,8
3339,3340,7,8
3340,3341,7,8
3341,3342,7,8
3342,3343,7,8
3343,3344,7,9
3344,3345,7,9
3345,3346,7,8
3346,3347,7,9
3347,3348,7,9
3348,3349,7,10
3349,3350,7,9
3350,3351,7,8
3351,3352,7,8
3352,3353,7,8
3353,3354,7,8
3354,3355,7,8
3355,3356,7,8
3356,3357,7,8
3357,3358,7,8
3358,3359,7,8
3359,3360,7,8
3360,3361,7,8
3361,3362,7,8
3362,3363,7,10
3363,3364,7,9
3364,3365,7,9
3365,3366,7,8
3366,3367,7,8
3367,3368,7,8
3368,3369,7,9
3369,3370,7,8
3370,3371,7,10
3371,3372,7,9
3372,3373,7,9
3373,3374,7,8
3374,3375,7,8
3375,3376,7,8
3376,3377,7,9
3377,3378,7,8
3378,3379,7,8
3379,3380,7,8
3380,3381,7,8
3381,3382,7,8
3382,3383,7,8
3383,3384,7,8
3384,3385,7,8
3385,3386,7,9
3386,3387,7,9
3387,3388,7,8
3388,3389,7,8
3389,3390,7,8
3390,3391,7,8
3391,3392,7,8
3392,3393,7,9
3393,3394,7,7
3394,3395,7,8
3395,3396,7,8
3396,3397,7,9
3397,3398,7,10
3398,3399,7,8
3399,3400,7,8
3400,3401,7,9
3401,3402,7,8
3402,3403,7,8
3403,3404,7,8
3404,3405,7,9
3405,3406,7,9
3406,3407,7,8
3407,3408,7,8
3408,3409,7,8
3409,3410,7,8
3410,3411,7,9
3411,3412,7,9
3412,3413,7,8
3413,3414,7,8
3414,3415,7,8
3415,3416,7,9
3416,3417,7,8
3417,3418,7,8
3418,3419,7,8
3419,3420,7,8
3420,3421,7,8
3421,3422,7,9
3422,3423,7,8
3423,3424,7,9
3424,3425,7,9
3425,3426,7,9
3426,3427,7,9
3427,3428,7,8
3428,3429,7,8
3429,3430,7,8
3430,3431,7,9
3431,3432,7,10
3432,3433,7,10
3433,3434,7,9
3434,3435,7,9
3435,3436,7,9
3436,3437,7,9
3437,3438,7,10
3438,3439,7,9
3439,3440,7,8
3440,3441,7,8
3441,3442,7,8
3442,3443,7,9
3443,3444,7,9
3444,3445,7,8
3445,3446,7,8
3446,3447,7,7
3447,3448,7,8
3448,3449,7,9
3449,3450,7,10
3450,3451,7,9
3451,3452,7,9
3452,3453,7,8
3453,3454,7,8
3454,3455,7,9
3455,3456,7,10
3456,3457,7,10
3457,3458,7,9
3458,3459,7,9
3459,3460,7,10
3460,3461,7,9
3461,3462,7,9
3462,3463,7,9
3463,3464,7,9
3464,3465,7,9
3465,3466,7,9
3466,3467,7,9
3467,3468,7,9
3468,3469,7,10
3469,3470,7,10
3470,3471,7,9
3471,3472,7,8
3472,3473,7,8
3473,3474,7,9
3474,3475,7,9
3475,3476,7,9
3476,3477,7,10
3477,3478,7,10
3478,3479,7,10
3479,3480,7,9
3480,3481,7,9
3481,3482,7,9
3482,3483,7,9
3483,3484,7,9
3484,3485,7,9
3485,3486,7,9
3486,3487,7,9
3487,3488,7,9
3488,3489,7,9
3489,3490,7,9
3490,3491,7,8
3491,3492,7,8
3492,3493,7,8
3493,3494,7,9
3494,3495,7,9
3495,3496,7,9
3496,3497,7,9
3497,3498,7,9
3498,3499,7,9
3499,3500,7,10
3500,3501,7,10
3501,3502,7,10
3502,3503,7,8
3503,3504,7,8
3504,3505,7,8
3505,3506,7,8
3506,3507,7,8
3507,3508,7,9
3508,3509,7,9
3509,3510,7,9
3510,3511,7,9
3511,3512,7,10
3512,3513,7,10
3513,3514,7,9
3514,3515,7,9
3515,3516,7,9
3516,3517,7,8
3517,3518,7,8
3518,3519,7,8
3519,3520,7,10
3520,3521,7,10
3521,3522,7,10
3522,3523,7,9
3523,3524,7,9
3524,3525,7,9
3525,3526,7,10
3526,3527,7,10
3527,3528,7,10
3528,3529,7,10
3529,3530,7,9
3530,3531,7,9
3531,3532,7,8
3532,3533,7,8
3533,3534,7,7
3534,3535,7,7
3535,3536,7,7
3536,3537,7,7
3537,3538,7,7
3538,3539,7,8
3539,3540,7,9
3540,3541,7,8
3541,3542,7,8
3542,3543,7,8
3543,3544,7,10
3544,3545,7,9
3545,3546,7,8
3546,3547,7,9
3547,3548,7,9
3548,3549,7,9
3549,3550,7,9
3550,3551,7,9
3551,3552,7,9
3552,3553,7,9
3553,3554,7,9
3554,3555,7,9
3555,3556,7,10
3556,3557,7,9
3557,3558,7,9
3558,3559,7,9
3559,3560,7,9
3560,3561,7,8
3561,3562,7,9
3562,3563,7,9
3563,3564,7,9
3564,3565,7,9
3565,3566,7,8
3566,3567,7,8
3567,3568,7,9
3568,3569,7,9
3569,3570,7,9
3570,3571,7,8
3571,3572,7,7
3572,3573,7,8
3573,3574,7,8
3574,3575,7,9
3575,3576,7,8
3576,3577,7,7
3577,3578,7,8
3578,3579,7,8
3579,3580,7,8
3580,3581,7,9
3581,3582,7,9
3582,3583,7,9
3583,3584,7,9
3584,3585,7,8
3585,3586,7,9
3586,3587,7,10
3587,3588,7,10
3588,3589,7,10
3589,3590,7,9
3590,3591,7,8
3591,3592,7,8
3592,3593,7,8
3593,3594,7,8
3594,3595,7,7
3595,3596,7,8
3596,3597,7,8
3597,3598,7,8
3598,3599,7,9
3599,3600,7,9
3600,3601,7,9
3601,3602,7,9
3602,3603,7,9
3603,3604,7,9
3604,3605,7,8
3605,3606,7,8
3606,3607,7,9
3607,3608,7,9
3608,3609,7,8
3609,3610,7,8
3610,3611,7,9
3611,3612,7,9
3612,3613,7,8
3613,3614,7,9
3614,3615,7,8
3615,3616,7,9
3616,3617,7,8
3617,3618,7,9
3618,3619,7,9
3619,3620,7,9
3620,3621,7,9
3621,3622,7,9
3622,3623,7,9
3623,3624,7,9
3624,3625,7,9
3625,3626,7,9
3626,3627,7,9
3627,3628,7,9
3628,3629,7,9
3629,3630,7,9
3630,3631,7,9
3631,3632,7,9
3632,3633,7,8
3633,3634,7,8
3634,3635,7,9
3635,3636,7,8
3636,3637,7,8
3637,3638,7,8
3638,3639,7,7
3639,3640,7,9
3640,3641,7,8
3641,3642,7,8
3642,3643,7,8
3643,3644,7,9
3644,3645,7,9
3645,3646,7,9
3646,3647,7,9
3647,3648,7,8
3648,3649,7,8
3649,3650,7,8
3650,3651,7,8
3651,3652,7,9
3652,3653,7,8
3653,3654,7,8
3654,3655,7,8
3655,3656,7,8
3656,3657,7,10
3657,3658,7,9
3658,3659,7,9
3659,3660,7,10
3660,3661,7,8
3661,3662,7,8
3662,3663,7,9
3663,3664,7,10
3664,3665,7,9
3665,3666,7,8
3666,3667,7,9
3667,3668,7,9
3668,3669,7,9
3669,3670,7,9
3670,3671,7,9
3671,3672,7,9
3672,3673,7,8
3673,3674,7,8
3674,3675,7,9
3675,3676,7,10
3676,3677,7,9
3677,3678,7,9
3678,3679,7,8
3679,3680,7,8
3680,3681,7,8
3681,3682,7,8
3682,3683,7,8
3683,3684,7,8
3684,3685,7,8
3685,3686,7,8
3686,3687,7,9
3687,3688,7,9
3688,3689,7,8
3689,3690,7,7
3690,3691,7,8
3691,3692,7,8
3692,3693,7,8
3693,3694,7,9
3694,3695,7,8
3695,3696,7,8
3696,3697,7,7
3697,3698,7,9
3698,3699,7,8
3699,3700,7,8
3700,3701,7,9
3701,3702,7,9
3702,3703,7,8
3703,3704,7,7
3704,3705,7,7
3705,3706,7,7
3706,3707,7,7
3707,3708,7,9
3708,3709,7,9
3709,3710,7,8
3710,3711,7,9
3711,3712,7,10
3712,3713,7,10
3713,3714,7,8
3714,3715,7,8
3715,3716,7,8
3716,3717,7,8
3717,3718,7,9
3718,3719,7,8
3719,3720,7,8
3720,3721,7,9
3721,3722,7,9
3722,3723,7,9
3723,3724,7,8
3724,3725,7,8
3725,3726,7,9
3726,3727,7,9
3727,3728,7,9
3728,3729,7,8
3729,3730,7,8
3730,3731,7,8
3731,3732,7,8
3732,3733,7,8
3733,3734,7,9
3734,3735,7,8
3735,3736,7,8
3736,3737,7,9
3737,3738,7,10
3738,3739,7,9
3739,3740,7,9
3740,3741,7,8
3741,3742,7,8
3742,3743,7,8
3743,3744,7,9
3744,3745,7,9
3745,3746,7,9
3746,3747,7,9
3747,3748,7,9
3748,3749,7,8
3749,3750,7,8
3750,3751,7,9
3751,3752,7,9
3752,3753,7,9
3753,3754,7,9
3754,3755,7,9
3755,3756,7,9
3756,3757,7,10
3757,3758,7,9
3758,3759,7,9
3759,3760,7,9
3760,3761,7,10
3761,3762,7,10
3762,3763,7,10
3763,3764,7,9
3764,3765,7,9
3765,3766,7,10
3766,3767,7,10
3767,3768,7,8
3768,3769,7,8
3769,3770,7,9
3770,3771,7,10
3771,3772,7,10
3772,3773,7,10
3773,3774,7,8
3774,3775,7,9
3775,3776,7,8
3776,3777,7,8
3777,3778,7,9
3778,3779,7,9
3779,3780,7,9
3780,3781,7,9
3781,3782,7,9
3782,3783,7,9
3783,3784,7,8
3784,3785,7,8
3785,3786,7,8
3786,3787,7,7
3787,3788,7,7
3788,3789,7,8
3789,3790,7,7
3790,3791,7,9
3791,3792,7,9
3792,3793,7,8
3793,3794,7,9
3794,3795,7,10
3795,3796,7,9
3796,3797,7,8
3797,3798,7,9
3798,3799,7,9
3799,3800,7,9
3800,3801,7,9
3801,3802,7,9
3802,3803,7,10
3803,3804,7,8
3804,3805,7,9
3805,3806,7,8
3806,3807,7,9
3807,3808,7,8
3808,3809,7,8
3809,3810,7,9
3810,3811,7,8
3811,3812,7,8
3812,3813,7,9
3813,3814,7,9
3814,3815,7,8
3815,3816,7,8
3816,3817,7,8
3817,3818,7,8
3818,3819,7,9
3819,3820,7,8
3820,3821,7,8
3821,3822,7,8
3822,3823,7,9
3823,3824,7,9
3824,3825,7,9
3825,3826,7,9
3826,3827,7,9
3827,3828,7,8
3828,3829,7,8
3829,3830,7,8
3830,3831,7,8
3831,3832,7,8
3832,3833,7,8
3833,3834,7,9
3834,3835,7,10
3835,3836,7,9
3836,3837,7,9
3837,3838,7,9
3838,3839,7,8
3839,3840,7,8
3840,3841,7,8
3841,3842,7,10
3842,3843,7,9
3843,3844,7,8
3844,3845,7,8
3845,3846,7,7
3846,3847,7,7
3847,3848,7,8
3848,3849,7,9
3849,3850,7,9
3850,3851,7,9
3851,3852,7,8
3852,3853,7,8
3853,3854,7,8
3854,3855,7,7
3855,3856,7,8
3856,3857,7,7
3857,3858,7,7
3858,3859,7,9
3859,3860,7,9
3860,3861,7,9
3861,3862,7,10
3862,3863,7,10
3863,3864,7,10
3864,3865,7,9
3865,3866,7,10
3866,3867,7,10
3867,3868,7,9
3868,3869,7,10
3869,3870,7,9
3870,3871,7,8
3871,3872,7,8
3872,3873,7,9
3873,3874,7,8
3874,3875,7,9
3875,3876,7,10
3876,3877,7,9
3877,3878,7,9
3878,3879,7,9
3879,3880,7,8
3880,3881,7,8
3881,3882,7,8
3882,3883,7,9
3883,3884,7,9
3884,3885,7,8
3885,3886,7,8
3886,3887,7,8
3887,3888,7,9
3888,3889,7,9
3889,3890,7,9
3890,3891,7,9
3891,3892,7,7
3892,3893,7,8
3893,3894,7,8
3894,3895,7,8
3895,3896,7,8
3896,3897,7,8
3897,3898,7,9
3898,3899,7,8
3899,3900,7,8
3900,3901,7,9
3901,3902,7,8
3902,3903,7,9
3903,3904,7,9
3904,3905,7,9
3905,3906,7,8
3906,3907,7,8
3907,3908,7,8
3908,3909,7,9
3909,3910,7,8
3910,3911,7,8
3911,3912,7,8
3912,3913,7,8
3913,3914,7,8
3914,3915,7,8
3915,3916,7,8
3916,3917,7,9
3917,3918,7,9
3918,3919,7,9
3919,3920,7,9
3920,3921,7,9
3921,3922,7,9
3922,3923,7,9
3923,3924,7,9
3924,3925,7,9
3925,3926,7,9
3926,3927,7,8
3927,3928,7,8
3928,3929,7,8
3929,3930,7,9
3930,3931,7,9
3931,3932,7,8
3932,3933,7,8
3933,3934,7,9
3934,3935,7,10
3935,3936,7,9
3936,3937,7,10
3937,3938,7,9
3938,3939,7,8
3939,3940,7,8
3940,3941,7,8
3941,3942,7,9
3942,3943,7,8
3943,3944,7,9
3944,3945,7,10
3945,3946,7,9
3946,3947,7,9
3947,3948,7,9
3948,3949,7,8
3949,3950,7,8
3950,3951,7,9
3951,3952,7,9
3952,3953,7,9
3953,3954,7,9
3954,3955,7,9
3955,3956,7,9
3956,3957,7,8
3957,3958,7,8
3958,3959,7,9
3959,3960,7,9
3960,3961,7,8
3961,3962,7,10
3962,3963,7,9
3963,3964,7,9
3964,3965,7,8
3965,3966,7,8
3966,3967,7,9
3967,3968,7,9
3968,3969,7,9
3969,3970,7,10
3970,3971,7,9
3971,3972,7,9
3972,3973,7,9
3973,3974,7,9
3974,3975,7,9
3975,3976,7,8
3976,3977,7,9
3977,3978,7,8
3978,3979,7,10
3979,3980,7,9
3980,3981,7,8
3981,3982,7,8
3982,3983,7,8
3983,3984,7,9
3984,3985,7,10
3985,3986,7,9
3986,3987,7,8
3987,3988,7,8
3988,3989,7,8
3989,3990,7,8
3990,3991,7,9
3991,3992,7,9
3992,3993,7,9
3993,3994,7,8
3994,3995,7,9
3995,3996,7,9
3996,3997,7,8
3997,3998,7,9
3998,3999,7,9
3999,4000,7,9
4000,4001,7,7
4001,4002,7,8
4002,4003,7,9
4003,4004,7,9
4004,4005,7,8
4005,4006,7,8
4006,4007,7,8
4007,4008,7,9
4008,4009,7,9
4009,4010,7,8
4010,4011,7,8
4011,4012,7,10
4012,4013,7,8
4013,4014,7,8
4014,4015,7,9
4015,4016,7,9
4016,4017,7,9
4017,4018,7,8
4018,4019,7,9
4019,4020,7,9
4020,4021,7,10
4021,4022,7,9
4022,4023,7,8
4023,4024,7,8
4024,4025,7,9
4025,4026,7,9
4026,4027,7,8
4027,4028,7,8
4028,4029,7,9
4029,4030,7,9
4030,4031,7,9
4031,4032,7,10
4032,4033,7,10
4033,4034,7,8
4034,4035,7,8
4035,4036,7,8
4036,4037,7,8
4037,4038,7,8
4038,4039,7,8
4039,4040,7,9
4040,4041,7,8
4041,4042,7,8
4042,4043,7,7
4043,4044,7,9
4044,4045,7,8
4045,4046,7,8
4046,4047,7,8
4047,4048,7,8
4048,4049,7,9
4049,4050,7,8
4050,4051,7,8
4051,4052,7,8
4052,4053,7,8
4053,4054,7,8
4054,4055,7,9
4055,4056,7,9
4056,4057,7,8
4057,4058,7,9
4058,4059,7,8
4059,4060,7,8
4060,4061,7,9
4061,4062,7,9
4062,4063,7,8
4063,4064,7,7
4064,4065,7,8
4065,4066,7,7
4066,4067,7,9
4067,4068,7,9
4068,4069,7,8
4069,4070,7,8
4070,4071,7,9
4071,4072,7,7
4072,4073,7,8
4073,4074,7,8
4074,4075,7,9
4075,4076,7,8
4076,4077,7,8
4077,4078,7,8
4078,4079,7,8
4079,4080,7,8
4080,4081,7,9
4081,4082,7,9
4082,4083,7,9
4083,4084,7,9
4084,4085,7,9
4085,4086,7,9
4086,4087,7,9
4087,4088,7,9
4088,4089,7,8
4089,4090,7,9
4090,4091,7,8
4091,4092,7,8
4092,4093,7,8
4093,4094,7,8
4094,4095,7,9
4095,4096,7,8
4096,4097,7,8
4097,4098,7,8
4098,4099,7,9
4099,4100,7,9
4100,4101,7,8
4101,4102,7,9
4102,4103,7,8
4103,4104,7,9
4104,4105,7,9
4105,4106,7,9
4106,4107,7,8
4107,4108,7,8
4108,4109,7,10
4109,4110,7,8
4110,4111,7,8
4111,4112,7,8
4112,4113,7,9
4113,4114,7,9
4114,4115,7,9
4115,4116,7,8
4116,4117,7,8
4117,4118,7,8
4118,4119,7,8
4119,4120,7,9
4120,4121,7,9
4121,4122,7,9
4122,4123,7,10
4123,4124,7,10
4124,4125,7,9
4125,4126,7,8
4126,4127,7,9
4127,4128,7,9
4128,4129,7,9
4129,4130,7,9
4130,4131,7,9
4131,4132,7,8
4132,4133,7,8
4133,4134,7,8
4134,4135,7,9
4135,4136,7,8
4136,4137,7,9
4137,4138,7,8
4138,4139,7,9
4139,4140,7,9
4140,4141,7,9
4141,4142,7,9
4142,4143,7,9
4143,4144,7,9
4144,4145,7,9
4145,4146,7,8
4146,4147,7,8
4147,4148,7,8
4148,4149,7,8
4149,4150,7,8
4150,4151,7,9
4151,4152,7,8
4152,4153,7,8
4153,4154,7,8
4154,4155,7,8
4155,4156,7,9
4156,4157,7,8
4157,4158,7,8
4158,4159,7,8
4159,4160,7,8
4160,4161,7,8
4161,4162,7,7
4162,4163,7,7
4163,4164,7,7
4164,4165,7,7
4165,4166,7,7
4166,4167,7,7
4167,4168,7,9
4168,4169,7,8
4169,4170,7,9
4170,4171,7,8
4171,4172,7,9
4172,4173,7,9
4173,4174,7,8
4174,4175,7,8
4175,4176,7,8
4176,4177,7,8
4177,4178,7,9
4178,4179,7,9
4179,4180,7,9
4180,4181,7,9
4181,4182,7,8
4182,4183,7,10
4183,4184,7,10
4184,4185,7,10
4185,4186,7,10
4186,4187,7,8
4187,4188,7,8
4188,4189,7,9
4189,4190,7,9
4190,4191,7,9
4191,4192,7,9
4192,4193,7,10
4193,4194,7,9
4194,4195,7,9
4195,4196,7,9
4196,4197,7,9
4197,4198,7,7
4198,4199,7,9
4199,4200,7,9
4200,4201,7,9
4201,4202,7,9
4202,4203,7,10
4203,4204,7,10
4204,4205,7,10
4205,4206,7,8
4206,4207,7,8
4207,4208,7,8
4208,4209,7,7
4209,4210,7,7
4210,4211,7,7
4211,4212,7,8
4212,4213,7,7
4213,4214,7,7
4214,4215,7,8
4215,4216,7,8
4216,4217,7,8
4217,4218,7,8
4218,4219,7,8
4219,4220,7,8
4220,4221,7,8
4221,4222,7,8
4222,4223,7,9
4223,4224,7,7
4224,4225,7,7
4225,4226,7,7
4226,4227,7,8
4227,4228,7,8
4228,4229,7,10
4229,4230,7,9
4230,4231,7,9
4231,4232,7,10
4232,4233,7,9
4233,4234,7,9
4234,4235,7,8
4235,4236,7,8
4236,4237,7,8
4237,4238,7,7
4238,4239,7,8
4239,4240,7,9
4240,4241,7,9
4241,4242,7,9
4242,4243,7,9
4243,4244,7,8
4244,4245,7,8
4245,4246,7,8
4246,4247,7,9
4247,4248,7,9
4248,4249,7,9
4249,4250,7,9
4250,4251,7,10
4251,4252,7,10
4252,4253,7,10
4253,4254,7,10
4254,4255,7,9
4255,4256,7,9
4256,4257,7,9
4257,4258,7,9
4258,4259,7,9
4259,4260,7,9
4260,4261,7,10
4261,4262,7,9
4262,4263,7,9
4263,4264,7,9
4264,4265,7,8
4265,4266,7,8
4266,4267,7,8
4267,4268,7,8
4268,4269,7,8
4269,4270,7,8
4270,4271,7,8
4271,4272,7,8
4272,4273,7,9
4273,4274,7,9
4274,4275,7,10
4275,4276,7,10
4276,4277,7,9
4277,4278,7,9
4278,4279,7,9
4279,4280,7,8
4280,4281,7,8
4281,4282,7,8
4282,4283,7,8
4283,4284,7,8
4284,4285,7,9
4285,4286,7,9
4286,4287,7,9
4287,4288,7,10
4288,4289,7,9
4289,4290,7,9
4290,4291,7,8
4291,4292,7,9
4292,4293,7,10
4293,4294,7,10
4294,4295,7,10
4295,4296,7,9
4296,4297,7,9
4297,4298,7,8
4298,4299,7,8
4299,4300,7,8
4300,4301,7,8
4301,4302,7,8
4302,4303,7,8
4303,4304,7,8
4304,4305,7,8
4305,4306,7,8
4306,4307,7,8
4307,4308,7,8
4308,4309,7,7
4309,4310,7,7
4310,4311,7,7
4311,4312,7,7
4312,4313,7,9
4313,4314,7,9
4314,4315,7,8
4315,4316,7,9
4316,4317,7,9
4317,4318,7,9
4318,4319,7,8
4319,4320,7,8
4320,4321,7,9
4321,4322,7,9
4322,4323,7,8
4323,4324,7,8
4324,4325,7,8
4325,4326,7,9
4326,4327,7,8
4327,4328,7,9
4328,4329,7,9
4329,4330,7,9
4330,4331,7,9
4331,4332,7,9
4332,4333,7,8
4333,4334,7,9
4334,4335,7,10
4335,4336,7,10
4336,4337,7,9
4337,4338,7,8
4338,4339,7,9
4339,4340,7,9
4340,4341,7,9
4341,4342,7,8
4342,4343,7,9
4343,4344,7,9
4344,4345,7,9
4345,4346,7,8
4346,4347,7,9
4347,4348,7,10
4348,4349,7,10
4349,4350,7,10
4350,4351,7,10
4351,4352,7,8
4352,4353,7,8
4353,4354,7,8
4354,4355,7,10
4355,4356,7,9
4356,4357,7,9
4357,4358,7,10
4358,4359,7,9
4359,4360,7,8
4360,4361,7,9
4361,4362,7,8
4362,4363,7,8
4363,4364,7,9
4364,4365,7,9
4365,4366,7,9
4366,4367,7,10
4367,4368,7,9
4368,4369,7,9
4369,4370,7,8
4370,4371,7,9
4371,4372,7,8
4372,4373,7,8
4373,4374,7,8
4374,4375,7,8
4375,4376,7,8
4376,4377,7,8
4377,4378,7,8
4378,4379,7,8
4379,4380,7,9
4380,4381,7,9
4381,4382,7,9
4382,4383,7,9
4383,4384,7,8
4384,4385,7,8
4385,4386,7,8
4386,4387,7,8
4387,4388,7,8
4388,4389,7,8
4389,4390,7,7
4390,4391,7,7
4391,4392,7,7
4392,4393,7,7
4393,4394,7,8
4394,4395,7,8
4395,4396,7,9
4396,4397,7,9
4397,4398,7,9
4398,4399,7,9
4399,4400,7,10
4400,4401,7,10
4401,4402,7,9
4402,4403,7,9
4403,4404,7,9
4404,4405,7,8
4405,4406,7,8
4406,4407,7,8
4407,4408,7,8
4408,4409,7,8
4409,4410,7,9
4410,4411,7,10
4411,4412,7,10
4412,4413,7,9
4413,4414,7,9
4414,4415,7,9
4415,4416,7,9
4416,4417,7,9
4417,4418,7,10
4418,4419,7,9
4419,4420,7,8
4420,4421,7,9
4421,4422,7,10
4422,4423,7,10
4423,4424,7,10
4424,4425,7,10
4425,4426,7,10
4426,4427,7,9
4427,4428,7,9
4428,4429,7,8
4429,4430,7,9
4430,4431,7,9
4431,4432,7,8
4432,4433,7,8
4433,4434,7,8
4434,4435,7,8
4435,4436,7,8
4436,4437,7,8
4437,4438,7,9
4438,4439,7,8
4439,4440,7,9
4440,4441,7,9
4441,4442,7,9
4442,4443,7,9
4443,4444,7,8
4444,4445,7,8
4445,4446,7,8
4446,4447,7,7
4447,4448,7,8
4448,4449,7,8
4449,4450,7,9
4450,4451,7,9
4451,4452,7,9
4452,4453,7,9
4453,4454,7,8
4454,4455,7,8
4455,4456,7,8
4456,4457,7,8
4457,4458,7,8
4458,4459,7,9
4459,4460,7,9
4460,4461,7,9
4461,4462,7,8
4462,4463,7,8
4463,4464,7,8
4464,4465,7,7
4465,4466,7,7
4466,4467,7,7
4467,4468,7,7
4468,4469,7,7
4469,4470,7,8
4470,4471,7,9
4471,4472,7,9
4472,4473,7,8
4473,4474,7,9
4474,4475,7,9
4475,4476,7,9
4476,4477,7,8
4477,4478,7,9
4478,4479,7,8
4479,4480,7,8
4480,4481,7,10
4481,4482,7,9
4482,4483,7,10
4483,4484,7,10
4484,4485,7,8
4485,4486,7,8
4486,4487,7,7
4487,4488,7,9
4488,4489,7,8
4489,4490,7,8
4490,4491,7,8
4491,4492,7,8
4492,4493,7,8
4493,4494,7,9
4494,4495,7,9
4495,4496,7,9
4496,4497,7,8
4497,4498,7,7
4498,4499,7,8
4499,4500,7,9
4500,4501,7,9
4501,4502,7,8
4502,4503,7,9
4503,4504,7,9
4504,4505,7,8
4505,4506,7,9
4506,4507,7,9
4507,4508,7,9
4508,4509,7,9
4509,4510,7,8
4510,4511,7,9
4511,4512,7,10
4512,4513,7,9
4513,4514,7,9
4514,4515,7,8
4515,4516,7,8
4516,4517,7,8
4517,4518,7,8
4518,4519,7,8
4519,4520,7,8
4520,4521,7,8
4521,4522,7,8
4522,4523,7,8
4523,4524,7,9
4524,4525,7,9
4525,4526,7,9
4526,4527,7,8
4527,4528,7,8
4528,4529,7,8
4529,4530,7,9
4530,4531,7,9
4531,4532,7,8
4532,4533,7,9
4533,4534,7,9
4534,4535,7,9
4535,4536,7,9
4536,4537,7,9
4537,4538,7,9
4538,4539,7,9
4539,4540,7,10
4540,4541,7,7
4541,4542,7,8
4542,4543,7,8
4543,4544,7,8
4544,4545,7,9
4545,4546,7,9
4546,4547,7,8
4547,4548,7,8
4548,4549,7,8
4549,4550,7,8
4550,4551,7,9
4551,4552,7,9
4552,4553,7,9
4553,4554,7,10
4554,4555,7,9
4555,4556,7,10
4556,4557,7,9
4557,4558,7,9
4558,4559,7,9
4559,4560,7,8
4560,4561,7,8
4561,4562,7,8
4562,4563,7,9
4563,4564,7,8
4564,4565,7,9
4565,4566,7,9
4566,4567,7,10
4567,4568,7,10
4568,4569,7,10
4569,4570,7,10
4570,4571,7,8
4571,4572,7,8
4572,4573,7,8
4573,4574,7,8
4574,4575,7,9
4575,4576,7,9
4576,4577,7,10
4577,4578,7,9
4578,4579,7,8
4579,4580,7,8
4580,4581,7,8
4581,4582,7,8
4582,4583,7,8
4583,4584,7,9
4584,4585,7,8
4585,4586,7,8
4586,4587,7,8
4587,4588,7,9
4588,4589,7,9
4589,4590,7,9
4590,4591,7,9
4591,4592,7,9
4592,4593,7,10
4593,4594,7,10
4594,4595,7,8
4595,4596,7,9
4596,4597,7,9
4597,4598,7,8
4598,4599,7,8
4599,4600,7,9
4600,4601,7,8
4601,4602,7,8
4602,4603,7,9
4603,4604,7,9
4604,4605,7,9
4605,4606,7,9
4606,4607,7,8
4607,4608,7,8
4608,4609,7,9
4609,4610,7,9
4610,4611,7,9
4611,4612,7,8
4612,4613,7,8
4613,4614,7,8
4614,4615,7,8
4615,4616,7,8
4616,4617,7,8
4617,4618,7,9
4618,4619,7,7
4619,4620,7,8
4620,4621,7,8
4621,4622,7,8
4622,4623,7,8
4623,4624,7,8
4624,4625,7,8
4625,4626,7,10
4626,4627,7,9
4627,4628,7,9
4628,4629,7,10
4629,4630,7,10
4630,4631,7,10
4631,4632,7,9
4632,4633,7,10
4633,4634,7,9
4634,4635,7,8
4635,4636,7,8
4636,4637,7,8
4637,4638,7,8
4638,4639,7,9
4639,4640,7,10
4640,4641,7,9
4641,4642,7,8
4642,4643,7,8
4643,4644,7,8
4644,4645,7,9
4645,4646,7,8
4646,4647,7,8
4647,4648,7,8
4648,4649,7,9
4649,4650,7,10
4650,4651,7,8
4651,4652,7,9
4652,4653,7,9
4653,4654,7,9
4654,4655,7,8
4655,4656,7,8
4656,4657,7,9
4657,4658,7,10
4658,4659,7,10
4659,4660,7,10
4660,4661,7,9
4661,4662,7,9
4662,4663,7,10
4663,4664,7,9
4664,4665,7,9
4665,4666,7,9
4666,4667,7,9
4667,4668,7,8
4668,4669,7,9
4669,4670,7,10
4670,4671,7,9
4671,4672,7,10
4672,4673,7,10
4673,4674,7,8
4674,4675,7,8
4675,4676,7,8
4676,4677,7,9
4677,4678,7,8
4678,4679,7,8
4679,4680,7,8
4680,4681,7,9
4681,4682,7,9
4682,4683,7,8
4683,4684,7,9
4684,4685,7,9
4685,4686,7,9
4686,4687,7,7
4687,4688,7,9
4688,4689,7,9
4689,4690,7,9
4690,4691,7,9
4691,4692,7,9
4692,4693,7,10
4693,4694,7,9
4694,4695,7,8
4695,4696,7,8
4696,4697,7,10
4697,4698,7,10
4698,4699,7,9
4699,4700,7,8
4700,4701,7,8
4701,4702,7,9
4702,4703,7,9
4703,4704,7,8
4704,4705,7,9
4705,4706,7,9
4706,4707,7,9
4707,4708,7,9
4708,4709,7,9
4709,4710,7,9
4710,4711,7,8
4711,4712,7,8
4712,4713,7,9
4713,4714,7,8
4714,4715,7,8
4715,4716,7,9
4716,4717,7,9
4717,4718,7,9
4718,4719,7,8
4719,4720,7,8
4720,4721,7,9
4721,4722,7,10
4722,4723,7,10
4723,4724,7,10
4724,4725,7,9
4725,4726,7,9
4726,4727,7,8
4727,4728,7,8
4728,4729,7,8
4729,4730,7,9
4730,4731,7,9
4731,4732,7,9
4732,4733,7,9
4733,4734,7,8
4734,4735,7,9
4735,4736,7,9
4736,4737,7,8
4737,4738,7,8
4738,4739,7,8
4739,4740,7,9
4740,4741,7,9
4741,4742,7,9
4742,4743,7,10
4743,4744,7,9
4744,4745,7,9
4745,4746,7,10
4746,4747,7,9
4747,4748,7,9
4748,4749,7,8
4749,4750,7,8
4750,4751,7,8
4751,4752,7,9
4752,4753,7,9
4753,4754,7,9
4754,4755,7,9
4755,4756,7,8
4756,4757,7,10
4757,4758,7,8
4758,4759,7,7
4759,4760,7,8
4760,4761,7,8
4761,4762,7,9
4762,4763,7,8
4763,4764,7,8
4764,4765,7,8
4765,4766,7,9
4766,4767,7,8
4767,4768,7,8
4768,4769,7,10
4769,4770,7,9
4770,4771,7,9
4771,4772,7,9
4772,4773,7,9
4773,4774,7,9
4774,4775,7,9
4775,4776,7,9
4776,4777,7,9
4777,4778,7,9
4778,4779,7,9
4779,4780,7,8
4780,4781,7,9
4781,4782,7,9
4782,4783,7,9
4783,4784,7,9
4784,4785,7,9
4785,4786,7,9
4786,4787,7,9
4787,4788,7,8
4788,4789,7,8
4789,4790,7,7
4790,4791,7,9
4791,4792,7,10
4792,4793,7,8
4793,4794,7,8
4794,4795,7,8
4795,4796,7,8
4796,4797,7,9
4797,4798,7,8
4798,4799,7,8
4799,4800,7,9
4800,4801,7,9
4801,4802,7,9
4802,4803,7,8
4803,4804,7,8
4804,4805,7,9
4805,4806,7,8
4806,4807,7,8
4807,4808,7,8
4808,4809,7,8
4809,4810,7,8
4810,4811,7,8
4811,4812,7,8
4812,4813,7,10
4813,4814,7,9
4814,4815,7,9
4815,4816,7,9
4816,4817,7,9
4817,4818,7,10
4818,4819,7,9
4819,4820,7,9
4820,4821,7,9
4821,4822,7,8
4822,4823,7,8
4823,4824,7,8
4824,4825,7,8
4825,4826,7,8
4826,4827,7,9
4827,4828,7,9
4828,4829,7,8
4829,4830,7,9
4830,4831,7,9
4831,4832,7,10
4832,4833,7,10
4833,4834,7,9
4834,4835,7,10
4835,4836,7,8
4836,4837,7,9
4837,4838,7,9
4838,4839,7,9
4839,4840,7,9
4840,4841,7,8
4841,4842,7,9
4842,4843,7,8
4843,4844,7,9
4844,4845,7,9
4845,4846,7,9
4846,4847,7,9
4847,4848,7,8
4848,4849,7,9
4849,4850,7,9
4850,4851,7,8
4851,4852,7,9
4852,4853,7,9
4853,4854,7,9
4854,4855,7,9
4855,4856,7,8
4856,4857,7,10
4857,4858,7,10
4858,4859,7,9
4859,4860,7,8
4860,4861,7,8
4861,4862,7,7
4862,4863,7,7
4863,4864,7,8
4864,4865,7,8
4865,4866,7,7
4866,4867,7,8
4867,4868,7,8
4868,4869,7,8
4869,4870,7,8
4870,4871,7,8
4871,4872,7,8
4872,4873,7,8
4873,4874,7,10
4874,4875,7,9
4875,4876,7,8
4876,4877,7,8
4877,4878,7,8
4878,4879,7,9
4879,4880,7,9
4880,4881,7,8
4881,4882,7,8
4882,4883,7,8
4883,4884,7,8
4884,4885,7,8
4885,4886,7,9
4886,4887,7,8
4887,4888,7,8
4888,4889,7,9
4889,4890,7,9
4890,4891,7,9
4891,4892,7,9
4892,4893,7,9
4893,4894,7,8
4894,4895,7,9
4895,4896,7,10
4896,4897,7,9
4897,4898,7,8
4898,4899,7,9
4899,4900,7,9
4900,4901,7,9
4901,4902,7,8
4902,4903,7,8
4903,4904,7,9
4904,4905,7,9
4905,4906,7,8
4906,4907,7,8
4907,4908,7,10
4908,4909,7,9
4909,4910,7,9
4910,4911,7,9
4911,4912,7,10
4912,4913,7,9
4913,4914,7,9
4914,4915,7,10
4915,4916,7,8
4916,4917,7,8
4917,4918,7,9
4918,4919,7,9
4919,4920,7,10
4920,4921,7,8
4921,4922,7,8
4922,4923,7,10
4923,4924,7,9
4924,4925,7,8
4925,4926,7,9
4926,4927,7,8
4927,4928,7,8
4928,4929,7,8
4929,4930,7,9
4930,4931,7,9
4931,4932,7,9
4932,4933,7,9
4933,4934,7,8
4934,4935,7,9
4935,4936,7,9
4936,4937,7,8
4937,4938,7,9
4938,4939,7,8
4939,4940,7,7
4940,4941,7,8
4941,4942,7,8
4942,4943,7,8
4943,4944,7,9
4944,4945,7,8
4945,4946,7,8
4946,4947,7,10
4947,4948,7,10
4948,4949,7,8
4949,4950,7,9
4950,4951,7,9
4951,4952,7,9
4952,4953,7,9
4953,4954,7,9
4954,4955,7,10
4955,4956,7,9
4956,4957,7,9
4957,4958,7,9
4958,4959,7,9
4959,4960,7,9
4960,4961,7,9
4961,4962,7,8
4962,4963,7,8
4963,4964,7,10
4964,4965,7,10
4965,4966,7,10
4966,4967,7,10
4967,4968,7,10
4968,4969,7,10
4969,4970,7,9
4970,4971,7,9
4971,4972,7,9
4972,4973,7,8
4973,4974,7,8
4974,4975,7,9
4975,4976,7,9
4976,4977,7,8
4977,4978,7,8
4978,4979,7,9
4979,4980,7,9
4980,4981,7,9
4981,4982,7,9
4982,4983,7,8
4983,4984,7,9
4984,4985,7,9
4985,4986,7,8
4986,4987,7,8
4987,4988,7,9
4988,4989,7,9
4989,4990,7,9
4990,4991,7,10
4991,4992,7,10
4992,4993,7,9
4993,4994,7,9
4994,4995,7,9
4995,4996,7,9
4996,4997,7,9
4997,4998,7,10
4998,4999,7,10
4999,5000,7,10
5000,5001,7,10
5001,5002,7,10
