1,2,-4,-3
2,3,-4,-3
3,4,-4,-3
4,5,-4,-2
5,6,-4,-2
6,7,-4,-2
7,8,-4,-2
8,9,-4,-2
9,10,-4,-1
10,11,-4,-4
11,12,-4,-2
12,13,-4,-3
13,14,-4,-4
14,15,-4,-4
15,16,-4,-3
16,17,-4,-4
17,18,-4,-4
18,19,-4,-3
19,20,-4,-4
20,21,-4,-5
21,22,-5,-4
22,23,-5,-2
23,24,-5,-3
24,25,-5,-3
25,26,-5,-4
26,27,-5,-4
27,28,-5,-3
28,29,-5,-2
29,30,-5,-3
30,31,-5,-1
31,32,-5,-2
32,33,-5,-2
33,34,-5,-2
34,35,-5,-2
35,36,-5,-3
36,37,-5,-3
37,38,-5,-4
38,39,-5,-4
39,40,-5,-3
40,41,-5,-3
41,42,-5,-4
42,43,-5,-3
43,44,-5,-2
44,45,-5,-2
45,46,-5,-4
46,47,-5,-3
47,48,-5,-4
48,49,-5,-3
49,50,-5,-2
50,51,-5,-3
51,52,-5,-2
52,53,-5,-3
53,54,-5,-3
54,55,-5,-3
55,56,-5,-2
56,57,-5,-2
57,58,-5,-2
58,59,-5,-3
59,60,-5,-3
60,61,-5,-3
61,62,-5,-4
62,63,-5,-4
63,64,-5,-2
64,65,-5,-2
65,66,-5,-2
66,67,-5,-2
67,68,-5,-2
68,69,-5,-2
69,70,-5,-3
70,71,-5,-3
71,72,-5,-3
72,73,-5,-2
73,74,-5,-3
74,75,-5,-5
75,76,-5,-5
76,77,-5,-3
77,78,-5,-1
78,79,-5,-3
79,80,-5,-2
80,81,-5,-2
81,82,-5,-3
82,83,-5,-3
83,84,-5,-2
84,85,-5,-2
85,86,-5,-4
86,87,-5,-4
87,88,-5,-3
88,89,-5,-3
89,90,-5,-4
90,91,-5,-4
91,92,-5,-3
92,93,-5,-4
93,94,-5,-2
94,95,-5,-1
95,96,-5,-2
96,97,-5,-3
97,98,-5,-4
98,99,-5,-3
99,100,-5,-1
100,101,-5,-2
101,102,-5,-3
102,103,-5,-1
103,104,-5,-1
104,105,-5,-1
105,106,-5,-3
106,107,-5,-3
107,108,-5,-3
108,109,-5,-3
109,110,-5,-2
110,111,-5,-1
111,112,-5,-3
112,113,-5,-3
113,114,-5,-5
114,115,-5,-3
115,116,-5,-3
116,117,-5,-4
117,118,-5,-2
118,119,-5,-2
119,120,-5,-3
120,121,-5,-2
121,122,-5,-2
122,123,-5,-2
123,124,-5,-3
124,125,-5,-3
125,126,-5,-4
126,127,-5,-3
127,128,-5,-2
128,129,-5,-3
129,130,-5,-2
130,131,-5,-2
131,132,-5,-3
132,133,-5,-2
133,134,-5,-2
134,135,-5,-2
135,136,-5,-2
136,137,-5,-2
137,138,-5,-3
138,139,-5,-2
139,140,-5,-2
140,141,-5,-3
141,142,-5,-2
142,143,-5,-1
143,144,-5,-2
144,145,-5,-2
145,146,-5,-2
146,147,-5,-3
147,148,-5,-3
148,149,-5,-2
149,150,-5,-4
150,151,-5,-4
151,152,-5,-3
152,153,-5,-3
153,154,-5,-3
154,155,-5,-3
155,156,-5,-4
156,157,-5,-5
157,158,-5,-5
158,159,-5,-4
159,160,-5,-4
160,161,-5,-4
161,162,-5,-2
162,163,-5,-4
163,164,-5,-3
164,165,-5,-3
165,166,-5,-3
166,167,-5,-2
167,168,-5,-3
168,169,-5,-1
169,170,-5,-2
170,171,-5,-2
171,172,-5,-1
172,173,-5,-2
173,174,-5,-2
174,175,-5,-3
175,176,-5,-2
176,177,-5,-2
177,178,-5,-2
178,179,-5,-2
179,180,-5,-4
180,181,-5,-2
181,182,-5,0
182,183,-5,-3
183,184,-5,-3
184,185,-5,-1
185,186,-5,-3
186,187,-5,-1
187,188,-5,0
188,189,-5,-1
189,190,-5,-2
190,191,-5,-2
191,192,-5,-1
192,193,-5,-4
193,194,-5,-5
194,195,-5,-5
195,196,-5,-5
196,197,-5,-5
197,198,-5,-2
198,199,-5,-3
199,200,-5,-3
200,201,-5,-2
201,202,-5,-2
202,203,-5,-3
203,204,-5,-2
204,205,-5,-4
205,206,-5,-4
206,207,-5,-3
207,208,-5,-2
208,209,-5,-4
209,210,-5,-3
210,211,-5,-4
211,212,-5,-5
212,213,-5,-3
213,214,-5,-3
214,215,-5,-2
215,216,-5,-3
216,217,-5,-2
217,218,-5,-3
218,219,-5,-3
219,220,-5,-3
220,221,-5,-3
221,222,-5,-1
222,223,-5,-2
223,224,-5,-2
224,225,-5,-3
225,226,-5,-5
226,227,-5,-3
227,228,-5,-4
228,229,-5,-4
229,230,-5,-4
230,231,-5,-4
231,232,-5,-3
232,233,-5,-2
233,234,-5,-1
234,235,-5,-1
235,236,-5,-2
236,237,-5,-2
237,238,-5,-2
238,239,-5,-2
239,240,-5,-1
240,241,-5,-1
241,242,-5,-1
242,243,-5,-2
243,244,-5,-3
244,245,-5,-3
245,246,-5,-2
246,247,-5,-3
247,248,-5,-2
248,249,-5,-2
249,250,-5,-3
250,251,-5,-3
251,252,-5,-3
252,253,-5,-3
253,254,-5,-3
254,255,-5,-3
255,256,-5,-2
256,257,-5,-2
257,258,-5,-2
258,259,-5,-2
259,260,-5,-1
260,261,-5,-3
261,262,-5,-2
262,263,-5,-2
263,264,-5,-2
264,265,-5,-2
265,266,-5,-2
266,267,-5,-4
267,268,-5,-4
268,269,-5,-3
269,270,-5,-1
270,271,-5,-4
271,272,-5,-4
272,273,-5,-3
273,274,-5,-4
274,275,-5,-4
275,276,-5,-3
276,277,-5,-3
277,278,-5,-3
278,279,-5,-3
279,280,-5,-2
280,281,-5,-3
281,282,-5,-2
282,283,-5,-3
283,284,-5,-2
284,285,-5,-3
285,286,-5,-4
286,287,-5,-4
287,288,-5,-2
288,289,-5,-4
289,290,-5,-3
290,291,-5,-3
291,292,-5,-2
292,293,-5,-2
293,294,-5,-2
294,295,-5,-2
295,296,-5,-3
296,297,-5,-2
297,298,-5,-3
298,299,-5,-2
299,300,-5,-2
300,301,-5,-2
301,302,-5,-2
302,303,-5,-2
303,304,-5,-2
304,305,-5,-2
305,306,-5,-2
306,307,-5,-3
307,308,-5,-3
308,309,-5,-3
309,310,-5,-4
310,311,-5,-2
311,312,-5,-4
312,313,-5,-2
313,314,-5,-2
314,315,-5,-3
315,316,-5,-3
316,317,-5,-3
317,318,-5,-4
318,319,-5,-4
319,320,-5,-4
320,321,-5,-3
321,322,-5,-3
322,323,-5,-2
323,324,-5,-2
324,325,-5,-2
325,326,-5,-2
326,327,-5,-3
327,328,-5,-3
328,329,-5,-2
329,330,-5,-2
330,331,-5,-4
331,332,-5,-5
332,333,-5,-5
333,334,-5,-5
334,335,-5,-5
335,336,-5,-3
336,337,-5,-3
337,338,-5,-4
338,339,-5,-3
339,340,-5,-4
340,341,-5,-5
341,342,-5,-4
342,343,-5,-2
343,344,-5,-2
344,345,-5,-2
345,346,-5,-1
346,347,-5,-2
347,348,-5,-3
348,349,-5,-2
349,350,-5,-3
350,351,-5,-3
351,352,-5,0
352,353,-5,-2
353,354,-5,-3
354,355,-5,-1
355,356,-5,-3
356,357,-5,-2
357,358,-5,-3
358,359,-5,-3
359,360,-5,-2
360,361,-5,-2
361,362,-5,-2
362,363,-5,-1
363,364,-5,-1
364,365,-5,-1
365,366,-5,-1
366,367,-5,-1
367,368,-5,-1
368,369,-5,-1
369,370,-5,-1
370,371,-5,-4
371,372,-5,-4
372,373,-5,-2
373,374,-5,-2
374,375,-5,-2
375,376,-5,-5
376,377,-5,-4
377,378,-5,-3
378,379,-5,-4
379,380,-5,-4
380,381,-5,-3
381,382,-5,-1
382,383,-5,-3
383,384,-5,-1
384,385,-5,-1
385,386,-5,-2
386,387,-5,-2
387,388,-5,-1
388,389,-5,-2
389,390,-5,-3
390,391,-5,-2
391,392,-5,-2
392,393,-5,-4
393,394,-5,-4
394,395,-5,-4
395,396,-5,-4
396,397,-5,-2
397,398,-5,-3
398,399,-5,-1
399,400,-5,-2
400,401,-5,-1
401,402,-5,-1
402,403,-5,-2
403,404,-5,-3
404,405,-5,-3
405,406,-5,-2
406,407,-5,-2
407,408,-5,-2
408,409,-5,-3
409,410,-5,-3
410,411,-5,-5
411,412,-5,-3
412,413,-5,-3
413,414,-5,-3
414,415,-5,-2
415,416,-5,-2
416,417,-5,-1
417,418,-5,-3
418,419,-5,-2
419,420,-5,-4
420,421,-5,-3
421,422,-5,-3
422,423,-5,-4
423,424,-5,-3
424,425,-5,-3
425,426,-5,-2
426,427,-5,-1
427,428,-5,-3
428,429,-5,-3
429,430,-5,-3
430,431,-5,-4
431,432,-5,-3
432,433,-5,-3
433,434,-5,-3
434,435,-5,-3
435,436,-5,-2
436,437,-5,-2
437,438,-5,-3
438,439,-5,-3
439,440,-5,-2
440,441,-5,-3
441,442,-5,-3
442,443,-5,-3
443,444,-5,-4
444,445,-5,-3
445,446,-5,-2
446,447,-5,-2
447,448,-5,-3
448,449,-5,-3
449,450,-5,-3
450,451,-5,-4
451,452,-5,-3
452,453,-5,-3
453,454,-5,-3
454,455,-5,-3
455,456,-5,-4
456,457,-5,-4
457,458,-5,-2
458,459,-5,-2
459,460,-5,-2
460,461,-5,-2
461,462,-5,-4
462,463,-5,-3
463,464,-5,-3
464,465,-5,-3
465,466,-5,-3
466,467,-5,-3
467,468,-5,-3
468,469,-5,-3
469,470,-5,-3
470,471,-5,-3
471,472,-5,-2
472,473,-5,-2
473,474,-5,-3
474,475,-5,-3
475,476,-5,-2
476,477,-5,-2
477,478,-5,-4
478,479,-5,-3
479,480,-5,-3
480,481,-5,-3
481,482,-5,-1
482,483,-5,-3
483,484,-5,-2
484,485,-5,-2
485,486,-5,-2
486,487,-5,-2
487,488,-5,-2
488,489,-5,-4
489,490,-5,-4
490,491,-5,-4
491,492,-5,-4
492,493,-5,-4
493,494,-5,-3
494,495,-5,-3
495,496,-5,-3
496,497,-5,-3
497,498,-5,-1
498,499,-5,-1
499,500,-5,-1
500,501,-5,-3
501,502,-5,-3
502,503,-5,-1
503,504,-5,-2
504,505,-5,-2
505,506,-5,-3
506,507,-5,-1
507,508,-5,-3
508,509,-5,-3
509,510,-5,-2
510,511,-5,-2
511,512,-5,-4
512,513,-5,-3
513,514,-5,-3
514,515,-5,-2
515,516,-5,-1
516,517,-5,-2
517,518,-5,-2
518,519,-5,-2
519,520,-5,-2
520,521,-5,-1
521,522,-5,-1
522,523,-5,-1
523,524,-5,-4
524,525,-5,-4
525,526,-5,-4
526,527,-5,-2
527,528,-5,-3
528,529,-5,-3
529,530,-5,-1
530,531,-5,-2
531,532,-5,-2
532,533,-5,-3
533,534,-5,-4
534,535,-5,-3
535,536,-5,-2
536,537,-5,-2
537,538,-5,-3
538,539,-5,-3
539,540,-5,-3
540,541,-5,-3
541,542,-5,-3
542,543,-5,-3
543,544,-5,-3
544,545,-5,-3
545,546,-5,-3
546,547,-5,-1
547,548,-5,-2
548,549,-5,-4
549,550,-5,-2
550,551,-5,-4
551,552,-5,-3
552,553,-5,-4
553,554,-5,-4
554,555,-5,-4
555,556,-5,-3
556,557,-5,-3
557,558,-5,-1
558,559,-5,-1
559,560,-5,-1
560,561,-5,-2
561,562,-5,-2
562,563,-5,-2
563,564,-5,-2
564,565,-5,-3
565,566,-5,-1
566,567,-5,-1
567,568,-5,-1
568,569,-5,-4
569,570,-5,-4
570,571,-5,-3
571,572,-5,-3
572,573,-5,-3
573,574,-5,-4
574,575,-5,-3
575,576,-5,-3
576,577,-5,-1
577,578,-5,-3
578,579,-5,-1
579,580,-5,-2
580,581,-5,-1
581,582,-5,-3
582,583,-5,-2
583,584,-5,-3
584,585,-5,-3
585,586,-5,-3
586,587,-5,-2
587,588,-5,-4
588,589,-5,-2
589,590,-5,-2
590,591,-5,-2
591,592,-5,-3
592,593,-5,-2
593,594,-5,-2
594,595,-5,-3
595,596,-5,-4
596,597,-5,-2
597,598,-5,-5
598,599,-5,-2
599,600,-5,-3
600,601,-5,-3
601,602,-5,-4
602,603,-5,-3
603,604,-5,-3
604,605,-5,-3
605,606,-5,-2
606,607,-5,-2
607,608,-5,-2
608,609,-5,-3
609,610,-5,-3
610,611,-5,-2
611,612,-5,-2
612,613,-5,-3
613,614,-5,-3
614,615,-5,-2
615,616,-5,-2
616,617,-5,-2
617,618,-5,-2
618,619,-5,-3
619,620,-5,-3
620,621,-5,-3
621,622,-5,-3
622,623,-5,-2
623,624,-5,-2
624,625,-5,-1
625,626,-5,-2
626,627,-5,-3
627,628,-5,-3
628,629,-5,-2
629,630,-5,-3
630,631,-5,-3
631,632,-5,-2
632,633,-5,-3
633,634,-5,-2
634,635,-5,-3
635,636,-5,-2
636,637,-5,-3
637,638,-5,-3
638,639,-5,-2
639,640,-5,-2
640,641,-5,-3
641,642,-5,-2
642,643,-5,-2
643,644,-5,-2
644,645,-5,-3
645,646,-5,-3
646,647,-5,-3
647,648,-5,-3
648,649,-5,-2
649,650,-5,-2
650,651,-5,-3
651,652,-5,-2
652,653,-5,-2
653,654,-5,-4
654,655,-5,-2
655,656,-5,-3
656,657,-5,-3
657,658,-5,-3
658,659,-5,-3
659,660,-5,-2
660,661,-5,-1
661,662,-5,-3
662,663,-5,-3
663,664,-5,-2
664,665,-5,-2
665,666,-5,-3
666,667,-5,-5
667,668,-5,-3
668,669,-5,-3
669,670,-5,-3
670,671,-5,-1
671,672,-5,-1
672,673,-5,-1
673,674,-5,-3
674,675,-5,-1
675,676,-5,-1
676,677,-5,-2
677,678,-5,-2
678,679,-5,-1
679,680,-5,-4
680,681,-5,-2
681,682,-5,-3
682,683,-5,-3
683,684,-5,-3
684,685,-5,-2
685,686,-5,-3
686,687,-5,-3
687,688,-5,-3
688,689,-5,-2
689,690,-5,-1
690,691,-5,-1
691,692,-5,-2
692,693,-5,-3
693,694,-5,-2
694,695,-5,-2
695,696,-5,-3
696,697,-5,-4
697,698,-5,-3
698,699,-5,-4
699,700,-5,-4
700,701,-5,-3
701,702,-5,-3
702,703,-5,-2
703,704,-5,-2
704,705,-5,-2
705,706,-5,-3
706,707,-5,-3
707,708,-5,-3
708,709,-5,-2
709,710,-5,-2
710,711,-5,-2
711,712,-5,-3
712,713,-5,-3
713,714,-5,-3
714,715,-5,-3
715,716,-5,-3
716,717,-5,-3
717,718,-5,-1
718,719,-5,-2
719,720,-5,-3
720,721,-5,-4
721,722,-5,-2
722,723,-5,-2
723,724,-5,-2
724,725,-5,-2
725,726,-5,-2
726,727,-5,-2
727,728,-5,-3
728,729,-5,-2
729,730,-5,-2
730,731,-5,-2
731,732,-5,-2
732,733,-5,-2
733,734,-5,-3
734,735,-5,-4
735,736,-5,-3
736,737,-5,-3
737,738,-5,-3
738,739,-5,-3
739,740,-5,-3
740,741,-5,-4
741,742,-5,-4
742,743,-5,-3
743,744,-5,-4
744,745,-5,-3
745,746,-5,-3
746,747,-5,-2
747,748,-5,-1
748,749,-5,-1
749,750,-5,-1
750,751,-5,-3
751,752,-5,-3
752,753,-5,-3
753,754,-5,-4
754,755,-5,-4
755,756,-5,-3
756,757,-5,-3
757,758,-5,-3
758,759,-5,-3
759,760,-5,-3
760,761,-5,-4
761,762,-5,-3
762,763,-5,-2
763,764,-5,-3
764,765,-5,-3
765,766,-5,-2
766,767,-5,-2
767,768,-5,-3
768,769,-5,-4
769,770,-5,-2
770,771,-5,-3
771,772,-5,-2
772,773,-5,-4
773,774,-5,-1
774,775,-5,-2
775,776,-5,-3
776,777,-5,-1
777,778,-5,-1
778,779,-5,-1
779,780,-5,-1
780,781,-5,-3
781,782,-5,-2
782,783,-5,-3
783,784,-5,-3
784,785,-5,-2
785,786,-5,-2
786,787,-5,-4
787,788,-5,-2
788,789,-5,-3
789,790,-5,-3
790,791,-5,-1
791,792,-5,-2
792,793,-5,-3
793,794,-5,-2
794,795,-5,-2
795,796,-5,-2
796,797,-5,-2
797,798,-5,-2
798,799,-5,-3
799,800,-5,-2
800,801,-5,-4
801,802,-5,-4
802,803,-5,-3
803,804,-5,-2
804,805,-5,-4
805,806,-5,-3
806,807,-5,-2
807,808,-5,-2
808,809,-5,-2
809,810,-5,-2
810,811,-5,-1
811,812,-5,-2
812,813,-5,-2
813,814,-5,-4
814,815,-5,-4
815,816,-5,-5
816,817,-5,-2
817,818,-5,-4
818,819,-5,-4
819,820,-5,-4
820,821,-5,-1
821,822,-5,-1
822,823,-5,-2
823,824,-5,-2
824,825,-5,-2
825,826,-5,-3
826,827,-5,-3
827,828,-5,-3
828,829,-5,-2
829,830,-5,-1
830,831,-5,-2
831,832,-5,-3
832,833,-5,-3
833,834,-5,-1
834,835,-5,-2
835,836,-5,-2
836,837,-5,-3
837,838,-5,-3
838,839,-5,-3
839,840,-5,-2
840,841,-5,-1
841,842,-5,-1
842,843,-5,-3
843,844,-5,-3
844,845,-5,-3
845,846,-5,-3
846,847,-5,-2
847,848,-5,-2
848,849,-5,-2
849,850,-5,-2
850,851,-5,-3
851,852,-5,-2
852,853,-5,-2
853,854,-5,-3
854,855,-5,-1
855,856,-5,-3
856,857,-5,-1
857,858,-5,-1
858,859,-5,-2
859,860,-5,-2
860,861,-5,-3
861,862,-5,-3
862,863,-5,-3
863,864,-5,-3
864,865,-5,-3
865,866,-5,-1
866,867,-5,-1
867,868,-5,-1
868,869,-5,-2
869,870,-5,-2
870,871,-5,-3
871,872,-5,-3
872,873,-5,-3
873,874,-5,-2
874,875,-5,-2
875,876,-5,-2
876,877,-5,-2
877,878,-5,-2
878,879,-5,-1
879,880,-5,-3
880,881,-5,-2
881,882,-5,-3
882,883,-5,-3
883,884,-5,-1
884,885,-5,-1
885,886,-5,-1
886,887,-5,-3
887,888,-5,-3
888,889,-5,-3
889,890,-5,-3
890,891,-5,-4
891,892,-5,-3
892,893,-5,-4
893,894,-5,-4
894,895,-5,-4
895,896,-5,-3
896,897,-5,-5
897,898,-5,-3
898,899,-5,-3
899,900,-5,-4
900,901,-5,-4
901,902,-5,-4
902,903,-5,-3
903,904,-5,-2
904,905,-5,-1
905,906,-5,-2
906,907,-5,-1
907,908,-5,-1
908,909,-5,-1
909,910,-5,-1
910,911,-5,-1
911,912,-5,-2
912,913,-5,-1
913,914,-5,-2
914,915,-5,-2
915,916,-5,-2
916,917,-5,-3
917,918,-5,-2
918,919,-5,-2
919,920,-5,-3
920,921,-5,-2
921,922,-5,-4
922,923,-5,-1
923,924,-5,-3
924,925,-5,-2
925,926,-5,-1
926,927,-5,-2
927,928,-5,-2
928,929,-5,-2
929,930,-5,-3
930,931,-5,-4
931,932,-5,-3
932,933,-5,-4
933,934,-5,-3
934,935,-5,-3
935,936,-5,-2
936,937,-5,-2
937,938,-5,-2
938,939,-5,-3
939,940,-5,-1
940,941,-5,-2
941,942,-5,-2
942,943,-5,-4
943,944,-5,-4
944,945,-5,-5
945,946,-5,-3
946,947,-5,-1
947,948,-5,-1
948,949,-5,-1
949,950,-5,-3
950,951,-5,-1
951,952,-5,0
952,953,-5,0
953,954,-5,0
954,955,-5,-2
955,956,-5,-2
956,957,-5,-2
957,958,-5,-2
958,959,-5,-5
959,960,-5,-3
960,961,-5,-4
961,962,-5,-2
962,963,-5,-3
963,964,-5,-4
964,965,-5,-5
965,966,-5,-2
966,967,-5,-2
967,968,-5,-4
968,969,-5,-3
969,970,-5,-3
970,971,-5,-3
971,972,-5,-3
972,973,-5,-4
973,974,-5,-3
974,975,-5,-3
975,976,-5,-4
976,977,-5,-1
977,978,-5,-2
978,979,-5,-1
979,980,-5,-3
980,981,-5,-3
981,982,-5,-2
982,983,-5,-1
983,984,-5,-3
984,985,-5,-1
985,986,-5,-3
986,987,-5,-4
987,988,-5,-4
988,989,-5,-2
989,990,-5,-2
990,991,-5,-2
991,992,-5,-2
992,993,-5,-3
993,994,-5,-2
994,995,-5,-1
995,996,-5,-2
996,997,-5,-2
997,998,-5,-4
998,999,-5,-1
999,1000,-5,-4
1000,1001,-5,-3
1001,1002,-5,-1
1002,1003,-5,-2
1003,1004,-5,-2
1004,1005,-5,-3
1005,1006,-5,-3
1006,1007,-5,-2
1007,1008,-5,-2
1008,1009,-5,-2
1009,1010,-5,-1
1010,1011,-5,-3
1011,1012,-5,-2
1012,1013,-5,-1
1013,1014,-5,-2
1014,1015,-5,-2
1015,1016,-5,-2
1016,1017,-5,-3
1017,1018,-5,-3
1018,1019,-5,-2
1019,1020,-5,-4
1020,1021,-5,-4
1021,1022,-5,-3
1022,1023,-5,-3
1023,1024,-5,-2
1024,1025,-5,-2
1025,1026,-5,-3
1026,1027,-5,-4
1027,1028,-5,-3
1028,1029,-5,-3
1029,1030,-5,-3
1030,1031,-5,-4
1031,1032,-5,-3
1032,1033,-5,-2
1033,1034,-5,-2
1034,1035,-5,-2
1035,1036,-5,-2
1036,1037,-5,-2
1037,1038,-5,-2
1038,1039,-5,-2
1039,1040,-5,-2
1040,1041,-5,-2
1041,1042,-5,-3
1042,1043,-5,-1
1043,1044,-5,-3
1044,1045,-5,-3
1045,1046,-5,-3
1046,1047,-5,-2
1047,1048,-5,-3
1048,1049,-5,-3
1049,1050,-5,-3
1050,1051,-5,-3
1051,1052,-5,-2
1052,1053,-5,-3
1053,1054,-5,-2
1054,1055,-5,-1
1055,1056,-5,-2
1056,1057,-5,-2
1057,1058,-5,-2
1058,1059,-5,-1
1059,1060,-5,-4
1060,1061,-5,-4
1061,1062,-5,-1
1062,1063,-5,-1
1063,1064,-5,-2
1064,1065,-5,-3
1065,1066,-5,-3
1066,1067,-5,-3
1067,1068,-5,-1
1068,1069,-5,-3
1069,1070,-5,-3
1070,1071,-5,-2
1071,1072,-5,-2
1072,1073,-5,-3
1073,1074,-5,-3
1074,1075,-5,-2
1075,1076,-5,-2
1076,1077,-5,-2
1077,1078,-5,-2
1078,1079,-5,-2
1079,1080,-5,-3
1080,1081,-5,-2
1081,1082,-5,-1
1082,1083,-5,-2
1083,1084,-5,-2
1084,1085,-5,-3
1085,1086,-5,-3
1086,1087,-5,-3
1087,1088,-5,-2
1088,1089,-5,-4
1089,1090,-5,-3
1090,1091,-5,-2
1091,1092,-5,-2
1092,1093,-5,-3
1093,1094,-5,-1
1094,1095,-5,-2
1095,1096,-5,-2
1096,1097,-5,-1
1097,1098,-5,-1
1098,1099,-5,-1
1099,1100,-5,0
1100,1101,-5,-1
1101,1102,-5,-3
1102,1103,-5,-3
1103,1104,-5,-3
1104,1105,-5,-2
1105,1106,-5,-2
1106,1107,-5,-1
1107,1108,-5,-3
1108,1109,-5,-2
1109,1110,-5,-3
1110,1111,-5,-2
1111,1112,-5,-2
1112,1113,-5,-3
1113,1114,-5,-1
1114,1115,-5,-1
1115,1116,-5,-2
1116,1117,-5,-2
1117,1118,-5,-2
1118,1119,-5,-3
1119,1120,-5,-3
1120,1121,-5,-3
1121,1122,-5,-3
1122,1123,-5,-4
1123,1124,-5,-3
1124,1125,-5,-2
1125,1126,-5,-2
1126,1127,-5,-2
1127,1128,-5,-2
1128,1129,-5,-4
1129,1130,-5,-3
1130,1131,-5,-4
1131,1132,-5,-3
1132,1133,-5,-3
1133,1134,-5,-3
1134,1135,-5,-3
1135,1136,-5,-2
1136,1137,-5,-3
1137,1138,-5,-3
1138,1139,-5,-3
1139,1140,-5,-3
1140,1141,-5,-3
1141,1142,-5,-1
1142,1143,-5,-1
1143,1144,-5,-2
1144,1145,-5,-2
1145,1146,-5,-2
1146,1147,-5,-2
1147,1148,-5,-3
1148,1149,-5,-3
1149,1150,-5,-1
1150,1151,-5,-1
1151,1152,-5,-2
1152,1153,-5,-2
1153,1154,-5,-3
1154,1155,-5,-4
1155,1156,-5,-3
1156,1157,-5,-3
1157,1158,-5,-3
1158,1159,-5,-1
1159,1160,-5,-2
1160,1161,-5,-2
1161,1162,-5,-2
1162,1163,-5,-3
1163,1164,-5,-3
1164,1165,-5,-4
1165,1166,-5,-3
1166,1167,-5,-3
1167,1168,-5,-3
1168,1169,-5,-2
1169,1170,-5,-3
1170,1171,-5,-2
1171,1172,-5,-4
1172,1173,-5,-4
1173,1174,-5,-4
1174,1175,-5,-4
1175,1176,-5,-4
1176,1177,-5,-3
1177,1178,-5,-4
1178,1179,-5,-3
1179,1180,-5,-1
1180,1181,-5,-1
1181,1182,-5,-2
1182,1183,-5,-2
1183,1184,-5,-3
1184,1185,-5,-2
1185,1186,-5,-3
1186,1187,-5,-4
1187,1188,-5,-4
1188,1189,-5,-4
1189,1190,-5,-1
1190,1191,-5,-1
1191,1192,-5,-1
1192,1193,-5,-2
1193,1194,-5,-1
1194,1195,-5,-2
1195,1196,-5,-1
1196,1197,-5,-2
1197,1198,-5,-2
1198,1199,-5,-2
1199,1200,-5,-4
1200,1201,-5,-4
1201,1202,-5,-2
1202,1203,-5,-2
1203,1204,-5,-2
1204,1205,-5,-2
1205,1206,-5,-3
1206,1207,-5,-2
1207,1208,-5,-2
1208,1209,-5,-2
1209,1210,-5,-2
1210,1211,-5,-2
1211,1212,-5,-2
1212,1213,-5,-1
1213,1214,-5,-2
1214,1215,-5,-2
1215,1216,-5,-1
1216,1217,-5,-2
1217,1218,-5,-2
1218,1219,-5,-1
1219,1220,-5,-1
1220,1221,-5,-1
1221,1222,-5,-1
1222,1223,-5,-4
1223,1224,-5,-4
1224,1225,-5,-3
1225,1226,-5,-3
1226,1227,-5,-4
1227,1228,-5,-2
1228,1229,-5,-1
1229,1230,-5,-1
1230,1231,-5,-1
1231,1232,-5,-2
1232,1233,-5,-2
1233,1234,-5,-2
1234,1235,-5,-2
1235,1236,-5,-2
1236,1237,-5,-3
1237,1238,-5,-1
1238,1239,-5,-2
1239,1240,-5,-2
1240,1241,-5,-2
1241,1242,-5,-2
1242,1243,-5,-2
1243,1244,-5,-2
1244,1245,-5,-2
1245,1246,-5,-2
1246,1247,-5,-2
1247,1248,-5,-2
1248,1249,-5,-2
1249,1250,-5,-2
1250,1251,-5,-2
1251,1252,-5,-3
1252,1253,-5,-3
1253,1254,-5,-3
1254,1255,-5,-4
1255,1256,-5,-3
1256,1257,-5,-3
1257,1258,-5,-1
1258,1259,-5,-2
1259,1260,-5,-2
1260,1261,-5,-1
1261,1262,-5,-1
1262,1263,-5,0
1263,1264,-5,-1
1264,1265,-5,-1
1265,1266,-5,-1
1266,1267,-5,-2
1267,1268,-5,-2
1268,1269,-5,-1
1269,1270,-5,-2
1270,1271,-5,-3
1271,1272,-5,-3
1272,1273,-5,-3
1273,1274,-5,-2
1274,1275,-5,-2
1275,1276,-5,-3
1276,1277,-5,-2
1277,1278,-5,-4
1278,1279,-5,-4
1279,1280,-5,-3
1280,1281,-5,-3
1281,1282,-5,-4
1282,1283,-5,-4
1283,1284,-5,-2
1284,1285,-5,-3
1285,1286,-5,-2
1286,1287,-5,-4
1287,1288,-5,-3
1288,1289,-5,-3
1289,1290,-5,-4
1290,1291,-5,-4
1291,1292,-5,-3
1292,1293,-5,-2
1293,1294,-5,-3
1294,1295,-5,-4
1295,1296,-5,-3
1296,1297,-5,-3
1297,1298,-5,-2
1298,1299,-5,-2
1299,1300,-5,0
1300,1301,-5,-1
1301,1302,-5,-1
1302,1303,-5,-2
1303,1304,-5,-4
1304,1305,-5,-2
1305,1306,-5,-2
1306,1307,-5,-1
1307,1308,-5,-2
1308,1309,-5,-1
1309,1310,-5,0
1310,1311,-5,-1
1311,1312,-5,-2
1312,1313,-5,-3
1313,1314,-5,-1
1314,1315,-5,-1
1315,1316,-5,-3
1316,1317,-5,-3
1317,1318,-5,-3
1318,1319,-5,-4
1319,1320,-5,-2
1320,1321,-5,-1
1321,1322,-5,-1
1322,1323,-5,-2
1323,1324,-5,-1
1324,1325,-5,-2
1325,1326,-5,-2
1326,1327,-5,-2
1327,1328,-5,-3
1328,1329,-5,-1
1329,1330,-5,-2
1330,1331,-5,-2
1331,1332,-5,-2
1332,1333,-5,-3
1333,1334,-5,-3
1334,1335,-5,-1
1335,1336,-5,-2
1336,1337,-5,-4
1337,1338,-5,-3
1338,1339,-5,-2
1339,1340,-5,-2
1340,1341,-5,-2
1341,1342,-5,-2
1342,1343,-5,-3
1343,1344,-5,-3
1344,1345,-5,-3
1345,1346,-5,-4
1346,1347,-5,-3
1347,1348,-5,-3
1348,1349,-5,-3
1349,1350,-5,-3
1350,1351,-5,-3
1351,1352,-5,-2
1352,1353,-5,-4
1353,1354,-5,-2
1354,1355,-5,-3
1355,1356,-5,-3
1356,1357,-5,-2
1357,1358,-5,-1
1358,1359,-5,-1
1359,1360,-5,-1
1360,1361,-5,-3
1361,1362,-5,-4
1362,1363,-5,-3
1363,1364,-5,-3
1364,1365,-5,-3
1365,1366,-5,-2
1366,1367,-5,-3
1367,1368,-5,-1
1368,1369,-5,-1
1369,1370,-5,-2
1370,1371,-5,-3
1371,1372,-5,-3
1372,1373,-5,-2
1373,1374,-5,-1
1374,1375,-5,-1
1375,1376,-5,-1
1376,1377,-5,-1
1377,1378,-5,-1
1378,1379,-5,-2
1379,1380,-5,-2
1380,1381,-5,-3
1381,1382,-5,-2
1382,1383,-5,-2
1383,1384,-5,-2
1384,1385,-5,-1
1385,1386,-5,-2
1386,1387,-5,-3
1387,1388,-5,-2
1388,1389,-5,-3
1389,1390,-5,-3
1390,1391,-5,-3
1391,1392,-5,-3
1392,1393,-5,-2
1393,1394,-5,-3
1394,1395,-5,-3
1395,1396,-5,-3
1396,1397,-5,-4
1397,1398,-5,-6
1398,1399,-6,-2
1399,1400,-6,-3
1400,1401,-6,-1
1401,1402,-6,-1
1402,1403,-6,-2
1403,1404,-6,-2
1404,1405,-6,-2
1405,1406,-6,-2
1406,1407,-6,-2
1407,1408,-6,-2
1408,1409,-6,-2
1409,1410,-6,-2
1410,1411,-6,-2
1411,1412,-6,-3
1412,1413,-6,-2
1413,1414,-6,-3
1414,1415,-6,-2
1415,1416,-6,-2
1416,1417,-6,-2
1417,1418,-6,-2
1418,1419,-6,-2
1419,1420,-6,-3
1420,1421,-6,-3
1421,1422,-6,-3
1422,1423,-6,-3
1423,1424,-6,-3
1424,1425,-6,-3
1425,1426,-6,-2
1426,1427,-6,-3
1427,1428,-6,-1
1428,1429,-6,-2
1429,1430,-6,-2
1430,1431,-6,-2
1431,1432,-6,-2
1432,1433,-6,-2
1433,1434,-6,-2
1434,1435,-6,-2
1435,1436,-6,-4
1436,1437,-6,-3
1437,1438,-6,-2
1438,1439,-6,-2
1439,1440,-6,-1
1440,1441,-6,-4
1441,1442,-6,-4
1442,1443,-6,-5
1443,1444,-6,-4
1444,1445,-6,-5
1445,1446,-6,-4
1446,1447,-6,-5
1447,1448,-6,-4
1448,1449,-6,-2
1449,1450,-6,-1
1450,1451,-6,-3
1451,1452,-6,-2
1452,1453,-6,-2
1453,1454,-6,-2
1454,1455,-6,-3
1455,1456,-6,-3
1456,1457,-6,-3
1457,1458,-6,-2
1458,1459,-6,-3
1459,1460,-6,-4
1460,1461,-6,-2
1461,1462,-6,-2
1462,1463,-6,-2
1463,1464,-6,-2
1464,1465,-6,-3
1465,1466,-6,-3
1466,1467,-6,-2
1467,1468,-6,-2
1468,1469,-6,-1
1469,1470,-6,-3
1470,1471,-6,-3
1471,1472,-6,-1
1472,1473,-6,-1
1473,1474,-6,-3
1474,1475,-6,-5
1475,1476,-6,-5
1476,1477,-6,-4
1477,1478,-6,-3
1478,1479,-6,-2
1479,1480,-6,-3
1480,1481,-6,-2
1481,1482,-6,-2
1482,1483,-6,-1
1483,1484,-6,-2
1484,1485,-6,-2
1485,1486,-6,-3
1486,1487,-6,-1
1487,1488,-6,-1
1488,1489,-6,-3
1489,1490,-6,-4
1490,1491,-6,-4
1491,1492,-6,-3
1492,1493,-6,-2
1493,1494,-6,-2
1494,1495,-6,-3
1495,1496,-6,-3
1496,1497,-6,-3
1497,1498,-6,-2
1498,1499,-6,-3
1499,1500,-6,-3
1500,1501,-6,-1
1501,1502,-6,-3
1502,1503,-6,-3
1503,1504,-6,-4
1504,1505,-6,-4
1505,1506,-6,-3
1506,1507,-6,-2
1507,1508,-6,-2
1508,1509,-6,-3
1509,1510,-6,-3
1510,1511,-6,-4
1511,1512,-6,-2
1512,1513,-6,-2
1513,1514,-6,-3
1514,1515,-6,-1
1515,1516,-6,-3
1516,1517,-6,-2
1517,1518,-6,-2
1518,1519,-6,-2
1519,1520,-6,-2
1520,1521,-6,-1
1521,1522,-6,-2
1522,1523,-6,-2
1523,1524,-6,-2
1524,1525,-6,-1
1525,1526,-6,-1
1526,1527,-6,-2
1527,1528,-6,-2
1528,1529,-6,-2
1529,1530,-6,-1
1530,1531,-6,-2
1531,1532,-6,-2
1532,1533,-6,-4
1533,1534,-6,-2
1534,1535,-6,-2
1535,1536,-6,-2
1536,1537,-6,-2
1537,1538,-6,-2
1538,1539,-6,-2
1539,1540,-6,-2
1540,1541,-6,-2
1541,1542,-6,-2
1542,1543,-6,-3
1543,1544,-6,-3
1544,1545,-6,-4
1545,1546,-6,-4
1546,1547,-6,-3
1547,1548,-6,-3
1548,1549,-6,-4
1549,1550,-6,-3
1550,1551,-6,-4
1551,1552,-6,-4
1552,1553,-6,-5
1553,1554,-6,-5
1554,1555,-6,-5
1555,1556,-6,-4
1556,1557,-6,-4
1557,1558,-6,-4
1558,1559,-6,-3
1559,1560,-6,-4
1560,1561,-6,-2
1561,1562,-6,-2
1562,1563,-6,-2
1563,1564,-6,-3
1564,1565,-6,-2
1565,1566,-6,-3
1566,1567,-6,-3
1567,1568,-6,-3
1568,1569,-6,-3
1569,1570,-6,-3
1570,1571,-6,-3
1571,1572,-6,-2
1572,1573,-6,-3
1573,1574,-6,-3
1574,1575,-6,-4
1575,1576,-6,-3
1576,1577,-6,-3
1577,1578,-6,-3
1578,1579,-6,-3
1579,1580,-6,-2
1580,1581,-6,-2
1581,1582,-6,-2
1582,1583,-6,0
1583,1584,-6,0
1584,1585,-6,-2
1585,1586,-6,-2
1586,1587,-6,-3
1587,1588,-6,-2
1588,1589,-6,-4
1589,1590,-6,-3
1590,1591,-6,-4
1591,1592,-6,-3
1592,1593,-6,-2
1593,1594,-6,-3
1594,1595,-6,-2
1595,1596,-6,-2
1596,1597,-6,-3
1597,1598,-6,-2
1598,1599,-6,-3
1599,1600,-6,-3
1600,1601,-6,-2
1601,1602,-6,-2
1602,1603,-6,-3
1603,1604,-6,-2
1604,1605,-6,-2
1605,1606,-6,-3
1606,1607,-6,-3
1607,1608,-6,-2
1608,1609,-6,-2
1609,1610,-6,-2
1610,1611,-6,-2
1611,1612,-6,-2
1612,1613,-6,-2
1613,1614,-6,-2
1614,1615,-6,-3
1615,1616,-6,-2
1616,1617,-6,-2
1617,1618,-6,-2
1618,1619,-6,-2
1619,1620,-6,-2
1620,1621,-6,-4
1621,1622,-6,-4
1622,1623,-6,-3
1623,1624,-6,-3
1624,1625,-6,-4
1625,1626,-6,-2
1626,1627,-6,-2
1627,1628,-6,-2
1628,1629,-6,-1
1629,1630,-6,-1
1630,1631,-6,-1
1631,1632,-6,-1
1632,1633,-6,-2
1633,1634,-6,-1
1634,1635,-6,-2
1635,1636,-6,0
1636,1637,-6,-3
1637,1638,-6,-4
1638,1639,-6,-3
1639,1640,-6,-2
1640,1641,-6,-2
1641,1642,-6,-2
1642,1643,-6,-2
1643,1644,-6,-2
1644,1645,-6,-2
1645,1646,-6,-2
1646,1647,-6,-2
1647,1648,-6,-2
1648,1649,-6,-3
1649,1650,-6,-3
1650,1651,-6,-3
1651,1652,-6,-3
1652,1653,-6,-2
1653,1654,-6,-4
1654,1655,-6,-3
1655,1656,-6,-2
1656,1657,-6,-2
1657,1658,-6,-2
1658,1659,-6,-1
1659,1660,-6,-1
1660,1661,-6,-1
1661,1662,-6,-1
1662,1663,-6,-1
1663,1664,-6,-3
1664,1665,-6,-3
1665,1666,-6,-3
1666,1667,-6,-3
1667,1668,-6,-4
1668,1669,-6,-4
1669,1670,-6,-3
1670,1671,-6,-4
1671,1672,-6,-4
1672,1673,-6,-4
1673,1674,-6,-4
1674,1675,-6,-2
1675,1676,-6,-3
1676,1677,-6,-1
1677,1678,-6,-3
1678,1679,-6,-1
1679,1680,-6,-2
1680,1681,-6,-3
1681,1682,-6,-3
1682,1683,-6,-3
1683,1684,-6,-2
1684,1685,-6,-2
1685,1686,-6,-3
1686,1687,-6,-3
1687,1688,-6,-3
1688,1689,-6,-3
1689,1690,-6,-4
1690,1691,-6,-4
1691,1692,-6,-4
1692,1693,-6,-4
1693,1694,-6,-2
1694,1695,-6,-5
1695,1696,-6,-3
1696,1697,-6,-2
1697,1698,-6,-4
1698,1699,-6,-2
1699,1700,-6,-1
1700,1701,-6,-1
1701,1702,-6,-1
1702,1703,-6,-1
1703,1704,-6,-1
1704,1705,-6,-2
1705,1706,-6,-2
1706,1707,-6,-2
1707,1708,-6,-1
1708,1709,-6,-1
1709,1710,-6,-1
1710,1711,-6,-1
1711,1712,-6,-1
1712,1713,-6,-1
1713,1714,-6,-1
1714,1715,-6,-2
1715,1716,-6,-2
1716,1717,-6,-3
1717,1718,-6,-1
1718,1719,-6,-2
1719,1720,-6,-2
1720,1721,-6,-2
1721,1722,-6,-3
1722,1723,-6,-3
1723,1724,-6,-3
1724,1725,-6,-2
1725,1726,-6,-2
1726,1727,-6,-4
1727,1728,-6,-1
1728,1729,-6,-4
1729,1730,-6,-4
1730,1731,-6,-4
1731,1732,-6,-3
1732,1733,-6,-4
1733,1734,-6,-4
1734,1735,-6,-3
1735,1736,-6,-2
1736,1737,-6,-3
1737,1738,-6,-3
1738,1739,-6,-3
1739,1740,-6,-1
1740,1741,-6,-1
1741,1742,-6,-1
1742,1743,-6,-2
1743,1744,-6,-1
1744,1745,-6,-2
1745,1746,-6,-2
1746,1747,-6,-2
1747,1748,-6,-3
1748,1749,-6,-1
1749,1750,-6,-3
1750,1751,-6,-4
1751,1752,-6,-2
1752,1753,-6,-3
1753,1754,-6,-3
1754,1755,-6,-2
1755,1756,-6,-2
1756,1757,-6,-3
1757,1758,-6,-1
1758,1759,-6,-2
1759,1760,-6,-4
1760,1761,-6,-4
1761,1762,-6,-2
1762,1763,-6,-2
1763,1764,-6,-3
1764,1765,-6,-1
1765,1766,-6,-1
1766,1767,-6,-2
1767,1768,-6,-2
1768,1769,-6,-2
1769,1770,-6,-2
1770,1771,-6,-2
1771,1772,-6,-4
1772,1773,-6,-2
1773,1774,-6,-2
1774,1775,-6,-2
1775,1776,-6,-2
1776,1777,-6,-3
1777,1778,-6,-3
1778,1779,-6,-2
1779,1780,-6,-2
1780,1781,-6,-2
1781,1782,-6,-2
1782,1783,-6,-2
1783,1784,-6,-3
1784,1785,-6,-3
1785,1786,-6,-3
1786,1787,-6,-4
1787,1788,-6,-2
1788,1789,-6,-3
1789,1790,-6,-2
1790,1791,-6,-2
1791,1792,-6,-2
1792,1793,-6,-3
1793,1794,-6,-2
1794,1795,-6,-3
1795,1796,-6,-4
1796,1797,-6,-2
1797,1798,-6,-2
1798,1799,-6,-1
1799,1800,-6,-2
1800,1801,-6,-2
1801,1802,-6,-2
1802,1803,-6,-3
1803,1804,-6,-3
1804,1805,-6,-2
1805,1806,-6,-2
1806,1807,-6,-3
1807,1808,-6,-2
1808,1809,-6,-4
1809,1810,-6,-2
1810,1811,-6,-2
1811,1812,-6,-2
1812,1813,-6,-2
1813,1814,-6,-3
1814,1815,-6,-2
1815,1816,-6,-2
1816,1817,-6,-2
1817,1818,-6,-5
1818,1819,-6,-2
1819,1820,-6,-2
1820,1821,-6,-1
1821,1822,-6,-2
1822,1823,-6,-3
1823,1824,-6,-2
1824,1825,-6,-2
1825,1826,-6,-2
1826,1827,-6,-5
1827,1828,-6,-2
1828,1829,-6,-1
1829,1830,-6,-2
1830,1831,-6,-2
1831,1832,-6,-4
1832,1833,-6,-4
1833,1834,-6,-4
1834,1835,-6,-4
1835,1836,-6,-2
1836,1837,-6,-2
1837,1838,-6,-3
1838,1839,-6,-3
1839,1840,-6,-2
1840,1841,-6,-1
1841,1842,-6,-2
1842,1843,-6,-4
1843,1844,-6,-4
1844,1845,-6,-3
1845,1846,-6,-3
1846,1847,-6,-2
1847,1848,-6,-2
1848,1849,-6,-1
1849,1850,-6,-2
1850,1851,-6,-2
1851,1852,-6,-3
1852,1853,-6,-3
1853,1854,-6,-3
1854,1855,-6,-2
1855,1856,-6,-2
1856,1857,-6,-2
1857,1858,-6,-2
1858,1859,-6,-3
1859,1860,-6,-2
1860,1861,-6,-2
1861,1862,-6,-2
1862,1863,-6,-2
1863,1864,-6,-2
1864,1865,-6,-2
1865,1866,-6,-3
1866,1867,-6,-4
1867,1868,-6,-3
1868,1869,-6,-2
1869,1870,-6,-1
1870,1871,-6,-2
1871,1872,-6,-3
1872,1873,-6,-1
1873,1874,-6,-2
1874,1875,-6,-2
1875,1876,-6,-3
1876,1877,-6,-1
1877,1878,-6,-3
1878,1879,-6,-2
1879,1880,-6,-3
1880,1881,-6,-1
1881,1882,-6,-2
1882,1883,-6,-2
1883,1884,-6,-2
1884,1885,-6,-2
1885,1886,-6,-2
1886,1887,-6,-2
1887,1888,-6,-3
1888,1889,-6,-3
1889,1890,-6,-4
1890,1891,-6,-4
1891,1892,-6,-3
1892,1893,-6,-3
1893,1894,-6,-3
1894,1895,-6,-2
1895,1896,-6,-3
1896,1897,-6,-2
1897,1898,-6,-2
1898,1899,-6,-2
1899,1900,-6,-1
1900,1901,-6,-2
1901,1902,-6,-1
1902,1903,-6,-2
1903,1904,-6,-3
1904,1905,-6,-2
1905,1906,-6,-2
1906,1907,-6,-3
1907,1908,-6,-3
1908,1909,-6,-3
1909,1910,-6,-2
1910,1911,-6,-2
1911,1912,-6,-3
1912,1913,-6,-4
1913,1914,-6,-4
1914,1915,-6,-3
1915,1916,-6,-2
1916,1917,-6,-3
1917,1918,-6,-3
1918,1919,-6,-2
1919,1920,-6,-2
1920,1921,-6,-3
1921,1922,-6,-4
1922,1923,-6,-3
1923,1924,-6,-3
1924,1925,-6,-1
1925,1926,-6,-1
1926,1927,-6,-2
1927,1928,-6,-1
1928,1929,-6,-2
1929,1930,-6,-2
1930,1931,-6,-2
1931,1932,-6,-1
1932,1933,-6,-4
1933,1934,-6,-4
1934,1935,-6,-2
1935,1936,-6,-3
1936,1937,-6,-4
1937,1938,-6,-4
1938,1939,-6,-4
1939,1940,-6,-3
1940,1941,-6,-1
1941,1942,-6,-1
1942,1943,-6,-2
1943,1944,-6,-2
1944,1945,-6,-1
1945,1946,-6,-2
1946,1947,-6,-1
1947,1948,-6,-2
1948,1949,-6,-3
1949,1950,-6,-4
1950,1951,-6,-3
1951,1952,-6,-2
1952,1953,-6,-2
1953,1954,-6,-1
1954,1955,-6,-2
1955,1956,-6,-2
1956,1957,-6,-2
1957,1958,-6,-2
1958,1959,-6,-3
1959,1960,-6,-4
1960,1961,-6,-5
1961,1962,-6,-4
1962,1963,-6,-3
1963,1964,-6,-3
1964,1965,-6,-3
1965,1966,-6,-3
1966,1967,-6,-3
1967,1968,-6,-3
1968,1969,-6,-4
1969,1970,-6,-3
1970,1971,-6,-3
1971,1972,-6,-4
1972,1973,-6,-3
1973,1974,-6,-2
1974,1975,-6,-2
1975,1976,-6,-1
1976,1977,-6,-1
1977,1978,-6,-1
1978,1979,-6,-3
1979,1980,-6,-2
1980,1981,-6,-3
1981,1982,-6,-2
1982,1983,-6,-4
1983,1984,-6,-2
1984,1985,-6,-3
1985,1986,-6,-1
1986,1987,-6,-2
1987,1988,-6,-3
1988,1989,-6,-3
1989,1990,-6,-2
1990,1991,-6,-3
1991,1992,-6,-3
1992,1993,-6,-3
1993,1994,-6,-2
1994,1995,-6,-3
1995,1996,-6,-2
1996,1997,-6,-3
1997,1998,-6,-4
1998,1999,-6,-3
1999,2000,-6,-4
2000,2001,-6,-2
2001,2002,-6,-2
2002,2003,-6,-2
2003,2004,-6,-2
2004,2005,-6,-2
2005,2006,-6,-2
2006,2007,-6,-2
2007,2008,-6,-2
2008,2009,-6,-1
2009,2010,-6,-1
2010,2011,-6,-4
2011,2012,-6,-2
2012,2013,-6,-2
2013,2014,-6,-3
2014,2015,-6,-3
2015,2016,-6,-3
2016,2017,-6,-1
2017,2018,-6,-2
2018,2019,-6,-3
2019,2020,-6,-3
2020,2021,-6,-3
2021,2022,-6,-3
2022,2023,-6,-3
2023,2024,-6,-3
2024,2025,-6,-4
2025,2026,-6,-3
2026,2027,-6,-2
2027,2028,-6,-3
2028,2029,-6,-2
2029,2030,-6,-3
2030,2031,-6,-3
2031,2032,-6,-2
2032,2033,-6,-1
2033,2034,-6,-3
2034,2035,-6,-2
2035,2036,-6,-2
2036,2037,-6,-2
2037,2038,-6,-3
2038,2039,-6,-2
2039,2040,-6,-2
2040,2041,-6,-3
2041,2042,-6,-5
2042,2043,-6,-3
2043,2044,-6,-2
2044,2045,-6,-3
2045,2046,-6,-4
2046,2047,-6,-3
2047,2048,-6,-3
2048,2049,-6,-2
2049,2050,-6,-4
2050,2051,-6,-3
2051,2052,-6,-3
2052,2053,-6,-2
2053,2054,-6,-2
2054,2055,-6,-2
2055,2056,-6,-2
2056,2057,-6,-2
2057,2058,-6,-2
2058,2059,-6,-2
2059,2060,-6,-1
2060,2061,-6,-2
2061,2062,-6,-4
2062,2063,-6,-2
2063,2064,-6,-2
2064,2065,-6,-2
2065,2066,-6,-1
2066,2067,-6,-3
2067,2068,-6,-3
2068,2069,-6,-4
2069,2070,-6,-4
2070,2071,-6,-1
2071,2072,-6,-1
2072,2073,-6,-1
2073,2074,-6,-2
2074,2075,-6,-2
2075,2076,-6,-4
2076,2077,-6,-4
2077,2078,-6,-3
2078,2079,-6,-3
2079,2080,-6,-2
2080,2081,-6,-3
2081,2082,-6,-3
2082,2083,-6,-3
2083,2084,-6,-3
2084,2085,-6,-2
2085,2086,-6,-3
2086,2087,-6,-3
2087,2088,-6,-1
2088,2089,-6,-2
2089,2090,-6,-2
2090,2091,-6,-2
2091,2092,-6,-1
2092,2093,-6,-2
2093,2094,-6,-1
2094,2095,-6,-3
2095,2096,-6,-4
2096,2097,-6,-4
2097,2098,-6,-3
2098,2099,-6,-4
2099,2100,-6,-2
2100,2101,-6,-3
2101,2102,-6,-5
2102,2103,-6,-3
2103,2104,-6,-3
2104,2105,-6,-2
2105,2106,-6,-1
2106,2107,-6,-2
2107,2108,-6,-2
2108,2109,-6,-3
2109,2110,-6,-2
2110,2111,-6,-5
2111,2112,-6,-4
2112,2113,-6,-4
2113,2114,-6,-5
2114,2115,-6,-4
2115,2116,-6,-3
2116,2117,-6,-2
2117,2118,-6,-2
2118,2119,-6,-2
2119,2120,-6,-2
2120,2121,-6,-3
2121,2122,-6,-3
2122,2123,-6,-1
2123,2124,-6,-2
2124,2125,-6,-2
2125,2126,-6,-2
2126,2127,-6,-3
2127,2128,-6,-4
2128,2129,-6,-2
2129,2130,-6,-2
2130,2131,-6,-3
2131,2132,-6,-3
2132,2133,-6,-3
2133,2134,-6,-2
2134,2135,-6,-2
2135,2136,-6,-3
2136,2137,-6,-3
2137,2138,-6,-2
2138,2139,-6,-2
2139,2140,-6,-3
2140,2141,-6,-3
2141,2142,-6,-3
2142,2143,-6,-4
2143,2144,-6,-2
2144,2145,-6,-4
2145,2146,-6,-4
2146,2147,-6,-6
2147,2148,-6,-3
2148,2149,-6,-3
2149,2150,-6,-3
2150,2151,-6,-3
2151,2152,-6,-3
2152,2153,-6,-3
2153,2154,-6,-3
2154,2155,-6,-3
2155,2156,-6,-3
2156,2157,-6,-2
2157,2158,-6,-3
2158,2159,-6,-1
2159,2160,-6,-3
2160,2161,-6,-2
2161,2162,-6,-2
2162,2163,-6,-2
2163,2164,-6,-5
2164,2165,-6,-5
2165,2166,-6,-3
2166,2167,-6,-1
2167,2168,-6,-2
2168,2169,-6,-2
2169,2170,-6,-1
2170,2171,-6,0
2171,2172,-6,-2
2172,2173,-6,-2
2173,2174,-6,-2
2174,2175,-6,-2
2175,2176,-6,-2
2176,2177,-6,-3
2177,2178,-6,-3
2178,2179,-6,-3
2179,2180,-6,-3
2180,2181,-6,-3
2181,2182,-6,-3
2182,2183,-6,-3
2183,2184,-6,-3
2184,2185,-6,-1
2185,2186,-6,-2
2186,2187,-6,-1
2187,2188,-6,-2
2188,2189,-6,-3
2189,2190,-6,-3
2190,2191,-6,-3
2191,2192,-6,-1
2192,2193,-6,-1
2193,2194,-6,-3
2194,2195,-6,-2
2195,2196,-6,-3
2196,2197,-6,-4
2197,2198,-6,-3
2198,2199,-6,-3
2199,2200,-6,-3
2200,2201,-6,-2
2201,2202,-6,-3
2202,2203,-6,-2
2203,2204,-6,-3
2204,2205,-6,-4
2205,2206,-6,-1
2206,2207,-6,-4
2207,2208,-6,-3
2208,2209,-6,-4
2209,2210,-6,-3
2210,2211,-6,-2
2211,2212,-6,-2
2212,2213,-6,-2
2213,2214,-6,-3
2214,2215,-6,-2
2215,2216,-6,-2
2216,2217,-6,-1
2217,2218,-6,-2
2218,2219,-6,-2
2219,2220,-6,-4
2220,2221,-6,-5
2221,2222,-6,-5
2222,2223,-6,-2
2223,2224,-6,-2
2224,2225,-6,-2
2225,2226,-6,-3
2226,2227,-6,-3
2227,2228,-6,-2
2228,2229,-6,-2
2229,2230,-6,-2
2230,2231,-6,0
2231,2232,-6,-3
2232,2233,-6,-2
2233,2234,-6,-4
2234,2235,-6,-4
2235,2236,-6,-3
2236,2237,-6,-3
2237,2238,-6,-3
2238,2239,-6,-3
2239,2240,-6,-4
2240,2241,-6,-4
2241,2242,-6,-4
2242,2243,-6,-5
2243,2244,-6,-4
2244,2245,-6,-2
2245,2246,-6,-4
2246,2247,-6,-3
2247,2248,-6,-2
2248,2249,-6,-3
2249,2250,-6,-3
2250,2251,-6,-4
2251,2252,-6,-1
2252,2253,-6,-1
2253,2254,-6,-1
2254,2255,-6,-1
2255,2256,-6,-2
2256,2257,-6,-2
2257,2258,-6,-2
2258,2259,-6,-2
2259,2260,-6,-2
2260,2261,-6,-2
2261,2262,-6,-2
2262,2263,-6,-4
2263,2264,-6,-4
2264,2265,-6,-4
2265,2266,-6,-4
2266,2267,-6,-4
2267,2268,-6,-4
2268,2269,-6,-3
2269,2270,-6,-3
2270,2271,-6,-3
2271,2272,-6,-4
2272,2273,-6,-3
2273,2274,-6,-4
2274,2275,-6,-4
2275,2276,-6,-3
2276,2277,-6,-3
2277,2278,-6,-3
2278,2279,-6,-4
2279,2280,-6,-3
2280,2281,-6,-3
2281,2282,-6,-3
2282,2283,-6,-2
2283,2284,-6,-3
2284,2285,-6,-2
2285,2286,-6,-2
2286,2287,-6,-1
2287,2288,-6,-2
2288,2289,-6,-1
2289,2290,-6,-1
2290,2291,-6,-1
2291,2292,-6,-2
2292,2293,-6,-2
2293,2294,-6,-2
2294,2295,-6,-4
2295,2296,-6,-5
2296,2297,-6,-3
2297,2298,-6,-3
2298,2299,-6,-2
2299,2300,-6,-2
2300,2301,-6,-2
2301,2302,-6,-1
2302,2303,-6,-1
2303,2304,-6,-1
2304,2305,-6,-1
2305,2306,-6,-1
2306,2307,-6,-2
2307,2308,-6,-2
2308,2309,-6,-1
2309,2310,-6,-2
2310,2311,-6,-3
2311,2312,-6,-2
2312,2313,-6,-3
2313,2314,-6,-2
2314,2315,-6,-2
2315,2316,-6,-2
2316,2317,-6,-1
2317,2318,-6,-1
2318,2319,-6,-3
2319,2320,-6,-4
2320,2321,-6,-2
2321,2322,-6,-2
2322,2323,-6,-3
2323,2324,-6,-3
2324,2325,-6,-2
2325,2326,-6,-3
2326,2327,-6,-3
2327,2328,-6,-2
2328,2329,-6,-2
2329,2330,-6,-1
2330,2331,-6,-2
2331,2332,-6,-2
2332,2333,-6,-4
2333,2334,-6,-4
2334,2335,-6,-3
2335,2336,-6,-4
2336,2337,-6,-2
2337,2338,-6,-3
2338,2339,-6,-2
2339,2340,-6,-3
2340,2341,-6,-3
2341,2342,-6,-5
2342,2343,-6,-5
2343,2344,-6,-4
2344,2345,-6,-3
2345,2346,-6,-2
2346,2347,-6,-2
2347,2348,-6,-3
2348,2349,-6,-2
2349,2350,-6,-1
2350,2351,-6,-3
2351,2352,-6,-4
2352,2353,-6,-3
2353,2354,-6,-3
2354,2355,-6,-2
2355,2356,-6,-2
2356,2357,-6,-3
2357,2358,-6,-4
2358,2359,-6,-3
2359,2360,-6,-3
2360,2361,-6,-3
2361,2362,-6,-3
2362,2363,-6,-3
2363,2364,-6,-3
2364,2365,-6,-5
2365,2366,-6,-3
2366,2367,-6,-3
2367,2368,-6,-2
2368,2369,-6,-1
2369,2370,-6,-1
2370,2371,-6,-1
2371,2372,-6,-1
2372,2373,-6,-2
2373,2374,-6,-3
2374,2375,-6,-1
2375,2376,-6,-2
2376,2377,-6,-3
2377,2378,-6,-3
2378,2379,-6,-2
2379,2380,-6,-1
2380,2381,-6,0
2381,2382,-6,-3
2382,2383,-6,-3
2383,2384,-6,-3
2384,2385,-6,-2
2385,2386,-6,-2
2386,2387,-6,-3
2387,2388,-6,-3
2388,2389,-6,-2
2389,2390,-6,0
2390,2391,-6,-3
2391,2392,-6,-2
2392,2393,-6,-3
2393,2394,-6,-2
2394,2395,-6,-2
2395,2396,-6,-4
2396,2397,-6,-2
2397,2398,-6,-3
2398,2399,-6,-2
2399,2400,-6,-3
2400,2401,-6,-2
2401,2402,-6,-2
2402,2403,-6,-1
2403,2404,-6,-2
2404,2405,-6,-1
2405,2406,-6,-3
2406,2407,-6,-3
2407,2408,-6,-3
2408,2409,-6,-2
2409,2410,-6,-2
2410,2411,-6,-1
2411,2412,-6,-2
2412,2413,-6,-2
2413,2414,-6,-2
2414,2415,-6,-1
2415,2416,-6,-1
2416,2417,-6,-2
2417,2418,-6,-3
2418,2419,-6,-2
2419,2420,-6,-3
2420,2421,-6,-5
2421,2422,-6,-4
2422,2423,-6,-3
2423,2424,-6,-3
2424,2425,-6,-3
2425,2426,-6,-2
2426,2427,-6,-4
2427,2428,-6,-4
2428,2429,-6,-3
2429,2430,-6,-3
2430,2431,-6,-2
2431,2432,-6,-4
2432,2433,-6,-2
2433,2434,-6,-3
2434,2435,-6,-3
2435,2436,-6,-3
2436,2437,-6,-3
2437,2438,-6,-3
2438,2439,-6,-3
2439,2440,-6,-3
2440,2441,-6,-1
2441,2442,-6,-2
2442,2443,-6,-2
2443,2444,-6,-4
2444,2445,-6,-4
2445,2446,-6,-3
2446,2447,-6,-4
2447,2448,-6,-3
2448,2449,-6,-2
2449,2450,-6,-4
2450,2451,-6,-3
2451,2452,-6,-4
2452,2453,-6,-4
2453,2454,-6,-3
2454,2455,-6,-2
2455,2456,-6,-2
2456,2457,-6,-2
2457,2458,-6,-2
2458,2459,-6,-3
2459,2460,-6,-2
2460,2461,-6,-3
2461,2462,-6,-1
2462,2463,-6,-4
2463,2464,-6,-3
2464,2465,-6,-2
2465,2466,-6,-2
2466,2467,-6,-2
2467,2468,-6,-3
2468,2469,-6,-2
2469,2470,-6,-1
2470,2471,-6,-2
2471,2472,-6,-2
2472,2473,-6,-3
2473,2474,-6,-3
2474,2475,-6,-2
2475,2476,-6,-2
2476,2477,-6,-2
2477,2478,-6,-3
2478,2479,-6,-3
2479,2480,-6,-2
2480,2481,-6,-2
2481,2482,-6,-3
2482,2483,-6,-3
2483,2484,-6,-3
2484,2485,-6,-4
2485,2486,-6,-5
2486,2487,-6,-2
2487,2488,-6,-3
2488,2489,-6,-3
2489,2490,-6,-2
2490,2491,-6,-2
2491,2492,-6,-2
2492,2493,-6,-1
2493,2494,-6,-1
2494,2495,-6,-3
2495,2496,-6,-3
2496,2497,-6,-2
2497,2498,-6,-2
2498,2499,-6,-3
2499,2500,-6,-2
2500,2501,-6,-3
2501,2502,-6,-3
2502,2503,-6,-3
2503,2504,-6,-2
2504,2505,-6,-2
2505,2506,-6,-2
2506,2507,-6,-1
2507,2508,-6,-1
2508,2509,-6,-1
2509,2510,-6,-2
2510,2511,-6,-3
2511,2512,-6,-2
2512,2513,-6,-2
2513,2514,-6,-2
2514,2515,-6,-1
2515,2516,-6,-2
2516,2517,-6,-2
2517,2518,-6,-3
2518,2519,-6,-2
2519,2520,-6,-2
2520,2521,-6,-3
2521,2522,-6,-1
2522,2523,-6,-2
2523,2524,-6,-2
2524,2525,-6,-3
2525,2526,-6,-3
2526,2527,-6,-2
2527,2528,-6,-2
2528,2529,-6,-1
2529,2530,-6,-1
2530,2531,-6,-1
2531,2532,-6,-2
2532,2533,-6,0
2533,2534,-6,-1
2534,2535,-6,-2
2535,2536,-6,-2
2536,2537,-6,-2
2537,2538,-6,-3
2538,2539,-6,-3
2539,2540,-6,-1
2540,2541,-6,-1
2541,2542,-6,-1
2542,2543,-6,-2
2543,2544,-6,-2
2544,2545,-6,-2
2545,2546,-6,-4
2546,2547,-6,-2
2547,2548,-6,-2
2548,2549,-6,-2
2549,2550,-6,-1
2550,2551,-6,0
2551,2552,-6,-2
2552,2553,-6,-2
2553,2554,-6,-2
2554,2555,-6,-1
2555,2556,-6,-1
2556,2557,-6,-1
2557,2558,-6,-1
2558,2559,-6,-2
2559,2560,-6,-2
2560,2561,-6,-3
2561,2562,-6,-2
2562,2563,-6,-2
2563,2564,-6,-2
2564,2565,-6,-1
2565,2566,-6,-3
2566,2567,-6,-3
2567,2568,-6,-2
2568,2569,-6,-1
2569,2570,-6,-2
2570,2571,-6,-1
2571,2572,-6,-2
2572,2573,-6,-3
2573,2574,-6,-2
2574,2575,-6,-2
2575,2576,-6,-3
2576,2577,-6,-3
2577,2578,-6,-3
2578,2579,-6,-2
2579,2580,-6,-2
2580,2581,-6,-2
2581,2582,-6,-3
2582,2583,-6,-2
2583,2584,-6,-2
2584,2585,-6,-2
2585,2586,-6,-1
2586,2587,-6,-3
2587,2588,-6,-4
2588,2589,-6,-3
2589,2590,-6,-3
2590,2591,-6,-2
2591,2592,-6,-4
2592,2593,-6,-4
2593,2594,-6,-2
2594,2595,-6,-3
2595,2596,-6,-2
2596,2597,-6,-2
2597,2598,-6,-2
2598,2599,-6,-4
2599,2600,-6,-2
2600,2601,-6,-2
2601,2602,-6,-2
2602,2603,-6,-1
2603,2604,-6,-3
2604,2605,-6,-3
2605,2606,-6,-5
2606,2607,-6,-3
2607,2608,-6,-3
2608,2609,-6,-2
2609,2610,-6,-2
2610,2611,-6,-3
2611,2612,-6,-1
2612,2613,-6,-2
2613,2614,-6,-2
2614,2615,-6,-2
2615,2616,-6,-2
2616,2617,-6,-2
2617,2618,-6,-2
2618,2619,-6,-3
2619,2620,-6,-1
2620,2621,-6,-1
2621,2622,-6,-2
2622,2623,-6,-2
2623,2624,-6,-2
2624,2625,-6,-3
2625,2626,-6,-3
2626,2627,-6,-2
2627,2628,-6,-4
2628,2629,-6,-2
2629,2630,-6,-1
2630,2631,-6,-2
2631,2632,-6,-2
2632,2633,-6,-3
2633,2634,-6,-3
2634,2635,-6,-3
2635,2636,-6,-2
2636,2637,-6,-3
2637,2638,-6,-2
2638,2639,-6,-1
2639,2640,-6,-1
2640,2641,-6,-1
2641,2642,-6,-1
2642,2643,-6,-2
2643,2644,-6,-2
2644,2645,-6,-1
2645,2646,-6,-2
2646,2647,-6,-2
2647,2648,-6,-1
2648,2649,-6,-2
2649,2650,-6,-2
2650,2651,-6,-3
2651,2652,-6,-1
2652,2653,-6,-1
2653,2654,-6,-3
2654,2655,-6,-2
2655,2656,-6,-3
2656,2657,-6,-4
2657,2658,-6,-2
2658,2659,-6,-3
2659,2660,-6,-1
2660,2661,-6,-2
2661,2662,-6,-2
2662,2663,-6,-3
2663,2664,-6,-2
2664,2665,-6,-3
2665,2666,-6,-3
2666,2667,-6,-1
2667,2668,-6,-2
2668,2669,-6,-2
2669,2670,-6,-2
2670,2671,-6,-2
2671,2672,-6,-3
2672,2673,-6,-3
2673,2674,-6,-3
2674,2675,-6,0
2675,2676,-6,-2
2676,2677,-6,0
2677,2678,-6,0
2678,2679,-6,-1
2679,2680,-6,-2
2680,2681,-6,-2
2681,2682,-6,-2
2682,2683,-6,-4
2683,2684,-6,-1
2684,2685,-6,-2
2685,2686,-6,-3
2686,2687,-6,-5
2687,2688,-6,-3
2688,2689,-6,-3
2689,2690,-6,-4
2690,2691,-6,-4
2691,2692,-6,-3
2692,2693,-6,-3
2693,2694,-6,-3
2694,2695,-6,-1
2695,2696,-6,-1
2696,2697,-6,-1
2697,2698,-6,-1
2698,2699,-6,-2
2699,2700,-6,-1
2700,2701,-6,-2
2701,2702,-6,-2
2702,2703,-6,-2
2703,2704,-6,-2
2704,2705,-6,-3
2705,2706,-6,-1
2706,2707,-6,-2
2707,2708,-6,-2
2708,2709,-6,-2
2709,2710,-6,-3
2710,2711,-6,-4
2711,2712,-6,-3
2712,2713,-6,-3
2713,2714,-6,-3
2714,2715,-6,-3
2715,2716,-6,-3
2716,2717,-6,-1
2717,2718,-6,-2
2718,2719,-6,-2
2719,2720,-6,-3
2720,2721,-6,-3
2721,2722,-6,-2
2722,2723,-6,-1
2723,2724,-6,-2
2724,2725,-6,-2
2725,2726,-6,-1
2726,2727,-6,-1
2727,2728,-6,-1
2728,2729,-6,-3
2729,2730,-6,-3
2730,2731,-6,-2
2731,2732,-6,-1
2732,2733,-6,-1
2733,2734,-6,-2
2734,2735,-6,-4
2735,2736,-6,-2
2736,2737,-6,-2
2737,2738,-6,-1
2738,2739,-6,-3
2739,2740,-6,-4
2740,2741,-6,-3
2741,2742,-6,-3
2742,2743,-6,-3
2743,2744,-6,-1
2744,2745,-6,-3
2745,2746,-6,-1
2746,2747,-6,-1
2747,2748,-6,-1
2748,2749,-6,-1
2749,2750,-6,-1
2750,2751,-6,-2
2751,2752,-6,-2
2752,2753,-6,-2
2753,2754,-6,-1
2754,2755,-6,-1
2755,2756,-6,-2
2756,2757,-6,-1
2757,2758,-6,-1
2758,2759,-6,-1
2759,2760,-6,-1
2760,2761,-6,-2
2761,2762,-6,-3
2762,2763,-6,-3
2763,2764,-6,-1
2764,2765,-6,-1
2765,2766,-6,-2
2766,2767,-6,-2
2767,2768,-6,-2
2768,2769,-6,-3
2769,2770,-6,-5
2770,2771,-6,-5
2771,2772,-6,-4
2772,2773,-6,-4
2773,2774,-6,-4
2774,2775,-6,-4
2775,2776,-6,-4
2776,2777,-6,-4
2777,2778,-6,-1
2778,2779,-6,-2
2779,2780,-6,-1
2780,2781,-6,-1
2781,2782,-6,-1
2782,2783,-6,-2
2783,2784,-6,-3
2784,2785,-6,-4
2785,2786,-6,-2
2786,2787,-6,-2
2787,2788,-6,-3
2788,2789,-6,-3
2789,2790,-6,-4
2790,2791,-6,-3
2791,2792,-6,-2
2792,2793,-6,-2
2793,2794,-6,-2
2794,2795,-6,-2
2795,2796,-6,-2
2796,2797,-6,-4
2797,2798,-6,-4
2798,2799,-6,-2
2799,2800,-6,-3
2800,2801,-6,-3
2801,2802,-6,-3
2802,2803,-6,-3
2803,2804,-6,-3
2804,2805,-6,-2
2805,2806,-6,-1
2806,2807,-6,-2
2807,2808,-6,-2
2808,2809,-6,-2
2809,2810,-6,-2
2810,2811,-6,-2
2811,2812,-6,-3
2812,2813,-6,-2
2813,2814,-6,-1
2814,2815,-6,-3
2815,2816,-6,-3
2816,2817,-6,-4
2817,2818,-6,-1
2818,2819,-6,-1
2819,2820,-6,0
2820,2821,-6,0
2821,2822,-6,-3
2822,2823,-6,-1
2823,2824,-6,-3
2824,2825,-6,-3
2825,2826,-6,-1
2826,2827,-6,-2
2827,2828,-6,-2
2828,2829,-6,-3
2829,2830,-6,-4
2830,2831,-6,-4
2831,2832,-6,-4
2832,2833,-6,-3
2833,2834,-6,-3
2834,2835,-6,-3
2835,2836,-6,-5
2836,2837,-6,-3
2837,2838,-6,-4
2838,2839,-6,-3
2839,2840,-6,-3
2840,2841,-6,-5
2841,2842,-6,-4
2842,2843,-6,-2
2843,2844,-6,-2
2844,2845,-6,-2
2845,2846,-6,-3
2846,2847,-6,-3
2847,2848,-6,-2
2848,2849,-6,-1
2849,2850,-6,-1
2850,2851,-6,-1
2851,2852,-6,-3
2852,2853,-6,-2
2853,2854,-6,-1
2854,2855,-6,-3
2855,2856,-6,-4
2856,2857,-6,-3
2857,2858,-6,-2
2858,2859,-6,-3
2859,2860,-6,-3
2860,2861,-6,-1
2861,2862,-6,-2
2862,2863,-6,-2
2863,2864,-6,-2
2864,2865,-6,-2
2865,2866,-6,-2
2866,2867,-6,-3
2867,2868,-6,-2
2868,2869,-6,-3
2869,2870,-6,-2
2870,2871,-6,-2
2871,2872,-6,-4
2872,2873,-6,-4
2873,2874,-6,-3
2874,2875,-6,-3
2875,2876,-6,-3
2876,2877,-6,-2
2877,2878,-6,-1
2878,2879,-6,-2
2879,2880,-6,-2
2880,2881,-6,-3
2881,2882,-6,-3
2882,2883,-6,-3
2883,2884,-6,-3
2884,2885,-6,-3
2885,2886,-6,-2
2886,2887,-6,-3
2887,2888,-6,-3
2888,2889,-6,-3
2889,2890,-6,-2
2890,2891,-6,-4
2891,2892,-6,-2
2892,2893,-6,-2
2893,2894,-6,-2
2894,2895,-6,-2
2895,2896,-6,-3
2896,2897,-6,-3
2897,2898,-6,-3
2898,2899,-6,-2
2899,2900,-6,-1
2900,2901,-6,-1
2901,2902,-6,-1
2902,2903,-6,-1
2903,2904,-6,-2
2904,2905,-6,-2
2905,2906,-6,-2
2906,2907,-6,-5
2907,2908,-6,-4
2908,2909,-6,-3
2909,2910,-6,-3
2910,2911,-6,-4
2911,2912,-6,-2
2912,2913,-6,-4
2913,2914,-6,-4
2914,2915,-6,-4
2915,2916,-6,-1
2916,2917,-6,-1
2917,2918,-6,-1
2918,2919,-6,-2
2919,2920,-6,-2
2920,2921,-6,-1
2921,2922,-6,-2
2922,2923,-6,-2
2923,2924,-6,-2
2924,2925,-6,-1
2925,2926,-6,-5
2926,2927,-6,-2
2927,2928,-6,-1
2928,2929,-6,-2
2929,2930,-6,-5
2930,2931,-6,-3
2931,2932,-6,-2
2932,2933,-6,-2
2933,2934,-6,-5
2934,2935,-6,-4
2935,2936,-6,-4
2936,2937,-6,-4
2937,2938,-6,-4
2938,2939,-6,-4
2939,2940,-6,-4
2940,2941,-6,-5
2941,2942,-6,-4
2942,2943,-6,-4
2943,2944,-6,-4
2944,2945,-6,-1
2945,2946,-6,-3
2946,2947,-6,-2
2947,2948,-6,-3
2948,2949,-6,-3
2949,2950,-6,-5
2950,2951,-6,-2
2951,2952,-6,-2
2952,2953,-6,-2
2953,2954,-6,-3
2954,2955,-6,-3
2955,2956,-6,-4
2956,2957,-6,-2
2957,2958,-6,-2
2958,2959,-6,-4
2959,2960,-6,-3
2960,2961,-6,-4
2961,2962,-6,-4
2962,2963,-6,-2
2963,2964,-6,-2
2964,2965,-6,-3
2965,2966,-6,-2
2966,2967,-6,-2
2967,2968,-6,-3
2968,2969,-6,-4
2969,2970,-6,-3
2970,2971,-6,-3
2971,2972,-6,-4
2972,2973,-6,-4
2973,2974,-6,-3
2974,2975,-6,-3
2975,2976,-6,-2
2976,2977,-6,-2
2977,2978,-6,-3
2978,2979,-6,-3
2979,2980,-6,-3
2980,2981,-6,-3
2981,2982,-6,-3
2982,2983,-6,-2
2983,2984,-6,-2
2984,2985,-6,-3
2985,2986,-6,-2
2986,2987,-6,-2
2987,2988,-6,-2
2988,2989,-6,-2
2989,2990,-6,-2
2990,2991,-6,-3
2991,2992,-6,-3
2992,2993,-6,-3
2993,2994,-6,-4
2994,2995,-6,-3
2995,2996,-6,-4
2996,2997,-6,-4
2997,2998,-6,-3
2998,2999,-6,-3
2999,3000,-6,-1
3000,3001,-6,-2
3001,3002,-6,-2
3002,3003,-6,-1
3003,3004,-6,-1
3004,3005,-6,-2
3005,3006,-6,-3
3006,3007,-6,-3
3007,3008,-6,-3
3008,3009,-6,-1
3009,3010,-6,-3
3010,3011,-6,-2
3011,3012,-6,-3
3012,3013,-6,-3
3013,3014,-6,-3
3014,3015,-6,-3
3015,3016,-6,-2
3016,3017,-6,-3
3017,3018,-6,-2
3018,3019,-6,-2
3019,3020,-6,-1
3020,3021,-6,-2
3021,3022,-6,-1
3022,3023,-6,-2
3023,3024,-6,-2
3024,3025,-6,-3
3025,3026,-6,-2
3026,3027,-6,-1
3027,3028,-6,-2
3028,3029,-6,-2
3029,3030,-6,-2
3030,3031,-6,-3
3031,3032,-6,-2
3032,3033,-6,-2
3033,3034,-6,-2
3034,3035,-6,-2
3035,3036,-6,-3
3036,3037,-6,-1
3037,3038,-6,-1
3038,3039,-6,-2
3039,3040,-6,-1
3040,3041,-6,-1
3041,3042,-6,-1
3042,3043,-6,-3
3043,3044,-6,-3
3044,3045,-6,-2
3045,3046,-6,-4
3046,3047,-6,-4
3047,3048,-6,-3
3048,3049,-6,-4
3049,3050,-6,-3
3050,3051,-6,-2
3051,3052,-6,-3
3052,3053,-6,-3
3053,3054,-6,-2
3054,3055,-6,-2
3055,3056,-6,-3
3056,3057,-6,-3
3057,3058,-6,-3
3058,3059,-6,-3
3059,3060,-6,-3
3060,3061,-6,-3
3061,3062,-6,-2
3062,3063,-6,-2
3063,3064,-6,-2
3064,3065,-6,-3
3065,3066,-6,-3
3066,3067,-6,-1
3067,3068,-6,-2
3068,3069,-6,-2
3069,3070,-6,-2
3070,3071,-6,-2
3071,3072,-6,-3
3072,3073,-6,-2
3073,3074,-6,-3
3074,3075,-6,-2
3075,3076,-6,-4
3076,3077,-6,-4
3077,3078,-6,-4
3078,3079,-6,-4
3079,3080,-6,-2
3080,3081,-6,-2
3081,3082,-6,-1
3082,3083,-6,-2
3083,3084,-6,-2
3084,3085,-6,-1
3085,3086,-6,-1
3086,3087,-6,-2
3087,3088,-6,-2
3088,3089,-6,-3
3089,3090,-6,-2
3090,3091,-6,-3
3091,3092,-6,-2
3092,3093,-6,-3
3093,3094,-6,-4
3094,3095,-6,-2
3095,3096,-6,-2
3096,3097,-6,-2
3097,3098,-6,-2
3098,3099,-6,-2
3099,3100,-6,-3
3100,3101,-6,-3
3101,3102,-6,-2
3102,3103,-6,-2
3103,3104,-6,-3
3104,3105,-6,-3
3105,3106,-6,-3
3106,3107,-6,-4
3107,3108,-6,-4
3108,3109,-6,-4
3109,3110,-6,-3
3110,3111,-6,-4
3111,3112,-6,-1
3112,3113,-6,-1
3113,3114,-6,-2
3114,3115,-6,-2
3115,3116,-6,-2
3116,3117,-6,-3
3117,3118,-6,-3
3118,3119,-6,-3
3119,3120,-6,-3
3120,3121,-6,0
3121,3122,-6,0
3122,3123,-6,-1
3123,3124,-6,-1
3124,3125,-6,-1
3125,3126,-6,-2
3126,3127,-6,-2
3127,3128,-6,-2
3128,3129,-6,-1
3129,3130,-6,-2
3130,3131,-6,-2
3131,3132,-6,-2
3132,3133,-6,-3
3133,3134,-6,-1
3134,3135,-6,-3
3135,3136,-6,-2
3136,3137,-6,-2
3137,3138,-6,-1
3138,3139,-6,-3
3139,3140,-6,0
3140,3141,-6,-2
3141,3142,-6,-3
3142,3143,-6,-2
3143,3144,-6,-2
3144,3145,-6,-1
3145,3146,-6,-2
3146,3147,-6,-2
3147,3148,-6,-2
3148,3149,-6,-2
3149,3150,-6,-2
3150,3151,-6,-2
3151,3152,-6,-3
3152,3153,-6,-2
3153,3154,-6,-3
3154,3155,-6,-2
3155,3156,-6,-3
3156,3157,-6,-2
3157,3158,-6,-2
3158,3159,-6,-3
3159,3160,-6,-4
3160,3161,-6,-3
3161,3162,-6,-1
3162,3163,-6,-1
3163,3164,-6,-2
3164,3165,-6,-2
3165,3166,-6,-2
3166,3167,-6,-2
3167,3168,-6,-2
3168,3169,-6,-3
3169,3170,-6,-4
3170,3171,-6,-4
3171,3172,-6,-2
3172,3173,-6,-4
3173,3174,-6,-4
3174,3175,-6,-2
3175,3176,-6,-2
3176,3177,-6,-2
3177,3178,-6,-3
3178,3179,-6,-3
3179,3180,-6,-3
3180,3181,-6,-3
3181,3182,-6,-4
3182,3183,-6,-3
3183,3184,-6,-6
3184,3185,-6,-4
3185,3186,-6,-2
3186,3187,-6,-3
3187,3188,-6,-3
3188,3189,-6,-1
3189,3190,-6,0
3190,3191,-6,0
3191,3192,-6,-2
3192,3193,-6,-2
3193,3194,-6,-1
3194,3195,-6,-3
3195,3196,-6,-3
3196,3197,-6,-3
3197,3198,-6,-1
3198,3199,-6,-2
3199,3200,-6,-2
3200,3201,-6,-3
3201,3202,-6,-2
3202,3203,-6,-4
3203,3204,-6,-4
3204,3205,-6,-4
3205,3206,-6,-3
3206,3207,-6,-2
3207,3208,-6,-3
3208,3209,-6,-4
3209,3210,-6,-3
3210,3211,-6,-4
3211,3212,-6,-4
3212,3213,-6,-4
3213,3214,-6,-3
3214,3215,-6,-3
3215,3216,-6,-3
3216,3217,-6,-5
3217,3218,-6,-3
3218,3219,-6,-1
3219,3220,-6,-2
3220,3221,-6,-2
3221,3222,-6,-3
3222,3223,-6,-2
3223,3224,-6,-2
3224,3225,-6,-3
3225,3226,-6,-3
3226,3227,-6,-4
3227,3228,-6,-2
3228,3229,-6,-3
3229,3230,-6,-3
3230,3231,-6,-2
3231,3232,-6,-2
3232,3233,-6,-2
3233,3234,-6,-2
3234,3235,-6,-2
3235,3236,-6,-3
3236,3237,-6,-2
3237,3238,-6,-1
3238,3239,-6,-3
3239,3240,-6,-3
3240,3241,-6,-3
3241,3242,-6,-2
3242,3243,-6,-1
3243,3244,-6,-1
3244,3245,-6,-2
3245,3246,-6,-1
3246,3247,-6,-3
3247,3248,-6,-3
3248,3249,-6,-3
3249,3250,-6,-2
3250,3251,-6,-2
3251,3252,-6,-3
3252,3253,-6,-3
3253,3254,-6,-3
3254,3255,-6,-3
3255,3256,-6,-2
3256,3257,-6,-2
3257,3258,-6,-3
3258,3259,-6,-3
3259,3260,-6,-3
3260,3261,-6,-2
3261,3262,-6,-3
3262,3263,-6,-2
3263,3264,-6,-3
3264,3265,-6,-4
3265,3266,-6,-4
3266,3267,-6,-2
3267,3268,-6,-3
3268,3269,-6,-5
3269,3270,-6,-4
3270,3271,-6,-3
3271,3272,-6,-3
3272,3273,-6,-3
3273,3274,-6,-3
3274,3275,-6,-3
3275,3276,-6,-2
3276,3277,-6,-3
3277,3278,-6,-3
3278,3279,-6,-3
3279,3280,-6,-2
3280,3281,-6,-4
3281,3282,-6,-1
3282,3283,-6,-2
3283,3284,-6,-2
3284,3285,-6,-3
3285,3286,-6,-3
3286,3287,-6,-2
3287,3288,-6,-2
3288,3289,-6,-2
3289,3290,-6,-2
3290,3291,-6,-2
3291,3292,-6,-4
3292,3293,-6,-5
3293,3294,-6,-4
3294,3295,-6,-2
3295,3296,-6,-3
3296,3297,-6,-2
3297,3298,-6,-3
3298,3299,-6,-3
3299,3300,-6,-4
3300,3301,-6,-4
3301,3302,-6,-4
3302,3303,-6,-3
3303,3304,-6,-3
3304,3305,-6,-3
3305,3306,-6,-3
3306,3307,-6,-3
3307,3308,-6,-3
3308,3309,-6,-2
3309,3310,-6,-2
3310,3311,-6,-5
3311,3312,-6,-3
3312,3313,-6,-4
3313,3314,-6,-3
3314,3315,-6,-2
3315,3316,-6,-3
3316,3317,-6,-2
3317,3318,-6,-3
3318,3319,-6,-4
3319,3320,-6,-3
3320,3321,-6,-2
3321,3322,-6,-2
3322,3323,-6,-2
3323,3324,-6,-3
3324,3325,-6,-2
3325,3326,-6,-1
3326,3327,-6,-3
3327,3328,-6,-2
3328,3329,-6,-2
3329,3330,-6,-3
3330,3331,-6,-2
3331,3332,-6,-2
3332,3333,-6,-2
3333,3334,-6,-2
3334,3335,-6,-2
3335,3336,-6,-3
3336,3337,-6,-3
3337,3338,-6,-4
3338,3339,-6,-4
3339,3340,-6,-2
3340,3341,-6,-2
3341,3342,-6,-2
3342,3343,-6,-2
3343,3344,-6,-3
3344,3345,-6,-2
3345,3346,-6,-2
3346,3347,-6,-3
3347,3348,-6,-3
3348,3349,-6,-3
3349,3350,-6,-4
3350,3351,-6,-3
3351,3352,-6,-2
3352,3353,-6,-2
3353,3354,-6,-2
3354,3355,-6,-2
3355,3356,-6,-2
3356,3357,-6,-2
3357,3358,-6,-2
3358,3359,-6,-5
3359,3360,-6,-1
3360,3361,-6,-3
3361,3362,-6,-3
3362,3363,-6,-2
3363,3364,-6,-3
3364,3365,-6,-3
3365,3366,-6,-3
3366,3367,-6,-3
3367,3368,-6,-3
3368,3369,-6,-3
3369,3370,-6,-3
3370,3371,-6,-2
3371,3372,-6,-2
3372,3373,-6,-2
3373,3374,-6,-2
3374,3375,-6,-2
3375,3376,-6,-3
3376,3377,-6,-2
3377,3378,-6,-1
3378,3379,-6,-2
3379,3380,-6,-2
3380,3381,-6,-2
3381,3382,-6,-3
3382,3383,-6,-3
3383,3384,-6,-2
3384,3385,-6,-3
3385,3386,-6,-3
3386,3387,-6,-3
3387,3388,-6,-3
3388,3389,-6,-2
3389,3390,-6,-2
3390,3391,-6,-3
3391,3392,-6,-3
3392,3393,-6,-2
3393,3394,-6,-2
3394,3395,-6,-2
3395,3396,-6,-2
3396,3397,-6,-2
3397,3398,-6,-1
3398,3399,-6,-2
3399,3400,-6,-2
3400,3401,-6,-2
3401,3402,-6,-3
3402,3403,-6,-3
3403,3404,-6,-3
3404,3405,-6,-4
3405,3406,-6,-3
3406,3407,-6,-2
3407,3408,-6,-2
3408,3409,-6,-2
3409,3410,-6,-3
3410,3411,-6,0
3411,3412,-6,0
3412,3413,-6,-2
3413,3414,-6,-2
3414,3415,-6,-2
3415,3416,-6,-2
3416,3417,-6,-2
3417,3418,-6,-1
3418,3419,-6,-2
3419,3420,-6,-3
3420,3421,-6,-3
3421,3422,-6,-2
3422,3423,-6,-2
3423,3424,-6,-3
3424,3425,-6,-2
3425,3426,-6,-2
3426,3427,-6,-3
3427,3428,-6,-2
3428,3429,-6,-3
3429,3430,-6,-3
3430,3431,-6,-3
3431,3432,-6,-3
3432,3433,-6,-3
3433,3434,-6,-4
3434,3435,-6,-3
3435,3436,-6,-2
3436,3437,-6,-3
3437,3438,-6,-3
3438,3439,-6,-3
3439,3440,-6,-4
3440,3441,-6,-3
3441,3442,-6,-2
3442,3443,-6,-3
3443,3444,-6,-3
3444,3445,-6,-2
3445,3446,-6,-2
3446,3447,-6,-3
3447,3448,-6,-2
3448,3449,-6,-3
3449,3450,-6,-3
3450,3451,-6,-2
3451,3452,-6,-2
3452,3453,-6,-2
3453,3454,-6,-1
3454,3455,-6,-3
3455,3456,-6,-1
3456,3457,-6,-1
3457,3458,-6,-1
3458,3459,-6,-2
3459,3460,-6,-3
3460,3461,-6,-1
3461,3462,-6,-1
3462,3463,-6,-3
3463,3464,-6,-2
3464,3465,-6,-3
3465,3466,-6,-3
3466,3467,-6,-3
3467,3468,-6,-2
3468,3469,-6,-4
3469,3470,-6,-2
3470,3471,-6,-3
3471,3472,-6,-3
3472,3473,-6,-3
3473,3474,-6,-1
3474,3475,-6,-1
3475,3476,-6,-1
3476,3477,-6,-1
3477,3478,-6,-4
3478,3479,-6,-4
3479,3480,-6,-2
3480,3481,-6,-3
3481,3482,-6,-1
3482,3483,-6,-1
3483,3484,-6,-2
3484,3485,-6,-2
3485,3486,-6,-2
3486,3487,-6,-2
3487,3488,-6,-2
3488,3489,-6,-3
3489,3490,-6,-3
3490,3491,-6,-3
3491,3492,-6,-3
3492,3493,-6,-3
3493,3494,-6,-2
3494,3495,-6,-2
3495,3496,-6,-2
3496,3497,-6,-2
3497,3498,-6,-3
3498,3499,-6,-3
3499,3500,-6,-3
3500,3501,-6,-1
3501,3502,-6,-1
3502,3503,-6,-2
3503,3504,-6,-2
3504,3505,-6,-3
3505,3506,-6,-2
3506,3507,-6,-4
3507,3508,-6,-2
3508,3509,-6,-4
3509,3510,-6,-3
3510,3511,-6,-2
3511,3512,-6,-2
3512,3513,-6,-2
3513,3514,-6,-2
3514,3515,-6,-3
3515,3516,-6,-3
3516,3517,-6,-2
3517,3518,-6,-2
3518,3519,-6,-1
3519,3520,-6,-1
3520,3521,-6,-2
3521,3522,-6,-2
3522,3523,-6,-2
3523,3524,-6,-2
3524,3525,-6,-1
3525,3526,-6,-3
3526,3527,-6,-3
3527,3528,-6,-3
3528,3529,-6,-2
3529,3530,-6,-2
3530,3531,-6,-3
3531,3532,-6,-3
3532,3533,-6,-1
3533,3534,-6,-3
3534,3535,-6,-4
3535,3536,-6,-3
3536,3537,-6,-3
3537,3538,-6,-2
3538,3539,-6,-3
3539,3540,-6,-3
3540,3541,-6,-2
3541,3542,-6,-2
3542,3543,-6,-2
3543,3544,-6,-3
3544,3545,-6,-4
3545,3546,-6,-2
3546,3547,-6,-3
3547,3548,-6,-2
3548,3549,-6,-3
3549,3550,-6,-3
3550,3551,-6,-3
3551,3552,-6,-3
3552,3553,-6,-4
3553,3554,-6,-4
3554,3555,-6,-3
3555,3556,-6,-4
3556,3557,-6,-2
3557,3558,-6,-3
3558,3559,-6,-2
3559,3560,-6,-2
3560,3561,-6,-1
3561,3562,-6,-1
3562,3563,-6,-2
3563,3564,-6,-4
3564,3565,-6,-4
3565,3566,-6,-3
3566,3567,-6,-3
3567,3568,-6,-3
3568,3569,-6,-3
3569,3570,-6,-4
3570,3571,-6,-2
3571,3572,-6,-3
3572,3573,-6,-3
3573,3574,-6,-4
3574,3575,-6,-2
3575,3576,-6,-3
3576,3577,-6,-2
3577,3578,-6,-2
3578,3579,-6,-1
3579,3580,-6,-3
3580,3581,-6,-1
3581,3582,-6,-3
3582,3583,-6,-3
3583,3584,-6,-1
3584,3585,-6,-3
3585,3586,-6,-2
3586,3587,-6,-2
3587,3588,-6,-2
3588,3589,-6,-2
3589,3590,-6,-2
3590,3591,-6,-2
3591,3592,-6,-3
3592,3593,-6,-3
3593,3594,-6,-1
3594,3595,-6,-1
3595,3596,-6,-2
3596,3597,-6,-2
3597,3598,-6,-2
3598,3599,-6,-3
3599,3600,-6,-2
3600,3601,-6,-2
3601,3602,-6,-2
3602,3603,-6,-2
3603,3604,-6,-3
3604,3605,-6,-3
3605,3606,-6,-4
3606,3607,-6,-4
3607,3608,-6,-2
3608,3609,-6,-2
3609,3610,-6,-2
3610,3611,-6,-2
3611,3612,-6,-3
3612,3613,-6,-3
3613,3614,-6,-4
3614,3615,-6,-1
3615,3616,-6,-1
3616,3617,-6,-4
3617,3618,-6,-1
3618,3619,-6,0
3619,3620,-6,-5
3620,3621,-6,-4
3621,3622,-6,-4
3622,3623,-6,-3
3623,3624,-6,-3
3624,3625,-6,-3
3625,3626,-6,-4
3626,3627,-6,-1
3627,3628,-6,-1
3628,3629,-6,-1
3629,3630,-6,-1
3630,3631,-6,-2
3631,3632,-6,-2
3632,3633,-6,-2
3633,3634,-6,-4
3634,3635,-6,-4
3635,3636,-6,-4
3636,3637,-6,-4
3637,3638,-6,-4
3638,3639,-6,-4
3639,3640,-6,-3
3640,3641,-6,-3
3641,3642,-6,-4
3642,3643,-6,-4
3643,3644,-6,-2
3644,3645,-6,-2
3645,3646,-6,-3
3646,3647,-6,-2
3647,3648,-6,-2
3648,3649,-6,-2
3649,3650,-6,-3
3650,3651,-6,-4
3651,3652,-6,-4
3652,3653,-6,-1
3653,3654,-6,-2
3654,3655,-6,-2
3655,3656,-6,-3
3656,3657,-6,-2
3657,3658,-6,-2
3658,3659,-6,-2
3659,3660,-6,-2
3660,3661,-6,-2
3661,3662,-6,-2
3662,3663,-6,-2
3663,3664,-6,-3
3664,3665,-6,-3
3665,3666,-6,-3
3666,3667,-6,-3
3667,3668,-6,0
3668,3669,-6,-3
3669,3670,-6,-2
3670,3671,-6,-1
3671,3672,-6,-1
3672,3673,-6,-1
3673,3674,-6,-1
3674,3675,-6,-1
3675,3676,-6,-1
3676,3677,-6,-1
3677,3678,-6,-3
3678,3679,-6,-1
3679,3680,-6,-2
3680,3681,-6,-2
3681,3682,-6,-2
3682,3683,-6,-2
3683,3684,-6,-2
3684,3685,-6,-2
3685,3686,-6,-2
3686,3687,-6,-2
3687,3688,-6,-4
3688,3689,-6,-4
3689,3690,-6,-4
3690,3691,-6,-3
3691,3692,-6,-3
3692,3693,-6,-1
3693,3694,-6,-2
3694,3695,-6,-3
3695,3696,-6,-2
3696,3697,-6,-2
3697,3698,-6,-2
3698,3699,-6,-3
3699,3700,-6,-2
3700,3701,-6,-3
3701,3702,-6,-3
3702,3703,-6,-2
3703,3704,-6,-3
3704,3705,-6,-2
3705,3706,-6,-2
3706,3707,-6,-3
3707,3708,-6,-2
3708,3709,-6,-2
3709,3710,-6,-2
3710,3711,-6,-1
3711,3712,-6,-2
3712,3713,-6,-2
3713,3714,-6,-3
3714,3715,-6,-5
3715,3716,-6,-4
3716,3717,-6,-3
3717,3718,-6,-3
3718,3719,-6,-1
3719,3720,-6,-2
3720,3721,-6,-2
3721,3722,-6,-1
3722,3723,-6,-1
3723,3724,-6,-3
3724,3725,-6,-4
3725,3726,-6,-4
3726,3727,-6,-4
3727,3728,-6,-2
3728,3729,-6,-3
3729,3730,-6,-1
3730,3731,-6,-2
3731,3732,-6,-2
3732,3733,-6,-2
3733,3734,-6,-3
3734,3735,-6,-3
3735,3736,-6,-2
3736,3737,-6,-2
3737,3738,-6,-1
3738,3739,-6,-4
3739,3740,-6,-2
3740,3741,-6,-2
3741,3742,-6,-3
3742,3743,-6,-2
3743,3744,-6,-5
3744,3745,-6,-5
3745,3746,-6,-4
3746,3747,-6,-4
3747,3748,-6,-4
3748,3749,-6,-3
3749,3750,-6,-3
3750,3751,-6,-3
3751,3752,-6,-1
3752,3753,-6,-2
3753,3754,-6,-1
3754,3755,-6,-1
3755,3756,-6,-1
3756,3757,-6,-1
3757,3758,-6,-3
3758,3759,-6,-1
3759,3760,-6,-2
3760,3761,-6,-1
3761,3762,-6,-1
3762,3763,-6,-3
3763,3764,-6,-2
3764,3765,-6,-2
3765,3766,-6,-2
3766,3767,-6,-3
3767,3768,-6,-2
3768,3769,-6,-3
3769,3770,-6,-3
3770,3771,-6,-2
3771,3772,-6,-3
3772,3773,-6,-4
3773,3774,-6,-3
3774,3775,-6,-3
3775,3776,-6,-3
3776,3777,-6,-4
3777,3778,-6,-4
3778,3779,-6,-4
3779,3780,-6,-2
3780,3781,-6,-2
3781,3782,-6,-1
3782,3783,-6,-2
3783,3784,-6,-4
3784,3785,-6,-4
3785,3786,-6,-3
3786,3787,-6,-3
3787,3788,-6,-1
3788,3789,-6,-3
3789,3790,-6,-3
3790,3791,-6,-3
3791,3792,-6,-4
3792,3793,-6,-4
3793,3794,-6,-3
3794,3795,-6,-4
3795,3796,-6,-3
3796,3797,-6,-4
3797,3798,-6,-2
3798,3799,-6,-2
3799,3800,-6,-3
3800,3801,-6,-2
3801,3802,-6,-2
3802,3803,-6,-3
3803,3804,-6,-3
3804,3805,-6,-2
3805,3806,-6,-3
3806,3807,-6,-2
3807,3808,-6,-3
3808,3809,-6,-1
3809,3810,-6,-2
3810,3811,-6,-1
3811,3812,-6,-2
3812,3813,-6,-2
3813,3814,-6,-2
3814,3815,-6,-2
3815,3816,-6,-4
3816,3817,-6,-4
3817,3818,-6,-4
3818,3819,-6,-2
3819,3820,-6,-2
3820,3821,-6,-1
3821,3822,-6,-2
3822,3823,-6,-1
3823,3824,-6,-2
3824,3825,-6,-2
3825,3826,-6,-2
3826,3827,-6,-2
3827,3828,-6,-3
3828,3829,-6,-2
3829,3830,-6,-2
3830,3831,-6,-2
3831,3832,-6,-2
3832,3833,-6,-2
3833,3834,-6,-2
3834,3835,-6,-3
3835,3836,-6,-1
3836,3837,-6,-1
3837,3838,-6,-1
3838,3839,-6,-1
3839,3840,-6,-2
3840,3841,-6,-2
3841,3842,-6,-3
3842,3843,-6,-3
3843,3844,-6,-3
3844,3845,-6,-3
3845,3846,-6,-3
3846,3847,-6,-5
3847,3848,-6,-4
3848,3849,-6,-3
3849,3850,-6,-4
3850,3851,-6,-3
3851,3852,-6,-2
3852,3853,-6,-2
3853,3854,-6,-2
3854,3855,-6,-2
3855,3856,-6,-3
3856,3857,-6,-3
3857,3858,-6,-2
3858,3859,-6,-2
3859,3860,-6,-2
3860,3861,-6,-2
3861,3862,-6,-1
3862,3863,-6,-2
3863,3864,-6,-2
3864,3865,-6,-3
3865,3866,-6,-2
3866,3867,-6,-4
3867,3868,-6,-3
3868,3869,-6,-2
3869,3870,-6,-2
3870,3871,-6,-2
3871,3872,-6,-2
3872,3873,-6,-2
3873,3874,-6,-3
3874,3875,-6,-3
3875,3876,-6,-2
3876,3877,-6,-4
3877,3878,-6,-2
3878,3879,-6,-2
3879,3880,-6,-3
3880,3881,-6,-3
3881,3882,-6,-3
3882,3883,-6,-3
3883,3884,-6,-4
3884,3885,-6,-3
3885,3886,-6,-2
3886,3887,-6,-2
3887,3888,-6,-2
3888,3889,-6,-2
3889,3890,-6,-1
3890,3891,-6,0
3891,3892,-6,-2
3892,3893,-6,-1
3893,3894,-6,-3
3894,3895,-6,-3
3895,3896,-6,-4
3896,3897,-6,-3
3897,3898,-6,-3
3898,3899,-6,-2
3899,3900,-6,-3
3900,3901,-6,-3
3901,3902,-6,-3
3902,3903,-6,-3
3903,3904,-6,-4
3904,3905,-6,-4
3905,3906,-6,-5
3906,3907,-6,-5
3907,3908,-6,-4
3908,3909,-6,-4
3909,3910,-6,-5
3910,3911,-6,-5
3911,3912,-6,-3
3912,3913,-6,-5
3913,3914,-6,-4
3914,3915,-6,-4
3915,3916,-6,-4
3916,3917,-6,-4
3917,3918,-6,-3
3918,3919,-6,-2
3919,3920,-6,-2
3920,3921,-6,-2
3921,3922,-6,-2
3922,3923,-6,-2
3923,3924,-6,-2
3924,3925,-6,-3
3925,3926,-6,-2
3926,3927,-6,-2
3927,3928,-6,-2
3928,3929,-6,-2
3929,3930,-6,-2
3930,3931,-6,-2
3931,3932,-6,-3
3932,3933,-6,-3
3933,3934,-6,-3
3934,3935,-6,-2
3935,3936,-6,-2
3936,3937,-6,-3
3937,3938,-6,-2
3938,3939,-6,-2
3939,3940,-6,-3
3940,3941,-6,-3
3941,3942,-6,-4
3942,3943,-6,-4
3943,3944,-6,-2
3944,3945,-6,-4
3945,3946,-6,-4
3946,3947,-6,-4
3947,3948,-6,-4
3948,3949,-6,-2
3949,3950,-6,-1
3950,3951,-6,-3
3951,3952,-6,-3
3952,3953,-6,-2
3953,3954,-6,-1
3954,3955,-6,-3
3955,3956,-6,-4
3956,3957,-6,-3
3957,3958,-6,-3
3958,3959,-6,-4
3959,3960,-6,-5
3960,3961,-6,-4
3961,3962,-6,-3
3962,3963,-6,-3
3963,3964,-6,-4
3964,3965,-6,-3
3965,3966,-6,-3
3966,3967,-6,-2
3967,3968,-6,-4
3968,3969,-6,-3
3969,3970,-6,-4
3970,3971,-6,-4
3971,3972,-6,-3
3972,3973,-6,-2
3973,3974,-6,-1
3974,3975,-6,-2
3975,3976,-6,-2
3976,3977,-6,-2
3977,3978,-6,-3
3978,3979,-6,-3
3979,3980,-6,-3
3980,3981,-6,-1
3981,3982,-6,-1
3982,3983,-6,0
3983,3984,-6,-3
3984,3985,-6,-2
3985,3986,-6,-2
3986,3987,-6,-2
3987,3988,-6,-3
3988,3989,-6,-1
3989,3990,-6,-2
3990,3991,-6,-3
3991,3992,-6,-3
3992,3993,-6,-4
3993,3994,-6,-4
3994,3995,-6,-4
3995,3996,-6,-1
3996,3997,-6,-1
3997,3998,-6,-2
3998,3999,-6,-2
3999,4000,-6,-2
4000,4001,-6,-3
4001,4002,-6,-3
4002,4003,-6,-2
4003,4004,-6,-2
4004,4005,-6,-2
4005,4006,-6,-2
4006,4007,-6,-3
4007,4008,-6,-2
4008,4009,-6,-1
4009,4010,-6,-1
4010,4011,-6,-1
4011,4012,-6,-2
4012,4013,-6,-3
4013,4014,-6,-3
4014,4015,-6,-2
4015,4016,-6,-2
4016,4017,-6,-1
4017,4018,-6,-1
4018,4019,-6,-1
4019,4020,-6,-2
4020,4021,-6,-2
4021,4022,-6,-2
4022,4023,-6,-2
4023,4024,-6,-2
4024,4025,-6,-2
4025,4026,-6,-2
4026,4027,-6,-2
4027,4028,-6,-1
4028,4029,-6,-2
4029,4030,-6,-4
4030,4031,-6,-4
4031,4032,-6,-4
4032,4033,-6,-3
4033,4034,-6,-3
4034,4035,-6,-2
4035,4036,-6,-2
4036,4037,-6,-2
4037,4038,-6,-3
4038,4039,-6,-2
4039,4040,-6,-1
4040,4041,-6,-3
4041,4042,-6,-2
4042,4043,-6,-4
4043,4044,-6,-4
4044,4045,-6,-4
4045,4046,-6,-3
4046,4047,-6,-2
4047,4048,-6,-3
4048,4049,-6,-3
4049,4050,-6,-3
4050,4051,-6,-3
4051,4052,-6,-4
4052,4053,-6,-3
4053,4054,-6,-3
4054,4055,-6,-3
4055,4056,-6,-3
4056,4057,-6,-2
4057,4058,-6,-4
4058,4059,-6,-2
4059,4060,-6,-4
4060,4061,-6,-4
4061,4062,-6,-4
4062,4063,-6,-3
4063,4064,-6,-3
4064,4065,-6,-2
4065,4066,-6,-1
4066,4067,-6,-1
4067,4068,-6,-1
4068,4069,-6,-2
4069,4070,-6,-2
4070,4071,-6,-4
4071,4072,-6,-4
4072,4073,-6,-3
4073,4074,-6,-4
4074,4075,-6,-4
4075,4076,-6,-3
4076,4077,-6,-4
4077,4078,-6,-4
4078,4079,-6,-4
4079,4080,-6,-4
4080,4081,-6,-2
4081,4082,-6,-3
4082,4083,-6,-2
4083,4084,-6,-2
4084,4085,-6,-4
4085,4086,-6,-4
4086,4087,-6,-4
4087,4088,-6,-3
4088,4089,-6,-2
4089,4090,-6,-3
4090,4091,-6,-1
4091,4092,-6,-2
4092,4093,-6,-3
4093,4094,-6,-3
4094,4095,-6,-3
4095,4096,-6,-3
4096,4097,-6,-3
4097,4098,-6,-3
4098,4099,-6,-3
4099,4100,-6,-1
4100,4101,-6,-3
4101,4102,-6,-3
4102,4103,-6,-2
4103,4104,-6,-3
4104,4105,-6,-2
4105,4106,-6,-2
4106,4107,-6,-4
4107,4108,-6,-2
4108,4109,-6,-3
4109,4110,-6,-3
4110,4111,-6,-4
4111,4112,-6,-5
4112,4113,-6,-5
4113,4114,-6,-5
4114,4115,-6,-5
4115,4116,-6,-5
4116,4117,-6,-5
4117,4118,-6,-3
4118,4119,-6,-1
4119,4120,-6,-2
4120,4121,-6,-2
4121,4122,-6,-4
4122,4123,-6,-4
4123,4124,-6,-4
4124,4125,-6,-3
4125,4126,-6,-3
4126,4127,-6,-3
4127,4128,-6,-4
4128,4129,-6,-3
4129,4130,-6,-2
4130,4131,-6,-1
4131,4132,-6,-1
4132,4133,-6,-1
4133,4134,-6,-1
4134,4135,-6,-1
4135,4136,-6,-1
4136,4137,-6,-2
4137,4138,-6,-4
4138,4139,-6,-2
4139,4140,-6,-2
4140,4141,-6,-2
4141,4142,-6,-3
4142,4143,-6,-2
4143,4144,-6,-3
4144,4145,-6,-4
4145,4146,-6,-3
4146,4147,-6,-3
4147,4148,-6,-2
4148,4149,-6,-3
4149,4150,-6,-3
4150,4151,-6,-3
4151,4152,-6,-2
4152,4153,-6,-2
4153,4154,-6,-2
4154,4155,-6,-4
4155,4156,-6,-2
4156,4157,-6,-2
4157,4158,-6,-1
4158,4159,-6,-2
4159,4160,-6,-2
4160,4161,-6,-3
4161,4162,-6,-3
4162,4163,-6,-3
4163,4164,-6,-4
4164,4165,-6,-2
4165,4166,-6,-1
4166,4167,-6,-1
4167,4168,-6,-1
4168,4169,-6,-2
4169,4170,-6,-2
4170,4171,-6,-3
4171,4172,-6,-2
4172,4173,-6,-1
4173,4174,-6,-3
4174,4175,-6,-3
4175,4176,-6,-3
4176,4177,-6,-1
4177,4178,-6,-5
4178,4179,-6,-3
4179,4180,-6,-3
4180,4181,-6,-2
4181,4182,-6,-2
4182,4183,-6,-2
4183,4184,-6,-2
4184,4185,-6,-1
4185,4186,-6,-1
4186,4187,-6,-2
4187,4188,-6,-2
4188,4189,-6,-3
4189,4190,-6,-2
4190,4191,-6,-3
4191,4192,-6,-2
4192,4193,-6,-1
4193,4194,-6,-2
4194,4195,-6,-4
4195,4196,-6,-5
4196,4197,-6,-5
4197,4198,-6,-4
4198,4199,-6,-2
4199,4200,-6,-3
4200,4201,-6,-4
4201,4202,-6,-4
4202,4203,-6,-4
4203,4204,-6,-4
4204,4205,-6,-3
4205,4206,-6,-1
4206,4207,-6,-1
4207,4208,-6,-2
4208,4209,-6,-2
4209,4210,-6,-4
4210,4211,-6,-2
4211,4212,-6,-2
4212,4213,-6,-2
4213,4214,-6,-1
4214,4215,-6,-1
4215,4216,-6,-1
4216,4217,-6,-1
4217,4218,-6,-2
4218,4219,-6,-2
4219,4220,-6,-2
4220,4221,-6,-2
4221,4222,-6,-1
4222,4223,-6,-1
4223,4224,-6,-1
4224,4225,-6,-3
4225,4226,-6,-3
4226,4227,-6,-3
4227,4228,-6,-2
4228,4229,-6,-3
4229,4230,-6,-2
4230,4231,-6,-1
4231,4232,-6,0
4232,4233,-6,-3
4233,4234,-6,-1
4234,4235,-6,-2
4235,4236,-6,-2
4236,4237,-6,-2
4237,4238,-6,-2
4238,4239,-6,-3
4239,4240,-6,-3
4240,4241,-6,-2
4241,4242,-6,-2
4242,4243,-6,-2
4243,4244,-6,-1
4244,4245,-6,-2
4245,4246,-6,-2
4246,4247,-6,-1
4247,4248,-6,-2
4248,4249,-6,-3
4249,4250,-6,-3
4250,4251,-6,-1
4251,4252,-6,-2
4252,4253,-6,-3
4253,4254,-6,-3
4254,4255,-6,-4
4255,4256,-6,-4
4256,4257,-6,-1
4257,4258,-6,-2
4258,4259,-6,-4
4259,4260,-6,-4
4260,4261,-6,-3
4261,4262,-6,-2
4262,4263,-6,-2
4263,4264,-6,-2
4264,4265,-6,-3
4265,4266,-6,-3
4266,4267,-6,-3
4267,4268,-6,-4
4268,4269,-6,-3
4269,4270,-6,-1
4270,4271,-6,-3
4271,4272,-6,-3
4272,4273,-6,-2
4273,4274,-6,-3
4274,4275,-6,-3
4275,4276,-6,-2
4276,4277,-6,-2
4277,4278,-6,-1
4278,4279,-6,-2
4279,4280,-6,-3
4280,4281,-6,-3
4281,4282,-6,-3
4282,4283,-6,-2
4283,4284,-6,-2
4284,4285,-6,-2
4285,4286,-6,-3
4286,4287,-6,-3
4287,4288,-6,-2
4288,4289,-6,-3
4289,4290,-6,-3
4290,4291,-6,-3
4291,4292,-6,-2
4292,4293,-6,-2
4293,4294,-6,-3
4294,4295,-6,-3
4295,4296,-6,-1
4296,4297,-6,-1
4297,4298,-6,-3
4298,4299,-6,-2
4299,4300,-6,-2
4300,4301,-6,-1
4301,4302,-6,-2
4302,4303,-6,-3
4303,4304,-6,-3
4304,4305,-6,-3
4305,4306,-6,-4
4306,4307,-6,-2
4307,4308,-6,-2
4308,4309,-6,0
4309,4310,-6,0
4310,4311,-6,0
4311,4312,-6,0
4312,4313,-6,-3
4313,4314,-6,-2
4314,4315,-6,-2
4315,4316,-6,-2
4316,4317,-6,-2
4317,4318,-6,-3
4318,4319,-6,-4
4319,4320,-6,-3
4320,4321,-6,-3
4321,4322,-6,-2
4322,4323,-6,-2
4323,4324,-6,-3
4324,4325,-6,-2
4325,4326,-6,-2
4326,4327,-6,-2
4327,4328,-6,-3
4328,4329,-6,-2
4329,4330,-6,-1
4330,4331,-6,-2
4331,4332,-6,-2
4332,4333,-6,-1
4333,4334,-6,-4
4334,4335,-6,-4
4335,4336,-6,-2
4336,4337,-6,-3
4337,4338,-6,-3
4338,4339,-6,-3
4339,4340,-6,-3
4340,4341,-6,-3
4341,4342,-6,-2
4342,4343,-6,-2
4343,4344,-6,-2
4344,4345,-6,-2
4345,4346,-6,-3
4346,4347,-6,-3
4347,4348,-6,-3
4348,4349,-6,-3
4349,4350,-6,-3
4350,4351,-6,-3
4351,4352,-6,-3
4352,4353,-6,-3
4353,4354,-6,-2
4354,4355,-6,-2
4355,4356,-6,-2
4356,4357,-6,-3
4357,4358,-6,-3
4358,4359,-6,-3
4359,4360,-6,-3
4360,4361,-6,-1
4361,4362,-6,-3
4362,4363,-6,-2
4363,4364,-6,-2
4364,4365,-6,-2
4365,4366,-6,-2
4366,4367,-6,-3
4367,4368,-6,-1
4368,4369,-6,-2
4369,4370,-6,-2
4370,4371,-6,-2
4371,4372,-6,-3
4372,4373,-6,-1
4373,4374,-6,-1
4374,4375,-6,-1
4375,4376,-6,-3
4376,4377,-6,-4
4377,4378,-6,-2
4378,4379,-6,-2
4379,4380,-6,-1
4380,4381,-6,-3
4381,4382,-6,-2
4382,4383,-6,-2
4383,4384,-6,-2
4384,4385,-6,-2
4385,4386,-6,-2
4386,4387,-6,-2
4387,4388,-6,-2
4388,4389,-6,-2
4389,4390,-6,-3
4390,4391,-6,-2
4391,4392,-6,-2
4392,4393,-6,-2
4393,4394,-6,-1
4394,4395,-6,-2
4395,4396,-6,-2
4396,4397,-6,-3
4397,4398,-6,-2
4398,4399,-6,-2
4399,4400,-6,-3
4400,4401,-6,-4
4401,4402,-6,-2
4402,4403,-6,-3
4403,4404,-6,-3
4404,4405,-6,-3
4405,4406,-6,-3
4406,4407,-6,-4
4407,4408,-6,-2
4408,4409,-6,-2
4409,4410,-6,-2
4410,4411,-6,-2
4411,4412,-6,-3
4412,4413,-6,-3
4413,4414,-6,-4
4414,4415,-6,-3
4415,4416,-6,-3
4416,4417,-6,-3
4417,4418,-6,-3
4418,4419,-6,-3
4419,4420,-6,-1
4420,4421,-6,-2
4421,4422,-6,-3
4422,4423,-6,-5
4423,4424,-6,-3
4424,4425,-6,-3
4425,4426,-6,-2
4426,4427,-6,-2
4427,4428,-6,-2
4428,4429,-6,-3
4429,4430,-6,-2
4430,4431,-6,-2
4431,4432,-6,-2
4432,4433,-6,-2
4433,4434,-6,-2
4434,4435,-6,-2
4435,4436,-6,-3
4436,4437,-6,-3
4437,4438,-6,-2
4438,4439,-6,-4
4439,4440,-6,-2
4440,4441,-6,-3
4441,4442,-6,-4
4442,4443,-6,-4
4443,4444,-6,-4
4444,4445,-6,-4
4445,4446,-6,-4
4446,4447,-6,-3
4447,4448,-6,-3
4448,4449,-6,-3
4449,4450,-6,-3
4450,4451,-6,-2
4451,4452,-6,-2
4452,4453,-6,-3
4453,4454,-6,-1
4454,4455,-6,-2
4455,4456,-6,-2
4456,4457,-6,-3
4457,4458,-6,-2
4458,4459,-6,-3
4459,4460,-6,-3
4460,4461,-6,-2
4461,4462,-6,-2
4462,4463,-6,-2
4463,4464,-6,-2
4464,4465,-6,-2
4465,4466,-6,-2
4466,4467,-6,-2
4467,4468,-6,-2
4468,4469,-6,-3
4469,4470,-6,-3
4470,4471,-6,0
4471,4472,-6,-2
4472,4473,-6,-2
4473,4474,-6,-2
4474,4475,-6,0
4475,4476,-6,-2
4476,4477,-6,-2
4477,4478,-6,-3
4478,4479,-6,-3
4479,4480,-6,-1
4480,4481,-6,-1
4481,4482,-6,-1
4482,4483,-6,-1
4483,4484,-6,-2
4484,4485,-6,-2
4485,4486,-6,-1
4486,4487,-6,-3
4487,4488,-6,-4
4488,4489,-6,-4
4489,4490,-6,-4
4490,4491,-6,-4
4491,4492,-6,-6
4492,4493,-6,-6
4493,4494,-6,-6
4494,4495,-6,-3
4495,4496,-6,-3
4496,4497,-6,-3
4497,4498,-6,-4
4498,4499,-6,-4
4499,4500,-6,-4
4500,4501,-6,-4
4501,4502,-6,-4
4502,4503,-6,-1
4503,4504,-6,-2
4504,4505,-6,-2
4505,4506,-6,-3
4506,4507,-6,-2
4507,4508,-6,-2
4508,4509,-6,-2
4509,4510,-6,-1
4510,4511,-6,-3
4511,4512,-6,-4
4512,4513,-6,-4
4513,4514,-6,-4
4514,4515,-6,-3
4515,4516,-6,-3
4516,4517,-6,-4
4517,4518,-6,-3
4518,4519,-6,-3
4519,4520,-6,-4
4520,4521,-6,-2
4521,4522,-6,-2
4522,4523,-6,-3
4523,4524,-6,-3
4524,4525,-6,-3
4525,4526,-6,-3
4526,4527,-6,-2
4527,4528,-6,-3
4528,4529,-6,-2
4529,4530,-6,-3
4530,4531,-6,-5
4531,4532,-6,-5
4532,4533,-6,-5
4533,4534,-6,-4
4534,4535,-6,-2
4535,4536,-6,-2
4536,4537,-6,-2
4537,4538,-6,-3
4538,4539,-6,-2
4539,4540,-6,-4
4540,4541,-6,-2
4541,4542,-6,-3
4542,4543,-6,-2
4543,4544,-6,-2
4544,4545,-6,-2
4545,4546,-6,-2
4546,4547,-6,-3
4547,4548,-6,-4
4548,4549,-6,-3
4549,4550,-6,-4
4550,4551,-6,-4
4551,4552,-6,-3
4552,4553,-6,-4
4553,4554,-6,-1
4554,4555,-6,-1
4555,4556,-6,-2
4556,4557,-6,-2
4557,4558,-6,-2
4558,4559,-6,-2
4559,4560,-6,-2
4560,4561,-6,-2
4561,4562,-6,-3
4562,4563,-6,-3
4563,4564,-6,-2
4564,4565,-6,-2
4565,4566,-6,-1
4566,4567,-6,-1
4567,4568,-6,-1
4568,4569,-6,-1
4569,4570,-6,-4
4570,4571,-6,-4
4571,4572,-6,-3
4572,4573,-6,-5
4573,4574,-6,-3
4574,4575,-6,-3
4575,4576,-6,-4
4576,4577,-6,-2
4577,4578,-6,-2
4578,4579,-6,-1
4579,4580,-6,-1
4580,4581,-6,-1
4581,4582,-6,-1
4582,4583,-6,0
4583,4584,-6,-3
4584,4585,-6,-3
4585,4586,-6,-2
4586,4587,-6,-1
4587,4588,-6,-1
4588,4589,-6,-2
4589,4590,-6,-2
4590,4591,-6,-3
4591,4592,-6,-1
4592,4593,-6,-1
4593,4594,-6,-2
4594,4595,-6,-2
4595,4596,-6,-2
4596,4597,-6,-3
4597,4598,-6,-3
4598,4599,-6,-3
4599,4600,-6,-3
4600,4601,-6,-2
4601,4602,-6,-2
4602,4603,-6,-2
4603,4604,-6,-2
4604,4605,-6,-3
4605,4606,-6,-2
4606,4607,-6,-2
4607,4608,-6,-2
4608,4609,-6,-3
4609,4610,-6,-3
4610,4611,-6,-3
4611,4612,-6,-3
4612,4613,-6,-2
4613,4614,-6,-2
4614,4615,-6,-2
4615,4616,-6,-2
4616,4617,-6,-3
4617,4618,-6,-3
4618,4619,-6,-4
4619,4620,-6,-3
4620,4621,-6,-1
4621,4622,-6,-1
4622,4623,-6,-2
4623,4624,-6,-2
4624,4625,-6,-3
4625,4626,-6,-2
4626,4627,-6,-3
4627,4628,-6,-4
4628,4629,-6,-3
4629,4630,-6,-2
4630,4631,-6,-2
4631,4632,-6,-3
4632,4633,-6,-3
4633,4634,-6,-3
4634,4635,-6,-3
4635,4636,-6,-3
4636,4637,-6,-3
4637,4638,-6,-3
4638,4639,-6,-3
4639,4640,-6,-2
4640,4641,-6,-4
4641,4642,-6,-5
4642,4643,-6,-2
4643,4644,-6,-2
4644,4645,-6,-2
4645,4646,-6,-3
4646,4647,-6,-2
4647,4648,-6,-2
4648,4649,-6,-3
4649,4650,-6,-2
4650,4651,-6,-3
4651,4652,-6,-3
4652,4653,-6,-3
4653,4654,-6,-3
4654,4655,-6,-2
4655,4656,-6,-1
4656,4657,-6,-2
4657,4658,-6,-2
4658,4659,-6,-2
4659,4660,-6,-2
4660,4661,-6,-1
4661,4662,-6,-2
4662,4663,-6,-3
4663,4664,-6,-2
4664,4665,-6,-3
4665,4666,-6,-3
4666,4667,-6,-4
4667,4668,-6,-4
4668,4669,-6,-2
4669,4670,-6,-3
4670,4671,-6,-3
4671,4672,-6,-1
4672,4673,-6,-2
4673,4674,-6,-3
4674,4675,-6,-2
4675,4676,-6,-2
4676,4677,-6,-1
4677,4678,-6,-2
4678,4679,-6,-1
4679,4680,-6,-1
4680,4681,-6,-1
4681,4682,-6,-1
4682,4683,-6,-2
4683,4684,-6,-2
4684,4685,-6,-4
4685,4686,-6,-4
4686,4687,-6,-3
4687,4688,-6,-3
4688,4689,-6,-3
4689,4690,-6,-3
4690,4691,-6,-4
4691,4692,-6,-4
4692,4693,-6,-1
4693,4694,-6,-1
4694,4695,-6,-1
4695,4696,-6,-3
4696,4697,-6,-3
4697,4698,-6,-2
4698,4699,-6,-2
4699,4700,-6,-3
4700,4701,-6,-2
4701,4702,-6,-3
4702,4703,-6,-2
4703,4704,-6,-3
4704,4705,-6,-3
4705,4706,-6,-3
4706,4707,-6,-4
4707,4708,-6,-3
4708,4709,-6,-2
4709,4710,-6,-5
4710,4711,-6,-4
4711,4712,-6,-5
4712,4713,-6,-4
4713,4714,-6,-4
4714,4715,-6,-3
4715,4716,-6,-2
4716,4717,-6,-2
4717,4718,-6,-2
4718,4719,-6,-2
4719,4720,-6,-3
4720,4721,-6,-3
4721,4722,-6,-2
4722,4723,-6,-2
4723,4724,-6,-2
4724,4725,-6,0
4725,4726,-6,-1
4726,4727,-6,-1
4727,4728,-6,-1
4728,4729,-6,-1
4729,4730,-6,-2
4730,4731,-6,-2
4731,4732,-6,-3
4732,4733,-6,-3
4733,4734,-6,-2
4734,4735,-6,-4
4735,4736,-6,-2
4736,4737,-6,-2
4737,4738,-6,-2
4738,4739,-6,-2
4739,4740,-6,-3
4740,4741,-6,-2
4741,4742,-6,-2
4742,4743,-6,-2
4743,4744,-6,-1
4744,4745,-6,-5
4745,4746,-6,-3
4746,4747,-6,-2
4747,4748,-6,-4
4748,4749,-6,-3
4749,4750,-6,-4
4750,4751,-6,-2
4751,4752,-6,-3
4752,4753,-6,-2
4753,4754,-6,-2
4754,4755,-6,-3
4755,4756,-6,-2
4756,4757,-6,-2
4757,4758,-6,-2
4758,4759,-6,-2
4759,4760,-6,-2
4760,4761,-6,-2
4761,4762,-6,-2
4762,4763,-6,-2
4763,4764,-6,-2
4764,4765,-6,-3
4765,4766,-6,-3
4766,4767,-6,-2
4767,4768,-6,-2
4768,4769,-6,-1
4769,4770,-6,-3
4770,4771,-6,-1
4771,4772,-6,-1
4772,4773,-6,-3
4773,4774,-6,-3
4774,4775,-6,-3
4775,4776,-6,-3
4776,4777,-6,-3
4777,4778,-6,-3
4778,4779,-6,-2
4779,4780,-6,-3
4780,4781,-6,-3
4781,4782,-6,-3
4782,4783,-6,-4
4783,4784,-6,-3
4784,4785,-6,-3
4785,4786,-6,-3
4786,4787,-6,-4
4787,4788,-6,-2
4788,4789,-6,-2
4789,4790,-6,-2
4790,4791,-6,-2
4791,4792,-6,-3
4792,4793,-6,-3
4793,4794,-6,-3
4794,4795,-6,-1
4795,4796,-6,-2
4796,4797,-6,-2
4797,4798,-6,-1
4798,4799,-6,-2
4799,4800,-6,-3
4800,4801,-6,-2
4801,4802,-6,-3
4802,4803,-6,-1
4803,4804,-6,-2
4804,4805,-6,-2
4805,4806,-6,-2
4806,4807,-6,-3
4807,4808,-6,-3
4808,4809,-6,-4
4809,4810,-6,-4
4810,4811,-6,-3
4811,4812,-6,-3
4812,4813,-6,-3
4813,4814,-6,-2
4814,4815,-6,-2
4815,4816,-6,-2
4816,4817,-6,-1
4817,4818,-6,-3
4818,4819,-6,-3
4819,4820,-6,-2
4820,4821,-6,-3
4821,4822,-6,-2
4822,4823,-6,-2
4823,4824,-6,-3
4824,4825,-6,-4
4825,4826,-6,-3
4826,4827,-6,-3
4827,4828,-6,-2
4828,4829,-6,-4
4829,4830,-6,-4
4830,4831,-6,-2
4831,4832,-6,-3
4832,4833,-6,-2
4833,4834,-6,-2
4834,4835,-6,-4
4835,4836,-6,-2
4836,4837,-6,-4
4837,4838,-6,-4
4838,4839,-6,-3
4839,4840,-6,-3
4840,4841,-6,-2
4841,4842,-6,-2
4842,4843,-6,-2
4843,4844,-6,-2
4844,4845,-6,-2
4845,4846,-6,-4
4846,4847,-6,-4
4847,4848,-6,-3
4848,4849,-6,-5
4849,4850,-6,-3
4850,4851,-6,-2
4851,4852,-6,-2
4852,4853,-6,-2
4853,4854,-6,-4
4854,4855,-6,-3
4855,4856,-6,-3
4856,4857,-6,-3
4857,4858,-6,-4
4858,4859,-6,-2
4859,4860,-6,-4
4860,4861,-6,-2
4861,4862,-6,-2
4862,4863,-6,-2
4863,4864,-6,-1
4864,4865,-6,-2
4865,4866,-6,-2
4866,4867,-6,-3
4867,4868,-6,-3
4868,4869,-6,-1
4869,4870,-6,-4
4870,4871,-6,-4
4871,4872,-6,-2
4872,4873,-6,-3
4873,4874,-6,-2
4874,4875,-6,-1
4875,4876,-6,-2
4876,4877,-6,-2
4877,4878,-6,-3
4878,4879,-6,-2
4879,4880,-6,-2
4880,4881,-6,-1
4881,4882,-6,-3
4882,4883,-6,-2
4883,4884,-6,-2
4884,4885,-6,-2
4885,4886,-6,-4
4886,4887,-6,-2
4887,4888,-6,-3
4888,4889,-6,-3
4889,4890,-6,-3
4890,4891,-6,-4
4891,4892,-6,-4
4892,4893,-6,-3
4893,4894,-6,-3
4894,4895,-6,-2
4895,4896,-6,-2
4896,4897,-6,-2
4897,4898,-6,-2
4898,4899,-6,-2
4899,4900,-6,-3
4900,4901,-6,-3
4901,4902,-6,-3
4902,4903,-6,-2
4903,4904,-6,-1
4904,4905,-6,-2
4905,4906,-6,-3
4906,4907,-6,-3
4907,4908,-6,-3
4908,4909,-6,-2
4909,4910,-6,-1
4910,4911,-6,-2
4911,4912,-6,-2
4912,4913,-6,-2
4913,4914,-6,-2
4914,4915,-6,-1
4915,4916,-6,-1
4916,4917,-6,-1
4917,4918,-6,-1
4918,4919,-6,-1
4919,4920,-6,-3
4920,4921,-6,-1
4921,4922,-6,-1
4922,4923,-6,-1
4923,4924,-6,-2
4924,4925,-6,-3
4925,4926,-6,-2
4926,4927,-6,-2
4927,4928,-6,-2
4928,4929,-6,-4
4929,4930,-6,-4
4930,4931,-6,-4
4931,4932,-6,-5
4932,4933,-6,-4
4933,4934,-6,-4
4934,4935,-6,-4
4935,4936,-6,-4
4936,4937,-6,-3
4937,4938,-6,-4
4938,4939,-6,-4
4939,4940,-6,-2
4940,4941,-6,-2
4941,4942,-6,-3
4942,4943,-6,-3
4943,4944,-6,-4
4944,4945,-6,-3
4945,4946,-6,-4
4946,4947,-6,-4
4947,4948,-6,-4
4948,4949,-6,-4
4949,4950,-6,-2
4950,4951,-6,-2
4951,4952,-6,-1
4952,4953,-6,-1
4953,4954,-6,-2
4954,4955,-6,-2
4955,4956,-6,-2
4956,4957,-6,-2
4957,4958,-6,-3
4958,4959,-6,-3
4959,4960,-6,-1
4960,4961,-6,-1
4961,4962,-6,-1
4962,4963,-6,-2
4963,4964,-6,-2
4964,4965,-6,-2
4965,4966,-6,-3
4966,4967,-6,-3
4967,4968,-6,-2
4968,4969,-6,-2
4969,4970,-6,-3
4970,4971,-6,-1
4971,4972,-6,-3
4972,4973,-6,-3
4973,4974,-6,-2
4974,4975,-6,-2
4975,4976,-6,-4
4976,4977,-6,-4
4977,4978,-6,-4
4978,4979,-6,-4
4979,4980,-6,-2
4980,4981,-6,-3
4981,4982,-6,-1
4982,4983,-6,-1
4983,4984,-6,-1
4984,4985,-6,-1
4985,4986,-6,-1
4986,4987,-6,-1
4987,4988,-6,-4
4988,4989,-6,-3
4989,4990,-6,-3
4990,4991,-6,-2
4991,4992,-6,-1
4992,4993,-6,-2
4993,4994,-6,-2
4994,4995,-6,-3
4995,4996,-6,-1
4996,4997,-6,-1
4997,4998,-6,-1
4998,4999,-6,0
4999,5000,-6,-1
5000,5001,-6,-1
5001,5002,-6,-3
